epi_week,date,district,sector,confirmed_cases,tested,test_positivity_rate,rainfall_mm,temp_avg_c,itn_usage_pct,chw_reporting_pct
2023-W01,2023-01-02,Kirehe,Nyamugari,32,64,0.5,12.9,21.1,72,96
2023-W01,2023-01-02,Kirehe,Mpanga,19,40,0.475,12.9,21.1,72,96
2023-W01,2023-01-02,Kirehe,Gahara,23,49,0.469,12.9,21.1,72,96
2023-W01,2023-01-02,Kirehe,Mahama,38,74,0.514,12.9,21.1,72,96
2023-W01,2023-01-02,Kirehe,Nasho,31,63,0.492,12.9,21.1,72,96
2023-W01,2023-01-02,Kirehe,Kigarama,24,48,0.5,12.9,21.1,72,96
2023-W01,2023-01-02,Kirehe,Gatore,21,47,0.447,12.9,21.1,72,96
2023-W01,2023-01-02,Kirehe,Kirehe,25,55,0.455,12.9,21.1,72,96
2023-W01,2023-01-02,Kirehe,Musaza,26,57,0.456,12.9,21.1,72,96
2023-W01,2023-01-02,Kirehe,Kigina,24,52,0.462,12.9,21.1,72,96
2023-W01,2023-01-02,Kirehe,Mushikiri,20,42,0.476,12.9,21.1,72,96
2023-W01,2023-01-02,Kirehe,Nyarubuye,32,67,0.478,12.9,21.1,72,96
2023-W02,2023-01-09,Kirehe,Nyamugari,31,80,0.388,15.7,21.1,72,99
2023-W02,2023-01-09,Kirehe,Mpanga,20,55,0.364,15.7,21.1,72,99
2023-W02,2023-01-09,Kirehe,Gahara,23,59,0.39,15.7,21.1,72,99
2023-W02,2023-01-09,Kirehe,Mahama,36,97,0.371,15.7,21.1,72,99
2023-W02,2023-01-09,Kirehe,Nasho,29,71,0.408,15.7,21.1,72,99
2023-W02,2023-01-09,Kirehe,Kigarama,19,56,0.339,15.7,21.1,72,99
2023-W02,2023-01-09,Kirehe,Gatore,23,57,0.404,15.7,21.1,72,99
2023-W02,2023-01-09,Kirehe,Kirehe,24,64,0.375,15.7,21.1,72,99
2023-W02,2023-01-09,Kirehe,Musaza,28,73,0.384,15.7,21.1,72,99
2023-W02,2023-01-09,Kirehe,Kigina,20,48,0.417,15.7,21.1,72,99
2023-W02,2023-01-09,Kirehe,Mushikiri,22,63,0.349,15.7,21.1,72,99
2023-W02,2023-01-09,Kirehe,Nyarubuye,29,73,0.397,15.7,21.1,72,99
2023-W03,2023-01-16,Kirehe,Nyamugari,24,62,0.387,13.2,21.9,72,96
2023-W03,2023-01-16,Kirehe,Mpanga,19,51,0.373,13.2,21.9,72,96
2023-W03,2023-01-16,Kirehe,Gahara,19,53,0.358,13.2,21.9,72,96
2023-W03,2023-01-16,Kirehe,Mahama,25,78,0.321,13.2,21.9,72,96
2023-W03,2023-01-16,Kirehe,Nasho,27,70,0.386,13.2,21.9,72,96
2023-W03,2023-01-16,Kirehe,Kigarama,19,57,0.333,13.2,21.9,72,96
2023-W03,2023-01-16,Kirehe,Gatore,20,62,0.323,13.2,21.9,72,96
2023-W03,2023-01-16,Kirehe,Kirehe,20,54,0.37,13.2,21.9,72,96
2023-W03,2023-01-16,Kirehe,Musaza,22,65,0.338,13.2,21.9,72,96
2023-W03,2023-01-16,Kirehe,Kigina,15,44,0.341,13.2,21.9,72,96
2023-W03,2023-01-16,Kirehe,Mushikiri,19,52,0.365,13.2,21.9,72,96
2023-W03,2023-01-16,Kirehe,Nyarubuye,28,81,0.346,13.2,21.9,72,96
2023-W04,2023-01-23,Kirehe,Nyamugari,21,73,0.288,16.2,21.5,72,95
2023-W04,2023-01-23,Kirehe,Mpanga,14,47,0.298,16.2,21.5,72,95
2023-W04,2023-01-23,Kirehe,Gahara,18,57,0.316,16.2,21.5,72,95
2023-W04,2023-01-23,Kirehe,Mahama,24,78,0.308,16.2,21.5,72,95
2023-W04,2023-01-23,Kirehe,Nasho,26,83,0.313,16.2,21.5,72,95
2023-W04,2023-01-23,Kirehe,Kigarama,14,45,0.311,16.2,21.5,72,95
2023-W04,2023-01-23,Kirehe,Gatore,17,67,0.254,16.2,21.5,72,95
2023-W04,2023-01-23,Kirehe,Kirehe,20,73,0.274,16.2,21.5,72,95
2023-W04,2023-01-23,Kirehe,Musaza,17,62,0.274,16.2,21.5,72,95
2023-W04,2023-01-23,Kirehe,Kigina,16,52,0.308,16.2,21.5,72,95
2023-W04,2023-01-23,Kirehe,Mushikiri,14,48,0.292,16.2,21.5,72,95
2023-W04,2023-01-23,Kirehe,Nyarubuye,18,72,0.25,16.2,21.5,72,95
2023-W05,2023-01-30,Kirehe,Nyamugari,19,90,0.211,16.5,21.6,72,96
2023-W05,2023-01-30,Kirehe,Mpanga,13,56,0.232,16.5,21.6,72,96
2023-W05,2023-01-30,Kirehe,Gahara,13,52,0.25,16.5,21.6,72,96
2023-W05,2023-01-30,Kirehe,Mahama,20,71,0.282,16.5,21.6,72,96
2023-W05,2023-01-30,Kirehe,Nasho,20,85,0.235,16.5,21.6,72,96
2023-W05,2023-01-30,Kirehe,Kigarama,15,61,0.246,16.5,21.6,72,96
2023-W05,2023-01-30,Kirehe,Gatore,14,62,0.226,16.5,21.6,72,96
2023-W05,2023-01-30,Kirehe,Kirehe,15,54,0.278,16.5,21.6,72,96
2023-W05,2023-01-30,Kirehe,Musaza,15,54,0.278,16.5,21.6,72,96
2023-W05,2023-01-30,Kirehe,Kigina,11,42,0.262,16.5,21.6,72,96
2023-W05,2023-01-30,Kirehe,Mushikiri,15,55,0.273,16.5,21.6,72,96
2023-W05,2023-01-30,Kirehe,Nyarubuye,20,79,0.253,16.5,21.6,72,96
2023-W06,2023-02-06,Kirehe,Nyamugari,13,57,0.228,24.3,21.5,72,98
2023-W06,2023-02-06,Kirehe,Mpanga,8,33,0.242,24.3,21.5,72,98
2023-W06,2023-02-06,Kirehe,Gahara,12,58,0.207,24.3,21.5,72,98
2023-W06,2023-02-06,Kirehe,Mahama,13,58,0.224,24.3,21.5,72,98
2023-W06,2023-02-06,Kirehe,Nasho,18,88,0.205,24.3,21.5,72,98
2023-W06,2023-02-06,Kirehe,Kigarama,12,65,0.185,24.3,21.5,72,98
2023-W06,2023-02-06,Kirehe,Gatore,10,54,0.185,24.3,21.5,72,98
2023-W06,2023-02-06,Kirehe,Kirehe,13,73,0.178,24.3,21.5,72,98
2023-W06,2023-02-06,Kirehe,Musaza,12,62,0.194,24.3,21.5,72,98
2023-W06,2023-02-06,Kirehe,Kigina,9,40,0.225,24.3,21.5,72,98
2023-W06,2023-02-06,Kirehe,Mushikiri,11,65,0.169,24.3,21.5,72,98
2023-W06,2023-02-06,Kirehe,Nyarubuye,16,79,0.203,24.3,21.5,72,98
2023-W07,2023-02-13,Kirehe,Nyamugari,13,60,0.217,24.7,22.5,72,98
2023-W07,2023-02-13,Kirehe,Mpanga,8,44,0.182,24.7,22.5,72,98
2023-W07,2023-02-13,Kirehe,Gahara,11,63,0.175,24.7,22.5,72,98
2023-W07,2023-02-13,Kirehe,Mahama,16,93,0.172,24.7,22.5,72,98
2023-W07,2023-02-13,Kirehe,Nasho,13,55,0.236,24.7,22.5,72,98
2023-W07,2023-02-13,Kirehe,Kigarama,12,63,0.19,24.7,22.5,72,98
2023-W07,2023-02-13,Kirehe,Gatore,10,58,0.172,24.7,22.5,72,98
2023-W07,2023-02-13,Kirehe,Kirehe,12,49,0.245,24.7,22.5,72,98
2023-W07,2023-02-13,Kirehe,Musaza,12,60,0.2,24.7,22.5,72,98
2023-W07,2023-02-13,Kirehe,Kigina,10,50,0.2,24.7,22.5,72,98
2023-W07,2023-02-13,Kirehe,Mushikiri,9,43,0.209,24.7,22.5,72,98
2023-W07,2023-02-13,Kirehe,Nyarubuye,17,71,0.239,24.7,22.5,72,98
2023-W08,2023-02-20,Kirehe,Nyamugari,13,92,0.141,44.6,22.0,72,95
2023-W08,2023-02-20,Kirehe,Mpanga,8,42,0.19,44.6,22.0,72,95
2023-W08,2023-02-20,Kirehe,Gahara,10,69,0.145,44.6,22.0,72,95
2023-W08,2023-02-20,Kirehe,Mahama,15,89,0.169,44.6,22.0,72,95
2023-W08,2023-02-20,Kirehe,Nasho,18,122,0.148,44.6,22.0,72,95
2023-W08,2023-02-20,Kirehe,Kigarama,11,58,0.19,44.6,22.0,72,95
2023-W08,2023-02-20,Kirehe,Gatore,11,58,0.19,44.6,22.0,72,95
2023-W08,2023-02-20,Kirehe,Kirehe,8,47,0.17,44.6,22.0,72,95
2023-W08,2023-02-20,Kirehe,Musaza,11,70,0.157,44.6,22.0,72,95
2023-W08,2023-02-20,Kirehe,Kigina,9,60,0.15,44.6,22.0,72,95
2023-W08,2023-02-20,Kirehe,Mushikiri,10,62,0.161,44.6,22.0,72,95
2023-W08,2023-02-20,Kirehe,Nyarubuye,13,82,0.159,44.6,22.0,72,95
2023-W09,2023-02-27,Kirehe,Nyamugari,16,70,0.229,36.8,22.9,72,98
2023-W09,2023-02-27,Kirehe,Mpanga,10,47,0.213,36.8,22.9,72,98
2023-W09,2023-02-27,Kirehe,Gahara,10,47,0.213,36.8,22.9,72,98
2023-W09,2023-02-27,Kirehe,Mahama,17,83,0.205,36.8,22.9,72,98
2023-W09,2023-02-27,Kirehe,Nasho,17,112,0.152,36.8,22.9,72,98
2023-W09,2023-02-27,Kirehe,Kigarama,14,62,0.226,36.8,22.9,72,98
2023-W09,2023-02-27,Kirehe,Gatore,12,55,0.218,36.8,22.9,72,98
2023-W09,2023-02-27,Kirehe,Kirehe,13,67,0.194,36.8,22.9,72,98
2023-W09,2023-02-27,Kirehe,Musaza,12,66,0.182,36.8,22.9,72,98
2023-W09,2023-02-27,Kirehe,Kigina,9,51,0.176,36.8,22.9,72,98
2023-W09,2023-02-27,Kirehe,Mushikiri,12,56,0.214,36.8,22.9,72,98
2023-W09,2023-02-27,Kirehe,Nyarubuye,15,76,0.197,36.8,22.9,72,98
2023-W10,2023-03-06,Kirehe,Nyamugari,11,58,0.19,52.9,22.4,72,96
2023-W10,2023-03-06,Kirehe,Mpanga,7,40,0.175,52.9,22.4,72,96
2023-W10,2023-03-06,Kirehe,Gahara,10,62,0.161,52.9,22.4,72,96
2023-W10,2023-03-06,Kirehe,Mahama,16,83,0.193,52.9,22.4,72,96
2023-W10,2023-03-06,Kirehe,Nasho,13,91,0.143,52.9,22.4,72,96
2023-W10,2023-03-06,Kirehe,Kigarama,9,51,0.176,52.9,22.4,72,96
2023-W10,2023-03-06,Kirehe,Gatore,8,51,0.157,52.9,22.4,72,96
2023-W10,2023-03-06,Kirehe,Kirehe,11,59,0.186,52.9,22.4,72,96
2023-W10,2023-03-06,Kirehe,Musaza,11,75,0.147,52.9,22.4,72,96
2023-W10,2023-03-06,Kirehe,Kigina,10,57,0.175,52.9,22.4,72,96
2023-W10,2023-03-06,Kirehe,Mushikiri,9,49,0.184,52.9,22.4,72,96
2023-W10,2023-03-06,Kirehe,Nyarubuye,11,66,0.167,52.9,22.4,72,96
2023-W11,2023-03-13,Kirehe,Nyamugari,14,104,0.135,70.8,23.3,72,96
2023-W11,2023-03-13,Kirehe,Mpanga,8,68,0.118,70.8,23.3,72,96
2023-W11,2023-03-13,Kirehe,Gahara,11,63,0.175,70.8,23.3,72,96
2023-W11,2023-03-13,Kirehe,Mahama,14,76,0.184,70.8,23.3,72,96
2023-W11,2023-03-13,Kirehe,Nasho,15,131,0.115,70.8,23.3,72,96
2023-W11,2023-03-13,Kirehe,Kigarama,12,64,0.188,70.8,23.3,72,96
2023-W11,2023-03-13,Kirehe,Gatore,11,97,0.113,70.8,23.3,72,96
2023-W11,2023-03-13,Kirehe,Kirehe,10,69,0.145,70.8,23.3,72,96
2023-W11,2023-03-13,Kirehe,Musaza,14,95,0.147,70.8,23.3,72,96
2023-W11,2023-03-13,Kirehe,Kigina,9,68,0.132,70.8,23.3,72,96
2023-W11,2023-03-13,Kirehe,Mushikiri,10,66,0.152,70.8,23.3,72,96
2023-W11,2023-03-13,Kirehe,Nyarubuye,13,70,0.186,70.8,23.3,72,96
2023-W12,2023-03-20,Kirehe,Nyamugari,12,71,0.169,69.5,22.8,72,99
2023-W12,2023-03-20,Kirehe,Mpanga,7,67,0.104,69.5,22.8,72,99
2023-W12,2023-03-20,Kirehe,Gahara,11,67,0.164,69.5,22.8,72,99
2023-W12,2023-03-20,Kirehe,Mahama,11,70,0.157,69.5,22.8,72,99
2023-W12,2023-03-20,Kirehe,Nasho,12,101,0.119,69.5,22.8,72,99
2023-W12,2023-03-20,Kirehe,Kigarama,10,79,0.127,69.5,22.8,72,99
2023-W12,2023-03-20,Kirehe,Gatore,9,58,0.155,69.5,22.8,72,99
2023-W12,2023-03-20,Kirehe,Kirehe,10,95,0.105,69.5,22.8,72,99
2023-W12,2023-03-20,Kirehe,Musaza,11,89,0.124,69.5,22.8,72,99
2023-W12,2023-03-20,Kirehe,Kigina,9,70,0.129,69.5,22.8,72,99
2023-W12,2023-03-20,Kirehe,Mushikiri,8,60,0.133,69.5,22.8,72,99
2023-W12,2023-03-20,Kirehe,Nyarubuye,10,93,0.108,69.5,22.8,72,99
2023-W13,2023-03-27,Kirehe,Nyamugari,12,75,0.16,61.0,23.6,72,99
2023-W13,2023-03-27,Kirehe,Mpanga,8,42,0.19,61.0,23.6,72,99
2023-W13,2023-03-27,Kirehe,Gahara,9,44,0.205,61.0,23.6,72,99
2023-W13,2023-03-27,Kirehe,Mahama,15,90,0.167,61.0,23.6,72,99
2023-W13,2023-03-27,Kirehe,Nasho,13,67,0.194,61.0,23.6,72,99
2023-W13,2023-03-27,Kirehe,Kigarama,9,47,0.191,61.0,23.6,72,99
2023-W13,2023-03-27,Kirehe,Gatore,7,49,0.143,61.0,23.6,72,99
2023-W13,2023-03-27,Kirehe,Kirehe,10,62,0.161,61.0,23.6,72,99
2023-W13,2023-03-27,Kirehe,Musaza,10,47,0.213,61.0,23.6,72,99
2023-W13,2023-03-27,Kirehe,Kigina,8,40,0.2,61.0,23.6,72,99
2023-W13,2023-03-27,Kirehe,Mushikiri,8,46,0.174,61.0,23.6,72,99
2023-W13,2023-03-27,Kirehe,Nyarubuye,11,68,0.162,61.0,23.6,72,99
2023-W14,2023-04-03,Kirehe,Nyamugari,18,103,0.175,82.8,23.2,72,98
2023-W14,2023-04-03,Kirehe,Mpanga,10,70,0.143,82.8,23.2,72,98
2023-W14,2023-04-03,Kirehe,Gahara,14,91,0.154,82.8,23.2,72,98
2023-W14,2023-04-03,Kirehe,Mahama,21,95,0.221,82.8,23.2,72,98
2023-W14,2023-04-03,Kirehe,Nasho,16,83,0.193,82.8,23.2,72,98
2023-W14,2023-04-03,Kirehe,Kigarama,13,59,0.22,82.8,23.2,72,98
2023-W14,2023-04-03,Kirehe,Gatore,10,54,0.185,82.8,23.2,72,98
2023-W14,2023-04-03,Kirehe,Kirehe,12,55,0.218,82.8,23.2,72,98
2023-W14,2023-04-03,Kirehe,Musaza,15,89,0.169,82.8,23.2,72,98
2023-W14,2023-04-03,Kirehe,Kigina,11,63,0.175,82.8,23.2,72,98
2023-W14,2023-04-03,Kirehe,Mushikiri,11,70,0.157,82.8,23.2,72,98
2023-W14,2023-04-03,Kirehe,Nyarubuye,16,74,0.216,82.8,23.2,72,98
2023-W15,2023-04-10,Kirehe,Nyamugari,14,60,0.233,83.9,23.3,72,97
2023-W15,2023-04-10,Kirehe,Mpanga,12,58,0.207,83.9,23.3,72,97
2023-W15,2023-04-10,Kirehe,Gahara,14,65,0.215,83.9,23.3,72,97
2023-W15,2023-04-10,Kirehe,Mahama,17,77,0.221,83.9,23.3,72,97
2023-W15,2023-04-10,Kirehe,Nasho,21,103,0.204,83.9,23.3,72,97
2023-W15,2023-04-10,Kirehe,Kigarama,11,47,0.234,83.9,23.3,72,97
2023-W15,2023-04-10,Kirehe,Gatore,12,56,0.214,83.9,23.3,72,97
2023-W15,2023-04-10,Kirehe,Kirehe,14,71,0.197,83.9,23.3,72,97
2023-W15,2023-04-10,Kirehe,Musaza,14,60,0.233,83.9,23.3,72,97
2023-W15,2023-04-10,Kirehe,Kigina,12,63,0.19,83.9,23.3,72,97
2023-W15,2023-04-10,Kirehe,Mushikiri,12,51,0.235,83.9,23.3,72,97
2023-W15,2023-04-10,Kirehe,Nyarubuye,18,85,0.212,83.9,23.3,72,97
2023-W16,2023-04-17,Kirehe,Nyamugari,16,82,0.195,72.4,23.3,72,97
2023-W16,2023-04-17,Kirehe,Mpanga,10,43,0.233,72.4,23.3,72,97
2023-W16,2023-04-17,Kirehe,Gahara,12,57,0.211,72.4,23.3,72,97
2023-W16,2023-04-17,Kirehe,Mahama,18,86,0.209,72.4,23.3,72,97
2023-W16,2023-04-17,Kirehe,Nasho,19,93,0.204,72.4,23.3,72,97
2023-W16,2023-04-17,Kirehe,Kigarama,10,53,0.189,72.4,23.3,72,97
2023-W16,2023-04-17,Kirehe,Gatore,12,47,0.255,72.4,23.3,72,97
2023-W16,2023-04-17,Kirehe,Kirehe,15,58,0.259,72.4,23.3,72,97
2023-W16,2023-04-17,Kirehe,Musaza,14,65,0.215,72.4,23.3,72,97
2023-W16,2023-04-17,Kirehe,Kigina,12,62,0.194,72.4,23.3,72,97
2023-W16,2023-04-17,Kirehe,Mushikiri,10,45,0.222,72.4,23.3,72,97
2023-W16,2023-04-17,Kirehe,Nyarubuye,18,75,0.24,72.4,23.3,72,97
2023-W17,2023-04-24,Kirehe,Nyamugari,19,62,0.306,71.9,23.3,72,95
2023-W17,2023-04-24,Kirehe,Mpanga,11,37,0.297,71.9,23.3,72,95
2023-W17,2023-04-24,Kirehe,Gahara,16,53,0.302,71.9,23.3,72,95
2023-W17,2023-04-24,Kirehe,Mahama,24,78,0.308,71.9,23.3,72,95
2023-W17,2023-04-24,Kirehe,Nasho,21,65,0.323,71.9,23.3,72,95
2023-W17,2023-04-24,Kirehe,Kigarama,16,48,0.333,71.9,23.3,72,95
2023-W17,2023-04-24,Kirehe,Gatore,14,54,0.259,71.9,23.3,72,95
2023-W17,2023-04-24,Kirehe,Kirehe,13,48,0.271,71.9,23.3,72,95
2023-W17,2023-04-24,Kirehe,Musaza,17,52,0.327,71.9,23.3,72,95
2023-W17,2023-04-24,Kirehe,Kigina,13,50,0.26,71.9,23.3,72,95
2023-W17,2023-04-24,Kirehe,Mushikiri,14,49,0.286,71.9,23.3,72,95
2023-W17,2023-04-24,Kirehe,Nyarubuye,23,77,0.299,71.9,23.3,72,95
2023-W18,2023-05-01,Kirehe,Nyamugari,26,85,0.306,58.9,23.1,72,96
2023-W18,2023-05-01,Kirehe,Mpanga,16,56,0.286,58.9,23.1,72,96
2023-W18,2023-05-01,Kirehe,Gahara,16,61,0.262,58.9,23.1,72,96
2023-W18,2023-05-01,Kirehe,Mahama,27,96,0.281,58.9,23.1,72,96
2023-W18,2023-05-01,Kirehe,Nasho,27,88,0.307,58.9,23.1,72,96
2023-W18,2023-05-01,Kirehe,Kigarama,17,64,0.266,58.9,23.1,72,96
2023-W18,2023-05-01,Kirehe,Gatore,15,54,0.278,58.9,23.1,72,96
2023-W18,2023-05-01,Kirehe,Kirehe,16,49,0.327,58.9,23.1,72,96
2023-W18,2023-05-01,Kirehe,Musaza,23,81,0.284,58.9,23.1,72,96
2023-W18,2023-05-01,Kirehe,Kigina,16,50,0.32,58.9,23.1,72,96
2023-W18,2023-05-01,Kirehe,Mushikiri,15,47,0.319,58.9,23.1,72,96
2023-W18,2023-05-01,Kirehe,Nyarubuye,19,64,0.297,58.9,23.1,72,96
2023-W19,2023-05-08,Kirehe,Nyamugari,21,52,0.404,54.7,23.6,72,97
2023-W19,2023-05-08,Kirehe,Mpanga,15,38,0.395,54.7,23.6,72,97
2023-W19,2023-05-08,Kirehe,Gahara,16,40,0.4,54.7,23.6,72,97
2023-W19,2023-05-08,Kirehe,Mahama,19,54,0.352,54.7,23.6,72,97
2023-W19,2023-05-08,Kirehe,Nasho,24,60,0.4,54.7,23.6,72,97
2023-W19,2023-05-08,Kirehe,Kigarama,18,46,0.391,54.7,23.6,72,97
2023-W19,2023-05-08,Kirehe,Gatore,16,44,0.364,54.7,23.6,72,97
2023-W19,2023-05-08,Kirehe,Kirehe,16,42,0.381,54.7,23.6,72,97
2023-W19,2023-05-08,Kirehe,Musaza,15,42,0.357,54.7,23.6,72,97
2023-W19,2023-05-08,Kirehe,Kigina,13,35,0.371,54.7,23.6,72,97
2023-W19,2023-05-08,Kirehe,Mushikiri,14,35,0.4,54.7,23.6,72,97
2023-W19,2023-05-08,Kirehe,Nyarubuye,19,53,0.358,54.7,23.6,72,97
2023-W20,2023-05-15,Kirehe,Nyamugari,32,93,0.344,38.9,24.1,72,97
2023-W20,2023-05-15,Kirehe,Mpanga,18,48,0.375,38.9,24.1,72,97
2023-W20,2023-05-15,Kirehe,Gahara,23,58,0.397,38.9,24.1,72,97
2023-W20,2023-05-15,Kirehe,Mahama,32,80,0.4,38.9,24.1,72,97
2023-W20,2023-05-15,Kirehe,Nasho,32,92,0.348,38.9,24.1,72,97
2023-W20,2023-05-15,Kirehe,Kigarama,23,64,0.359,38.9,24.1,72,97
2023-W20,2023-05-15,Kirehe,Gatore,22,64,0.344,38.9,24.1,72,97
2023-W20,2023-05-15,Kirehe,Kirehe,26,68,0.382,38.9,24.1,72,97
2023-W20,2023-05-15,Kirehe,Musaza,25,70,0.357,38.9,24.1,72,97
2023-W20,2023-05-15,Kirehe,Kigina,18,49,0.367,38.9,24.1,72,97
2023-W20,2023-05-15,Kirehe,Mushikiri,20,51,0.392,38.9,24.1,72,97
2023-W20,2023-05-15,Kirehe,Nyarubuye,32,90,0.356,38.9,24.1,72,97
2023-W21,2023-05-22,Kirehe,Nyamugari,29,67,0.433,42.3,23.1,72,96
2023-W21,2023-05-22,Kirehe,Mpanga,20,43,0.465,42.3,23.1,72,96
2023-W21,2023-05-22,Kirehe,Gahara,22,51,0.431,42.3,23.1,72,96
2023-W21,2023-05-22,Kirehe,Mahama,29,73,0.397,42.3,23.1,72,96
2023-W21,2023-05-22,Kirehe,Nasho,24,61,0.393,42.3,23.1,72,96
2023-W21,2023-05-22,Kirehe,Kigarama,22,48,0.458,42.3,23.1,72,96
2023-W21,2023-05-22,Kirehe,Gatore,19,45,0.422,42.3,23.1,72,96
2023-W21,2023-05-22,Kirehe,Kirehe,26,64,0.406,42.3,23.1,72,96
2023-W21,2023-05-22,Kirehe,Musaza,27,61,0.443,42.3,23.1,72,96
2023-W21,2023-05-22,Kirehe,Kigina,20,49,0.408,42.3,23.1,72,96
2023-W21,2023-05-22,Kirehe,Mushikiri,19,41,0.463,42.3,23.1,72,96
2023-W21,2023-05-22,Kirehe,Nyarubuye,25,57,0.439,42.3,23.1,72,96
2023-W22,2023-05-29,Kirehe,Nyamugari,34,74,0.459,45.6,23.7,72,95
2023-W22,2023-05-29,Kirehe,Mpanga,19,39,0.487,45.6,23.7,72,95
2023-W22,2023-05-29,Kirehe,Gahara,28,53,0.528,45.6,23.7,72,95
2023-W22,2023-05-29,Kirehe,Mahama,39,76,0.513,45.6,23.7,72,95
2023-W22,2023-05-29,Kirehe,Nasho,36,72,0.5,45.6,23.7,72,95
2023-W22,2023-05-29,Kirehe,Kigarama,29,57,0.509,45.6,23.7,72,95
2023-W22,2023-05-29,Kirehe,Gatore,21,46,0.457,45.6,23.7,72,95
2023-W22,2023-05-29,Kirehe,Kirehe,24,50,0.48,45.6,23.7,72,95
2023-W22,2023-05-29,Kirehe,Musaza,37,81,0.457,45.6,23.7,72,95
2023-W22,2023-05-29,Kirehe,Kigina,22,41,0.537,45.6,23.7,72,95
2023-W22,2023-05-29,Kirehe,Mushikiri,23,49,0.469,45.6,23.7,72,95
2023-W22,2023-05-29,Kirehe,Nyarubuye,32,63,0.508,45.6,23.7,72,95
2023-W23,2023-06-05,Kirehe,Nyamugari,36,73,0.493,30.1,23.8,72,98
2023-W23,2023-06-05,Kirehe,Mpanga,27,52,0.519,30.1,23.8,72,98
2023-W23,2023-06-05,Kirehe,Gahara,32,62,0.516,30.1,23.8,72,98
2023-W23,2023-06-05,Kirehe,Mahama,44,93,0.473,30.1,23.8,72,98
2023-W23,2023-06-05,Kirehe,Nasho,35,77,0.455,30.1,23.8,72,98
2023-W23,2023-06-05,Kirehe,Kigarama,24,47,0.511,30.1,23.8,72,98
2023-W23,2023-06-05,Kirehe,Gatore,23,44,0.523,30.1,23.8,72,98
2023-W23,2023-06-05,Kirehe,Kirehe,29,62,0.468,30.1,23.8,72,98
2023-W23,2023-06-05,Kirehe,Musaza,34,68,0.5,30.1,23.8,72,98
2023-W23,2023-06-05,Kirehe,Kigina,26,52,0.5,30.1,23.8,72,98
2023-W23,2023-06-05,Kirehe,Mushikiri,25,48,0.521,30.1,23.8,72,98
2023-W23,2023-06-05,Kirehe,Nyarubuye,40,76,0.526,30.1,23.8,72,98
2023-W24,2023-06-12,Kirehe,Nyamugari,36,66,0.545,29.3,23.2,72,97
2023-W24,2023-06-12,Kirehe,Mpanga,29,52,0.558,29.3,23.2,72,97
2023-W24,2023-06-12,Kirehe,Gahara,31,64,0.484,29.3,23.2,72,97
2023-W24,2023-06-12,Kirehe,Mahama,41,79,0.519,29.3,23.2,72,97
2023-W24,2023-06-12,Kirehe,Nasho,35,70,0.5,29.3,23.2,72,97
2023-W24,2023-06-12,Kirehe,Kigarama,29,59,0.492,29.3,23.2,72,97
2023-W24,2023-06-12,Kirehe,Gatore,30,58,0.517,29.3,23.2,72,97
2023-W24,2023-06-12,Kirehe,Kirehe,32,62,0.516,29.3,23.2,72,97
2023-W24,2023-06-12,Kirehe,Musaza,33,62,0.532,29.3,23.2,72,97
2023-W24,2023-06-12,Kirehe,Kigina,22,43,0.512,29.3,23.2,72,97
2023-W24,2023-06-12,Kirehe,Mushikiri,27,54,0.5,29.3,23.2,72,97
2023-W24,2023-06-12,Kirehe,Nyarubuye,40,76,0.526,29.3,23.2,72,97
2023-W25,2023-06-19,Kirehe,Nyamugari,40,83,0.482,26.2,22.7,72,99
2023-W25,2023-06-19,Kirehe,Mpanga,27,52,0.519,26.2,22.7,72,99
2023-W25,2023-06-19,Kirehe,Gahara,29,54,0.537,26.2,22.7,72,99
2023-W25,2023-06-19,Kirehe,Mahama,45,88,0.511,26.2,22.7,72,99
2023-W25,2023-06-19,Kirehe,Nasho,43,83,0.518,26.2,22.7,72,99
2023-W25,2023-06-19,Kirehe,Kigarama,26,50,0.52,26.2,22.7,72,99
2023-W25,2023-06-19,Kirehe,Gatore,31,64,0.484,26.2,22.7,72,99
2023-W25,2023-06-19,Kirehe,Kirehe,42,87,0.483,26.2,22.7,72,99
2023-W25,2023-06-19,Kirehe,Musaza,36,71,0.507,26.2,22.7,72,99
2023-W25,2023-06-19,Kirehe,Kigina,24,49,0.49,26.2,22.7,72,99
2023-W25,2023-06-19,Kirehe,Mushikiri,26,48,0.542,26.2,22.7,72,99
2023-W25,2023-06-19,Kirehe,Nyarubuye,42,76,0.553,26.2,22.7,72,99
2023-W26,2023-06-26,Kirehe,Nyamugari,32,70,0.457,27.2,23.2,69,99
2023-W26,2023-06-26,Kirehe,Mpanga,19,39,0.487,27.2,23.2,69,99
2023-W26,2023-06-26,Kirehe,Gahara,24,48,0.5,27.2,23.2,69,99
2023-W26,2023-06-26,Kirehe,Mahama,35,68,0.515,27.2,23.2,69,99
2023-W26,2023-06-26,Kirehe,Nasho,31,65,0.477,27.2,23.2,69,99
2023-W26,2023-06-26,Kirehe,Kigarama,26,54,0.481,27.2,23.2,69,99
2023-W26,2023-06-26,Kirehe,Gatore,22,42,0.524,27.2,23.2,69,99
2023-W26,2023-06-26,Kirehe,Kirehe,28,59,0.475,27.2,23.2,69,99
2023-W26,2023-06-26,Kirehe,Musaza,25,54,0.463,27.2,23.2,69,99
2023-W26,2023-06-26,Kirehe,Kigina,22,46,0.478,27.2,23.2,69,99
2023-W26,2023-06-26,Kirehe,Mushikiri,21,44,0.477,27.2,23.2,69,99
2023-W26,2023-06-26,Kirehe,Nyarubuye,29,60,0.483,27.2,23.2,69,99
2023-W27,2023-07-03,Kirehe,Nyamugari,29,64,0.453,17.0,22.4,69,97
2023-W27,2023-07-03,Kirehe,Mpanga,25,57,0.439,17.0,22.4,69,97
2023-W27,2023-07-03,Kirehe,Gahara,26,63,0.413,17.0,22.4,69,97
2023-W27,2023-07-03,Kirehe,Mahama,35,82,0.427,17.0,22.4,69,97
2023-W27,2023-07-03,Kirehe,Nasho,28,63,0.444,17.0,22.4,69,97
2023-W27,2023-07-03,Kirehe,Kigarama,25,57,0.439,17.0,22.4,69,97
2023-W27,2023-07-03,Kirehe,Gatore,22,52,0.423,17.0,22.4,69,97
2023-W27,2023-07-03,Kirehe,Kirehe,26,63,0.413,17.0,22.4,69,97
2023-W27,2023-07-03,Kirehe,Musaza,32,70,0.457,17.0,22.4,69,97
2023-W27,2023-07-03,Kirehe,Kigina,22,51,0.431,17.0,22.4,69,97
2023-W27,2023-07-03,Kirehe,Mushikiri,19,40,0.475,17.0,22.4,69,97
2023-W27,2023-07-03,Kirehe,Nyarubuye,31,69,0.449,17.0,22.4,69,97
2023-W28,2023-07-10,Kirehe,Nyamugari,27,63,0.429,13.4,22.3,69,96
2023-W28,2023-07-10,Kirehe,Mpanga,17,37,0.459,13.4,22.3,69,96
2023-W28,2023-07-10,Kirehe,Gahara,21,46,0.457,13.4,22.3,69,96
2023-W28,2023-07-10,Kirehe,Mahama,38,93,0.409,13.4,22.3,69,96
2023-W28,2023-07-10,Kirehe,Nasho,28,69,0.406,13.4,22.3,69,96
2023-W28,2023-07-10,Kirehe,Kigarama,19,50,0.38,13.4,22.3,69,96
2023-W28,2023-07-10,Kirehe,Gatore,21,50,0.42,13.4,22.3,69,96
2023-W28,2023-07-10,Kirehe,Kirehe,25,57,0.439,13.4,22.3,69,96
2023-W28,2023-07-10,Kirehe,Musaza,26,58,0.448,13.4,22.3,69,96
2023-W28,2023-07-10,Kirehe,Kigina,21,54,0.389,13.4,22.3,69,96
2023-W28,2023-07-10,Kirehe,Mushikiri,25,58,0.431,13.4,22.3,69,96
2023-W28,2023-07-10,Kirehe,Nyarubuye,27,70,0.386,13.4,22.3,69,96
2023-W29,2023-07-17,Kirehe,Nyamugari,23,66,0.348,12.3,22.2,69,96
2023-W29,2023-07-17,Kirehe,Mpanga,19,63,0.302,12.3,22.2,69,96
2023-W29,2023-07-17,Kirehe,Gahara,20,56,0.357,12.3,22.2,69,96
2023-W29,2023-07-17,Kirehe,Mahama,29,96,0.302,12.3,22.2,69,96
2023-W29,2023-07-17,Kirehe,Nasho,31,100,0.31,12.3,22.2,69,96
2023-W29,2023-07-17,Kirehe,Kigarama,22,63,0.349,12.3,22.2,69,96
2023-W29,2023-07-17,Kirehe,Gatore,19,57,0.333,12.3,22.2,69,96
2023-W29,2023-07-17,Kirehe,Kirehe,22,63,0.349,12.3,22.2,69,96
2023-W29,2023-07-17,Kirehe,Musaza,26,84,0.31,12.3,22.2,69,96
2023-W29,2023-07-17,Kirehe,Kigina,20,55,0.364,12.3,22.2,69,96
2023-W29,2023-07-17,Kirehe,Mushikiri,22,72,0.306,12.3,22.2,69,96
2023-W29,2023-07-17,Kirehe,Nyarubuye,24,65,0.369,12.3,22.2,69,96
2023-W30,2023-07-24,Kirehe,Nyamugari,24,96,0.25,17.4,22.1,69,96
2023-W30,2023-07-24,Kirehe,Mpanga,16,49,0.327,17.4,22.1,69,96
2023-W30,2023-07-24,Kirehe,Gahara,18,67,0.269,17.4,22.1,69,96
2023-W30,2023-07-24,Kirehe,Mahama,29,112,0.259,17.4,22.1,69,96
2023-W30,2023-07-24,Kirehe,Nasho,31,101,0.307,17.4,22.1,69,96
2023-W30,2023-07-24,Kirehe,Kigarama,22,73,0.301,17.4,22.1,69,96
2023-W30,2023-07-24,Kirehe,Gatore,18,60,0.3,17.4,22.1,69,96
2023-W30,2023-07-24,Kirehe,Kirehe,24,92,0.261,17.4,22.1,69,96
2023-W30,2023-07-24,Kirehe,Musaza,22,67,0.328,17.4,22.1,69,96
2023-W30,2023-07-24,Kirehe,Kigina,19,61,0.311,17.4,22.1,69,96
2023-W30,2023-07-24,Kirehe,Mushikiri,16,52,0.308,17.4,22.1,69,96
2023-W30,2023-07-24,Kirehe,Nyarubuye,25,90,0.278,17.4,22.1,69,96
2023-W31,2023-07-31,Kirehe,Nyamugari,21,85,0.247,12.8,21.7,69,99
2023-W31,2023-07-31,Kirehe,Mpanga,13,51,0.255,12.8,21.7,69,99
2023-W31,2023-07-31,Kirehe,Gahara,15,61,0.246,12.8,21.7,69,99
2023-W31,2023-07-31,Kirehe,Mahama,23,97,0.237,12.8,21.7,69,99
2023-W31,2023-07-31,Kirehe,Nasho,20,64,0.312,12.8,21.7,69,99
2023-W31,2023-07-31,Kirehe,Kigarama,16,66,0.242,12.8,21.7,69,99
2023-W31,2023-07-31,Kirehe,Gatore,16,61,0.262,12.8,21.7,69,99
2023-W31,2023-07-31,Kirehe,Kirehe,18,75,0.24,12.8,21.7,69,99
2023-W31,2023-07-31,Kirehe,Musaza,18,61,0.295,12.8,21.7,69,99
2023-W31,2023-07-31,Kirehe,Kigina,12,39,0.308,12.8,21.7,69,99
2023-W31,2023-07-31,Kirehe,Mushikiri,12,43,0.279,12.8,21.7,69,99
2023-W31,2023-07-31,Kirehe,Nyarubuye,21,80,0.263,12.8,21.7,69,99
2023-W32,2023-08-07,Kirehe,Nyamugari,16,66,0.242,19.2,22.0,69,97
2023-W32,2023-08-07,Kirehe,Mpanga,11,45,0.244,19.2,22.0,69,97
2023-W32,2023-08-07,Kirehe,Gahara,12,53,0.226,19.2,22.0,69,97
2023-W32,2023-08-07,Kirehe,Mahama,15,56,0.268,19.2,22.0,69,97
2023-W32,2023-08-07,Kirehe,Nasho,20,72,0.278,19.2,22.0,69,97
2023-W32,2023-08-07,Kirehe,Kigarama,13,59,0.22,19.2,22.0,69,97
2023-W32,2023-08-07,Kirehe,Gatore,11,51,0.216,19.2,22.0,69,97
2023-W32,2023-08-07,Kirehe,Kirehe,13,58,0.224,19.2,22.0,69,97
2023-W32,2023-08-07,Kirehe,Musaza,14,68,0.206,19.2,22.0,69,97
2023-W32,2023-08-07,Kirehe,Kigina,10,39,0.256,19.2,22.0,69,97
2023-W32,2023-08-07,Kirehe,Mushikiri,8,37,0.216,19.2,22.0,69,97
2023-W32,2023-08-07,Kirehe,Nyarubuye,16,65,0.246,19.2,22.0,69,97
2023-W33,2023-08-14,Kirehe,Nyamugari,15,81,0.185,23.9,21.8,69,95
2023-W33,2023-08-14,Kirehe,Mpanga,13,63,0.206,23.9,21.8,69,95
2023-W33,2023-08-14,Kirehe,Gahara,11,55,0.2,23.9,21.8,69,95
2023-W33,2023-08-14,Kirehe,Mahama,15,71,0.211,23.9,21.8,69,95
2023-W33,2023-08-14,Kirehe,Nasho,15,77,0.195,23.9,21.8,69,95
2023-W33,2023-08-14,Kirehe,Kigarama,15,97,0.155,23.9,21.8,69,95
2023-W33,2023-08-14,Kirehe,Gatore,10,57,0.175,23.9,21.8,69,95
2023-W33,2023-08-14,Kirehe,Kirehe,12,76,0.158,23.9,21.8,69,95
2023-W33,2023-08-14,Kirehe,Musaza,14,66,0.212,23.9,21.8,69,95
2023-W33,2023-08-14,Kirehe,Kigina,10,49,0.204,23.9,21.8,69,95
2023-W33,2023-08-14,Kirehe,Mushikiri,9,59,0.153,23.9,21.8,69,95
2023-W33,2023-08-14,Kirehe,Nyarubuye,13,80,0.163,23.9,21.8,69,95
2023-W34,2023-08-21,Kirehe,Nyamugari,12,54,0.222,31.0,21.3,69,98
2023-W34,2023-08-21,Kirehe,Mpanga,10,57,0.175,31.0,21.3,69,98
2023-W34,2023-08-21,Kirehe,Gahara,12,61,0.197,31.0,21.3,69,98
2023-W34,2023-08-21,Kirehe,Mahama,16,75,0.213,31.0,21.3,69,98
2023-W34,2023-08-21,Kirehe,Nasho,17,99,0.172,31.0,21.3,69,98
2023-W34,2023-08-21,Kirehe,Kigarama,10,47,0.213,31.0,21.3,69,98
2023-W34,2023-08-21,Kirehe,Gatore,11,49,0.224,31.0,21.3,69,98
2023-W34,2023-08-21,Kirehe,Kirehe,11,49,0.224,31.0,21.3,69,98
2023-W34,2023-08-21,Kirehe,Musaza,12,74,0.162,31.0,21.3,69,98
2023-W34,2023-08-21,Kirehe,Kigina,11,69,0.159,31.0,21.3,69,98
2023-W34,2023-08-21,Kirehe,Mushikiri,10,66,0.152,31.0,21.3,69,98
2023-W34,2023-08-21,Kirehe,Nyarubuye,14,86,0.163,31.0,21.3,69,98
2023-W35,2023-08-28,Kirehe,Nyamugari,14,59,0.237,46.8,21.5,69,98
2023-W35,2023-08-28,Kirehe,Mpanga,10,59,0.169,46.8,21.5,69,98
2023-W35,2023-08-28,Kirehe,Gahara,12,49,0.245,46.8,21.5,69,98
2023-W35,2023-08-28,Kirehe,Mahama,18,84,0.214,46.8,21.5,69,98
2023-W35,2023-08-28,Kirehe,Nasho,18,74,0.243,46.8,21.5,69,98
2023-W35,2023-08-28,Kirehe,Kigarama,12,63,0.19,46.8,21.5,69,98
2023-W35,2023-08-28,Kirehe,Gatore,14,69,0.203,46.8,21.5,69,98
2023-W35,2023-08-28,Kirehe,Kirehe,15,66,0.227,46.8,21.5,69,98
2023-W35,2023-08-28,Kirehe,Musaza,15,62,0.242,46.8,21.5,69,98
2023-W35,2023-08-28,Kirehe,Kigina,13,64,0.203,46.8,21.5,69,98
2023-W35,2023-08-28,Kirehe,Mushikiri,12,65,0.185,46.8,21.5,69,98
2023-W35,2023-08-28,Kirehe,Nyarubuye,17,86,0.198,46.8,21.5,69,98
2023-W36,2023-09-04,Kirehe,Nyamugari,11,70,0.157,40.8,21.5,69,99
2023-W36,2023-09-04,Kirehe,Mpanga,7,38,0.184,40.8,21.5,69,99
2023-W36,2023-09-04,Kirehe,Gahara,11,52,0.212,40.8,21.5,69,99
2023-W36,2023-09-04,Kirehe,Mahama,12,79,0.152,40.8,21.5,69,99
2023-W36,2023-09-04,Kirehe,Nasho,13,81,0.16,40.8,21.5,69,99
2023-W36,2023-09-04,Kirehe,Kigarama,9,49,0.184,40.8,21.5,69,99
2023-W36,2023-09-04,Kirehe,Gatore,10,59,0.169,40.8,21.5,69,99
2023-W36,2023-09-04,Kirehe,Kirehe,10,48,0.208,40.8,21.5,69,99
2023-W36,2023-09-04,Kirehe,Musaza,11,49,0.224,40.8,21.5,69,99
2023-W36,2023-09-04,Kirehe,Kigina,10,45,0.222,40.8,21.5,69,99
2023-W36,2023-09-04,Kirehe,Mushikiri,8,44,0.182,40.8,21.5,69,99
2023-W36,2023-09-04,Kirehe,Nyarubuye,13,68,0.191,40.8,21.5,69,99
2023-W37,2023-09-11,Kirehe,Nyamugari,14,60,0.233,51.9,20.8,69,96
2023-W37,2023-09-11,Kirehe,Mpanga,10,45,0.222,51.9,20.8,69,96
2023-W37,2023-09-11,Kirehe,Gahara,11,56,0.196,51.9,20.8,69,96
2023-W37,2023-09-11,Kirehe,Mahama,13,57,0.228,51.9,20.8,69,96
2023-W37,2023-09-11,Kirehe,Nasho,16,81,0.198,51.9,20.8,69,96
2023-W37,2023-09-11,Kirehe,Kigarama,11,51,0.216,51.9,20.8,69,96
2023-W37,2023-09-11,Kirehe,Gatore,11,63,0.175,51.9,20.8,69,96
2023-W37,2023-09-11,Kirehe,Kirehe,11,50,0.22,51.9,20.8,69,96
2023-W37,2023-09-11,Kirehe,Musaza,13,59,0.22,51.9,20.8,69,96
2023-W37,2023-09-11,Kirehe,Kigina,10,64,0.156,51.9,20.8,69,96
2023-W37,2023-09-11,Kirehe,Mushikiri,9,51,0.176,51.9,20.8,69,96
2023-W37,2023-09-11,Kirehe,Nyarubuye,17,100,0.17,51.9,20.8,69,96
2023-W38,2023-09-18,Kirehe,Nyamugari,15,64,0.234,52.8,20.3,69,97
2023-W38,2023-09-18,Kirehe,Mpanga,10,63,0.159,52.8,20.3,69,97
2023-W38,2023-09-18,Kirehe,Gahara,11,55,0.2,52.8,20.3,69,97
2023-W38,2023-09-18,Kirehe,Mahama,17,82,0.207,52.8,20.3,69,97
2023-W38,2023-09-18,Kirehe,Nasho,16,72,0.222,52.8,20.3,69,97
2023-W38,2023-09-18,Kirehe,Kigarama,11,49,0.224,52.8,20.3,69,97
2023-W38,2023-09-18,Kirehe,Gatore,10,64,0.156,52.8,20.3,69,97
2023-W38,2023-09-18,Kirehe,Kirehe,11,62,0.177,52.8,20.3,69,97
2023-W38,2023-09-18,Kirehe,Musaza,12,70,0.171,52.8,20.3,69,97
2023-W38,2023-09-18,Kirehe,Kigina,8,50,0.16,52.8,20.3,69,97
2023-W38,2023-09-18,Kirehe,Mushikiri,8,36,0.222,52.8,20.3,69,97
2023-W38,2023-09-18,Kirehe,Nyarubuye,15,96,0.156,52.8,20.3,69,97
2023-W39,2023-09-25,Kirehe,Nyamugari,15,93,0.161,96.8,20.7,69,95
2023-W39,2023-09-25,Kirehe,Mpanga,10,68,0.147,96.8,20.7,69,95
2023-W39,2023-09-25,Kirehe,Gahara,10,83,0.12,96.8,20.7,69,95
2023-W39,2023-09-25,Kirehe,Mahama,16,86,0.186,96.8,20.7,69,95
2023-W39,2023-09-25,Kirehe,Nasho,15,123,0.122,96.8,20.7,69,95
2023-W39,2023-09-25,Kirehe,Kigarama,11,64,0.172,96.8,20.7,69,95
2023-W39,2023-09-25,Kirehe,Gatore,11,57,0.193,96.8,20.7,69,95
2023-W39,2023-09-25,Kirehe,Kirehe,11,92,0.12,96.8,20.7,69,95
2023-W39,2023-09-25,Kirehe,Musaza,14,107,0.131,96.8,20.7,69,95
2023-W39,2023-09-25,Kirehe,Kigina,11,94,0.117,96.8,20.7,69,95
2023-W39,2023-09-25,Kirehe,Mushikiri,11,75,0.147,96.8,20.7,69,95
2023-W39,2023-09-25,Kirehe,Nyarubuye,13,96,0.135,96.8,20.7,69,95
2023-W40,2023-10-02,Kirehe,Nyamugari,13,58,0.224,81.4,20.9,69,96
2023-W40,2023-10-02,Kirehe,Mpanga,9,45,0.2,81.4,20.9,69,96
2023-W40,2023-10-02,Kirehe,Gahara,14,90,0.156,81.4,20.9,69,96
2023-W40,2023-10-02,Kirehe,Mahama,17,103,0.165,81.4,20.9,69,96
2023-W40,2023-10-02,Kirehe,Nasho,16,72,0.222,81.4,20.9,69,96
2023-W40,2023-10-02,Kirehe,Kigarama,13,65,0.2,81.4,20.9,69,96
2023-W40,2023-10-02,Kirehe,Gatore,10,58,0.172,81.4,20.9,69,96
2023-W40,2023-10-02,Kirehe,Kirehe,10,44,0.227,81.4,20.9,69,96
2023-W40,2023-10-02,Kirehe,Musaza,12,62,0.194,81.4,20.9,69,96
2023-W40,2023-10-02,Kirehe,Kigina,9,49,0.184,81.4,20.9,69,96
2023-W40,2023-10-02,Kirehe,Mushikiri,8,45,0.178,81.4,20.9,69,96
2023-W40,2023-10-02,Kirehe,Nyarubuye,13,75,0.173,81.4,20.9,69,96
2023-W41,2023-10-09,Kirehe,Nyamugari,14,97,0.144,71.0,20.7,72,96
2023-W41,2023-10-09,Kirehe,Mpanga,10,58,0.172,71.0,20.7,72,96
2023-W41,2023-10-09,Kirehe,Gahara,10,49,0.204,71.0,20.7,72,96
2023-W41,2023-10-09,Kirehe,Mahama,18,137,0.131,71.0,20.7,72,96
2023-W41,2023-10-09,Kirehe,Nasho,17,118,0.144,71.0,20.7,72,96
2023-W41,2023-10-09,Kirehe,Kigarama,11,69,0.159,71.0,20.7,72,96
2023-W41,2023-10-09,Kirehe,Gatore,10,60,0.167,71.0,20.7,72,96
2023-W41,2023-10-09,Kirehe,Kirehe,11,74,0.149,71.0,20.7,72,96
2023-W41,2023-10-09,Kirehe,Musaza,15,96,0.156,71.0,20.7,72,96
2023-W41,2023-10-09,Kirehe,Kigina,11,56,0.196,71.0,20.7,72,96
2023-W41,2023-10-09,Kirehe,Mushikiri,13,84,0.155,71.0,20.7,72,96
2023-W41,2023-10-09,Kirehe,Nyarubuye,14,86,0.163,71.0,20.7,72,96
2023-W42,2023-10-16,Kirehe,Nyamugari,17,95,0.179,68.9,20.5,72,98
2023-W42,2023-10-16,Kirehe,Mpanga,10,43,0.233,68.9,20.5,72,98
2023-W42,2023-10-16,Kirehe,Gahara,12,60,0.2,68.9,20.5,72,98
2023-W42,2023-10-16,Kirehe,Mahama,16,72,0.222,68.9,20.5,72,98
2023-W42,2023-10-16,Kirehe,Nasho,14,88,0.159,68.9,20.5,72,98
2023-W42,2023-10-16,Kirehe,Kigarama,12,64,0.188,68.9,20.5,72,98
2023-W42,2023-10-16,Kirehe,Gatore,11,49,0.224,68.9,20.5,72,98
2023-W42,2023-10-16,Kirehe,Kirehe,12,52,0.231,68.9,20.5,72,98
2023-W42,2023-10-16,Kirehe,Musaza,13,59,0.22,68.9,20.5,72,98
2023-W42,2023-10-16,Kirehe,Kigina,12,76,0.158,68.9,20.5,72,98
2023-W42,2023-10-16,Kirehe,Mushikiri,12,62,0.194,68.9,20.5,72,98
2023-W42,2023-10-16,Kirehe,Nyarubuye,15,68,0.221,68.9,20.5,72,98
2023-W43,2023-10-23,Kirehe,Nyamugari,16,58,0.276,63.3,20.4,72,95
2023-W43,2023-10-23,Kirehe,Mpanga,13,64,0.203,63.3,20.4,72,95
2023-W43,2023-10-23,Kirehe,Gahara,16,62,0.258,63.3,20.4,72,95
2023-W43,2023-10-23,Kirehe,Mahama,24,87,0.276,63.3,20.4,72,95
2023-W43,2023-10-23,Kirehe,Nasho,24,95,0.253,63.3,20.4,72,95
2023-W43,2023-10-23,Kirehe,Kigarama,18,86,0.209,63.3,20.4,72,95
2023-W43,2023-10-23,Kirehe,Gatore,18,66,0.273,63.3,20.4,72,95
2023-W43,2023-10-23,Kirehe,Kirehe,15,59,0.254,63.3,20.4,72,95
2023-W43,2023-10-23,Kirehe,Musaza,17,70,0.243,63.3,20.4,72,95
2023-W43,2023-10-23,Kirehe,Kigina,12,45,0.267,63.3,20.4,72,95
2023-W43,2023-10-23,Kirehe,Mushikiri,12,48,0.25,63.3,20.4,72,95
2023-W43,2023-10-23,Kirehe,Nyarubuye,18,76,0.237,63.3,20.4,72,95
2023-W44,2023-10-30,Kirehe,Nyamugari,22,76,0.289,81.4,20.3,72,99
2023-W44,2023-10-30,Kirehe,Mpanga,13,47,0.277,81.4,20.3,72,99
2023-W44,2023-10-30,Kirehe,Gahara,18,70,0.257,81.4,20.3,72,99
2023-W44,2023-10-30,Kirehe,Mahama,25,79,0.316,81.4,20.3,72,99
2023-W44,2023-10-30,Kirehe,Nasho,23,87,0.264,81.4,20.3,72,99
2023-W44,2023-10-30,Kirehe,Kigarama,16,52,0.308,81.4,20.3,72,99
2023-W44,2023-10-30,Kirehe,Gatore,15,55,0.273,81.4,20.3,72,99
2023-W44,2023-10-30,Kirehe,Kirehe,16,53,0.302,81.4,20.3,72,99
2023-W44,2023-10-30,Kirehe,Musaza,16,51,0.314,81.4,20.3,72,99
2023-W44,2023-10-30,Kirehe,Kigina,17,59,0.288,81.4,20.3,72,99
2023-W44,2023-10-30,Kirehe,Mushikiri,12,47,0.255,81.4,20.3,72,99
2023-W44,2023-10-30,Kirehe,Nyarubuye,21,66,0.318,81.4,20.3,72,99
2023-W45,2023-11-06,Kirehe,Nyamugari,20,74,0.27,48.9,21.0,72,95
2023-W45,2023-11-06,Kirehe,Mpanga,14,48,0.292,48.9,21.0,72,95
2023-W45,2023-11-06,Kirehe,Gahara,15,54,0.278,48.9,21.0,72,95
2023-W45,2023-11-06,Kirehe,Mahama,24,77,0.312,48.9,21.0,72,95
2023-W45,2023-11-06,Kirehe,Nasho,25,84,0.298,48.9,21.0,72,95
2023-W45,2023-11-06,Kirehe,Kigarama,18,58,0.31,48.9,21.0,72,95
2023-W45,2023-11-06,Kirehe,Gatore,16,53,0.302,48.9,21.0,72,95
2023-W45,2023-11-06,Kirehe,Kirehe,19,57,0.333,48.9,21.0,72,95
2023-W45,2023-11-06,Kirehe,Musaza,24,70,0.343,48.9,21.0,72,95
2023-W45,2023-11-06,Kirehe,Kigina,15,55,0.273,48.9,21.0,72,95
2023-W45,2023-11-06,Kirehe,Mushikiri,13,43,0.302,48.9,21.0,72,95
2023-W45,2023-11-06,Kirehe,Nyarubuye,23,70,0.329,48.9,21.0,72,95
2023-W46,2023-11-13,Kirehe,Nyamugari,30,74,0.405,48.2,20.9,72,98
2023-W46,2023-11-13,Kirehe,Mpanga,22,58,0.379,48.2,20.9,72,98
2023-W46,2023-11-13,Kirehe,Gahara,22,56,0.393,48.2,20.9,72,98
2023-W46,2023-11-13,Kirehe,Mahama,36,105,0.343,48.2,20.9,72,98
2023-W46,2023-11-13,Kirehe,Nasho,36,91,0.396,48.2,20.9,72,98
2023-W46,2023-11-13,Kirehe,Kigarama,25,68,0.368,48.2,20.9,72,98
2023-W46,2023-11-13,Kirehe,Gatore,26,65,0.4,48.2,20.9,72,98
2023-W46,2023-11-13,Kirehe,Kirehe,25,72,0.347,48.2,20.9,72,98
2023-W46,2023-11-13,Kirehe,Musaza,29,78,0.372,48.2,20.9,72,98
2023-W46,2023-11-13,Kirehe,Kigina,22,58,0.379,48.2,20.9,72,98
2023-W46,2023-11-13,Kirehe,Mushikiri,24,69,0.348,48.2,20.9,72,98
2023-W46,2023-11-13,Kirehe,Nyarubuye,30,84,0.357,48.2,20.9,72,98
2023-W47,2023-11-20,Kirehe,Nyamugari,38,93,0.409,37.9,20.5,72,98
2023-W47,2023-11-20,Kirehe,Mpanga,21,53,0.396,37.9,20.5,72,98
2023-W47,2023-11-20,Kirehe,Gahara,28,67,0.418,37.9,20.5,72,98
2023-W47,2023-11-20,Kirehe,Mahama,37,82,0.451,37.9,20.5,72,98
2023-W47,2023-11-20,Kirehe,Nasho,34,80,0.425,37.9,20.5,72,98
2023-W47,2023-11-20,Kirehe,Kigarama,23,51,0.451,37.9,20.5,72,98
2023-W47,2023-11-20,Kirehe,Gatore,23,58,0.397,37.9,20.5,72,98
2023-W47,2023-11-20,Kirehe,Kirehe,27,68,0.397,37.9,20.5,72,98
2023-W47,2023-11-20,Kirehe,Musaza,27,62,0.435,37.9,20.5,72,98
2023-W47,2023-11-20,Kirehe,Kigina,24,60,0.4,37.9,20.5,72,98
2023-W47,2023-11-20,Kirehe,Mushikiri,26,64,0.406,37.9,20.5,72,98
2023-W47,2023-11-20,Kirehe,Nyarubuye,30,76,0.395,37.9,20.5,72,98
2023-W48,2023-11-27,Kirehe,Nyamugari,42,81,0.519,24.0,20.3,72,99
2023-W48,2023-11-27,Kirehe,Mpanga,27,55,0.491,24.0,20.3,72,99
2023-W48,2023-11-27,Kirehe,Gahara,34,65,0.523,24.0,20.3,72,99
2023-W48,2023-11-27,Kirehe,Mahama,44,83,0.53,24.0,20.3,72,99
2023-W48,2023-11-27,Kirehe,Nasho,49,101,0.485,24.0,20.3,72,99
2023-W48,2023-11-27,Kirehe,Kigarama,30,57,0.526,24.0,20.3,72,99
2023-W48,2023-11-27,Kirehe,Gatore,31,59,0.525,24.0,20.3,72,99
2023-W48,2023-11-27,Kirehe,Kirehe,30,63,0.476,24.0,20.3,72,99
2023-W48,2023-11-27,Kirehe,Musaza,35,70,0.5,24.0,20.3,72,99
2023-W48,2023-11-27,Kirehe,Kigina,23,47,0.489,24.0,20.3,72,99
2023-W48,2023-11-27,Kirehe,Mushikiri,24,45,0.533,24.0,20.3,72,99
2023-W48,2023-11-27,Kirehe,Nyarubuye,38,71,0.535,24.0,20.3,72,99
2023-W49,2023-12-04,Kirehe,Nyamugari,43,87,0.494,22.0,20.7,72,98
2023-W49,2023-12-04,Kirehe,Mpanga,30,61,0.492,22.0,20.7,72,98
2023-W49,2023-12-04,Kirehe,Gahara,29,58,0.5,22.0,20.7,72,98
2023-W49,2023-12-04,Kirehe,Mahama,46,89,0.517,22.0,20.7,72,98
2023-W49,2023-12-04,Kirehe,Nasho,52,97,0.536,22.0,20.7,72,98
2023-W49,2023-12-04,Kirehe,Kigarama,36,66,0.545,22.0,20.7,72,98
2023-W49,2023-12-04,Kirehe,Gatore,32,61,0.525,22.0,20.7,72,98
2023-W49,2023-12-04,Kirehe,Kirehe,39,73,0.534,22.0,20.7,72,98
2023-W49,2023-12-04,Kirehe,Musaza,35,70,0.5,22.0,20.7,72,98
2023-W49,2023-12-04,Kirehe,Kigina,29,54,0.537,22.0,20.7,72,98
2023-W49,2023-12-04,Kirehe,Mushikiri,28,57,0.491,22.0,20.7,72,98
2023-W49,2023-12-04,Kirehe,Nyarubuye,48,95,0.505,22.0,20.7,72,98
2023-W50,2023-12-11,Kirehe,Nyamugari,46,85,0.541,22.5,20.3,72,97
2023-W50,2023-12-11,Kirehe,Mpanga,26,45,0.578,22.5,20.3,72,97
2023-W50,2023-12-11,Kirehe,Gahara,34,66,0.515,22.5,20.3,72,97
2023-W50,2023-12-11,Kirehe,Mahama,44,76,0.579,22.5,20.3,72,97
2023-W50,2023-12-11,Kirehe,Nasho,41,74,0.554,22.5,20.3,72,97
2023-W50,2023-12-11,Kirehe,Kigarama,32,58,0.552,22.5,20.3,72,97
2023-W50,2023-12-11,Kirehe,Gatore,34,64,0.531,22.5,20.3,72,97
2023-W50,2023-12-11,Kirehe,Kirehe,37,69,0.536,22.5,20.3,72,97
2023-W50,2023-12-11,Kirehe,Musaza,42,76,0.553,22.5,20.3,72,97
2023-W50,2023-12-11,Kirehe,Kigina,27,48,0.562,22.5,20.3,72,97
2023-W50,2023-12-11,Kirehe,Mushikiri,30,56,0.536,22.5,20.3,72,97
2023-W50,2023-12-11,Kirehe,Nyarubuye,35,66,0.53,22.5,20.3,72,97
2023-W51,2023-12-18,Kirehe,Nyamugari,35,67,0.522,19.2,20.3,72,99
2023-W51,2023-12-18,Kirehe,Mpanga,24,45,0.533,19.2,20.3,72,99
2023-W51,2023-12-18,Kirehe,Gahara,28,60,0.467,19.2,20.3,72,99
2023-W51,2023-12-18,Kirehe,Mahama,41,82,0.5,19.2,20.3,72,99
2023-W51,2023-12-18,Kirehe,Nasho,45,84,0.536,19.2,20.3,72,99
2023-W51,2023-12-18,Kirehe,Kigarama,34,70,0.486,19.2,20.3,72,99
2023-W51,2023-12-18,Kirehe,Gatore,28,53,0.528,19.2,20.3,72,99
2023-W51,2023-12-18,Kirehe,Kirehe,29,57,0.509,19.2,20.3,72,99
2023-W51,2023-12-18,Kirehe,Musaza,27,56,0.482,19.2,20.3,72,99
2023-W51,2023-12-18,Kirehe,Kigina,23,43,0.535,19.2,20.3,72,99
2023-W51,2023-12-18,Kirehe,Mushikiri,23,45,0.511,19.2,20.3,72,99
2023-W51,2023-12-18,Kirehe,Nyarubuye,37,78,0.474,19.2,20.3,72,99
2023-W52,2023-12-25,Kirehe,Nyamugari,41,77,0.532,15.5,20.8,72,98
2023-W52,2023-12-25,Kirehe,Mpanga,23,45,0.511,15.5,20.8,72,98
2023-W52,2023-12-25,Kirehe,Gahara,32,63,0.508,15.5,20.8,72,98
2023-W52,2023-12-25,Kirehe,Mahama,31,62,0.5,15.5,20.8,72,98
2023-W52,2023-12-25,Kirehe,Nasho,42,90,0.467,15.5,20.8,72,98
2023-W52,2023-12-25,Kirehe,Kigarama,20,42,0.476,15.5,20.8,72,98
2023-W52,2023-12-25,Kirehe,Gatore,26,48,0.542,15.5,20.8,72,98
2023-W52,2023-12-25,Kirehe,Kirehe,26,54,0.481,15.5,20.8,72,98
2023-W52,2023-12-25,Kirehe,Musaza,31,65,0.477,15.5,20.8,72,98
2023-W52,2023-12-25,Kirehe,Kigina,28,53,0.528,15.5,20.8,72,98
2023-W52,2023-12-25,Kirehe,Mushikiri,24,45,0.533,15.5,20.8,72,98
2023-W52,2023-12-25,Kirehe,Nyarubuye,29,58,0.5,15.5,20.8,72,98
2024-W01,2024-01-01,Kirehe,Nyamugari,29,70,0.414,13.1,21.1,72,97
2024-W01,2024-01-01,Kirehe,Mpanga,25,59,0.424,13.1,21.1,72,97
2024-W01,2024-01-01,Kirehe,Gahara,28,65,0.431,13.1,21.1,72,97
2024-W01,2024-01-01,Kirehe,Mahama,34,73,0.466,13.1,21.1,72,97
2024-W01,2024-01-01,Kirehe,Nasho,34,74,0.459,13.1,21.1,72,97
2024-W01,2024-01-01,Kirehe,Kigarama,21,48,0.438,13.1,21.1,72,97
2024-W01,2024-01-01,Kirehe,Gatore,23,50,0.46,13.1,21.1,72,97
2024-W01,2024-01-01,Kirehe,Kirehe,25,52,0.481,13.1,21.1,72,97
2024-W01,2024-01-01,Kirehe,Musaza,37,76,0.487,13.1,21.1,72,97
2024-W01,2024-01-01,Kirehe,Kigina,22,50,0.44,13.1,21.1,72,97
2024-W01,2024-01-01,Kirehe,Mushikiri,23,53,0.434,13.1,21.1,72,97
2024-W01,2024-01-01,Kirehe,Nyarubuye,33,71,0.465,13.1,21.1,72,97
2024-W02,2024-01-08,Kirehe,Nyamugari,29,76,0.382,17.1,20.9,72,96
2024-W02,2024-01-08,Kirehe,Mpanga,18,49,0.367,17.1,20.9,72,96
2024-W02,2024-01-08,Kirehe,Gahara,21,56,0.375,17.1,20.9,72,96
2024-W02,2024-01-08,Kirehe,Mahama,34,89,0.382,17.1,20.9,72,96
2024-W02,2024-01-08,Kirehe,Nasho,34,82,0.415,17.1,20.9,72,96
2024-W02,2024-01-08,Kirehe,Kigarama,26,64,0.406,17.1,20.9,72,96
2024-W02,2024-01-08,Kirehe,Gatore,23,55,0.418,17.1,20.9,72,96
2024-W02,2024-01-08,Kirehe,Kirehe,24,65,0.369,17.1,20.9,72,96
2024-W02,2024-01-08,Kirehe,Musaza,27,75,0.36,17.1,20.9,72,96
2024-W02,2024-01-08,Kirehe,Kigina,19,47,0.404,17.1,20.9,72,96
2024-W02,2024-01-08,Kirehe,Mushikiri,18,50,0.36,17.1,20.9,72,96
2024-W02,2024-01-08,Kirehe,Nyarubuye,27,74,0.365,17.1,20.9,72,96
2024-W03,2024-01-15,Kirehe,Nyamugari,20,63,0.317,16.6,21.7,72,98
2024-W03,2024-01-15,Kirehe,Mpanga,15,49,0.306,16.6,21.7,72,98
2024-W03,2024-01-15,Kirehe,Gahara,18,52,0.346,16.6,21.7,72,98
2024-W03,2024-01-15,Kirehe,Mahama,28,86,0.326,16.6,21.7,72,98
2024-W03,2024-01-15,Kirehe,Nasho,27,88,0.307,16.6,21.7,72,98
2024-W03,2024-01-15,Kirehe,Kigarama,23,82,0.28,16.6,21.7,72,98
2024-W03,2024-01-15,Kirehe,Gatore,18,53,0.34,16.6,21.7,72,98
2024-W03,2024-01-15,Kirehe,Kirehe,21,68,0.309,16.6,21.7,72,98
2024-W03,2024-01-15,Kirehe,Musaza,23,72,0.319,16.6,21.7,72,98
2024-W03,2024-01-15,Kirehe,Kigina,18,51,0.353,16.6,21.7,72,98
2024-W03,2024-01-15,Kirehe,Mushikiri,16,50,0.32,16.6,21.7,72,98
2024-W03,2024-01-15,Kirehe,Nyarubuye,22,69,0.319,16.6,21.7,72,98
2024-W04,2024-01-22,Kirehe,Nyamugari,24,85,0.282,17.2,21.4,72,97
2024-W04,2024-01-22,Kirehe,Mpanga,15,49,0.306,17.2,21.4,72,97
2024-W04,2024-01-22,Kirehe,Gahara,18,56,0.321,17.2,21.4,72,97
2024-W04,2024-01-22,Kirehe,Mahama,26,79,0.329,17.2,21.4,72,97
2024-W04,2024-01-22,Kirehe,Nasho,26,79,0.329,17.2,21.4,72,97
2024-W04,2024-01-22,Kirehe,Kigarama,16,54,0.296,17.2,21.4,72,97
2024-W04,2024-01-22,Kirehe,Gatore,16,50,0.32,17.2,21.4,72,97
2024-W04,2024-01-22,Kirehe,Kirehe,20,66,0.303,17.2,21.4,72,97
2024-W04,2024-01-22,Kirehe,Musaza,19,64,0.297,17.2,21.4,72,97
2024-W04,2024-01-22,Kirehe,Kigina,16,54,0.296,17.2,21.4,72,97
2024-W04,2024-01-22,Kirehe,Mushikiri,16,50,0.32,17.2,21.4,72,97
2024-W04,2024-01-22,Kirehe,Nyarubuye,24,78,0.308,17.2,21.4,72,97
2024-W05,2024-01-29,Kirehe,Nyamugari,20,88,0.227,21.8,22.1,72,99
2024-W05,2024-01-29,Kirehe,Mpanga,14,59,0.237,21.8,22.1,72,99
2024-W05,2024-01-29,Kirehe,Gahara,16,69,0.232,21.8,22.1,72,99
2024-W05,2024-01-29,Kirehe,Mahama,18,90,0.2,21.8,22.1,72,99
2024-W05,2024-01-29,Kirehe,Nasho,23,128,0.18,21.8,22.1,72,99
2024-W05,2024-01-29,Kirehe,Kigarama,14,56,0.25,21.8,22.1,72,99
2024-W05,2024-01-29,Kirehe,Gatore,15,73,0.205,21.8,22.1,72,99
2024-W05,2024-01-29,Kirehe,Kirehe,19,75,0.253,21.8,22.1,72,99
2024-W05,2024-01-29,Kirehe,Musaza,16,65,0.246,21.8,22.1,72,99
2024-W05,2024-01-29,Kirehe,Kigina,16,71,0.225,21.8,22.1,72,99
2024-W05,2024-01-29,Kirehe,Mushikiri,16,66,0.242,21.8,22.1,72,99
2024-W05,2024-01-29,Kirehe,Nyarubuye,16,84,0.19,21.8,22.1,72,99
2024-W06,2024-02-05,Kirehe,Nyamugari,20,93,0.215,28.1,21.5,72,98
2024-W06,2024-02-05,Kirehe,Mpanga,12,58,0.207,28.1,21.5,72,98
2024-W06,2024-02-05,Kirehe,Gahara,14,59,0.237,28.1,21.5,72,98
2024-W06,2024-02-05,Kirehe,Mahama,22,93,0.237,28.1,21.5,72,98
2024-W06,2024-02-05,Kirehe,Nasho,17,62,0.274,28.1,21.5,72,98
2024-W06,2024-02-05,Kirehe,Kigarama,15,66,0.227,28.1,21.5,72,98
2024-W06,2024-02-05,Kirehe,Gatore,15,65,0.231,28.1,21.5,72,98
2024-W06,2024-02-05,Kirehe,Kirehe,16,80,0.2,28.1,21.5,72,98
2024-W06,2024-02-05,Kirehe,Musaza,18,66,0.273,28.1,21.5,72,98
2024-W06,2024-02-05,Kirehe,Kigina,12,59,0.203,28.1,21.5,72,98
2024-W06,2024-02-05,Kirehe,Mushikiri,12,50,0.24,28.1,21.5,72,98
2024-W06,2024-02-05,Kirehe,Nyarubuye,18,72,0.25,28.1,21.5,72,98
2024-W07,2024-02-12,Kirehe,Nyamugari,16,70,0.229,22.9,22.6,72,99
2024-W07,2024-02-12,Kirehe,Mpanga,10,43,0.233,22.9,22.6,72,99
2024-W07,2024-02-12,Kirehe,Gahara,14,79,0.177,22.9,22.6,72,99
2024-W07,2024-02-12,Kirehe,Mahama,19,102,0.186,22.9,22.6,72,99
2024-W07,2024-02-12,Kirehe,Nasho,18,85,0.212,22.9,22.6,72,99
2024-W07,2024-02-12,Kirehe,Kigarama,11,57,0.193,22.9,22.6,72,99
2024-W07,2024-02-12,Kirehe,Gatore,12,58,0.207,22.9,22.6,72,99
2024-W07,2024-02-12,Kirehe,Kirehe,16,90,0.178,22.9,22.6,72,99
2024-W07,2024-02-12,Kirehe,Musaza,16,91,0.176,22.9,22.6,72,99
2024-W07,2024-02-12,Kirehe,Kigina,12,70,0.171,22.9,22.6,72,99
2024-W07,2024-02-12,Kirehe,Mushikiri,13,53,0.245,22.9,22.6,72,99
2024-W07,2024-02-12,Kirehe,Nyarubuye,19,90,0.211,22.9,22.6,72,99
2024-W08,2024-02-19,Kirehe,Nyamugari,17,130,0.131,40.9,22.5,72,99
2024-W08,2024-02-19,Kirehe,Mpanga,10,56,0.179,40.9,22.5,72,99
2024-W08,2024-02-19,Kirehe,Gahara,9,50,0.18,40.9,22.5,72,99
2024-W08,2024-02-19,Kirehe,Mahama,18,89,0.202,40.9,22.5,72,99
2024-W08,2024-02-19,Kirehe,Nasho,15,117,0.128,40.9,22.5,72,99
2024-W08,2024-02-19,Kirehe,Kigarama,11,88,0.125,40.9,22.5,72,99
2024-W08,2024-02-19,Kirehe,Gatore,9,46,0.196,40.9,22.5,72,99
2024-W08,2024-02-19,Kirehe,Kirehe,11,68,0.162,40.9,22.5,72,99
2024-W08,2024-02-19,Kirehe,Musaza,16,124,0.129,40.9,22.5,72,99
2024-W08,2024-02-19,Kirehe,Kigina,10,50,0.2,40.9,22.5,72,99
2024-W08,2024-02-19,Kirehe,Mushikiri,9,61,0.148,40.9,22.5,72,99
2024-W08,2024-02-19,Kirehe,Nyarubuye,14,95,0.147,40.9,22.5,72,99
2024-W09,2024-02-26,Kirehe,Nyamugari,15,96,0.156,42.2,22.0,72,96
2024-W09,2024-02-26,Kirehe,Mpanga,11,51,0.216,42.2,22.0,72,96
2024-W09,2024-02-26,Kirehe,Gahara,14,86,0.163,42.2,22.0,72,96
2024-W09,2024-02-26,Kirehe,Mahama,17,96,0.177,42.2,22.0,72,96
2024-W09,2024-02-26,Kirehe,Nasho,19,124,0.153,42.2,22.0,72,96
2024-W09,2024-02-26,Kirehe,Kigarama,11,59,0.186,42.2,22.0,72,96
2024-W09,2024-02-26,Kirehe,Gatore,13,73,0.178,42.2,22.0,72,96
2024-W09,2024-02-26,Kirehe,Kirehe,16,92,0.174,42.2,22.0,72,96
2024-W09,2024-02-26,Kirehe,Musaza,16,75,0.213,42.2,22.0,72,96
2024-W09,2024-02-26,Kirehe,Kigina,9,46,0.196,42.2,22.0,72,96
2024-W09,2024-02-26,Kirehe,Mushikiri,10,56,0.179,42.2,22.0,72,96
2024-W09,2024-02-26,Kirehe,Nyarubuye,17,111,0.153,42.2,22.0,72,96
2024-W10,2024-03-04,Kirehe,Nyamugari,15,89,0.169,59.3,22.5,72,95
2024-W10,2024-03-04,Kirehe,Mpanga,10,60,0.167,59.3,22.5,72,95
2024-W10,2024-03-04,Kirehe,Gahara,13,94,0.138,59.3,22.5,72,95
2024-W10,2024-03-04,Kirehe,Mahama,15,102,0.147,59.3,22.5,72,95
2024-W10,2024-03-04,Kirehe,Nasho,19,104,0.183,59.3,22.5,72,95
2024-W10,2024-03-04,Kirehe,Kigarama,11,61,0.18,59.3,22.5,72,95
2024-W10,2024-03-04,Kirehe,Gatore,9,49,0.184,59.3,22.5,72,95
2024-W10,2024-03-04,Kirehe,Kirehe,13,102,0.127,59.3,22.5,72,95
2024-W10,2024-03-04,Kirehe,Musaza,14,83,0.169,59.3,22.5,72,95
2024-W10,2024-03-04,Kirehe,Kigina,9,80,0.113,59.3,22.5,72,95
2024-W10,2024-03-04,Kirehe,Mushikiri,10,86,0.116,59.3,22.5,72,95
2024-W10,2024-03-04,Kirehe,Nyarubuye,16,117,0.137,59.3,22.5,72,95
2024-W11,2024-03-11,Kirehe,Nyamugari,14,124,0.113,49.1,22.3,72,96
2024-W11,2024-03-11,Kirehe,Mpanga,11,81,0.136,49.1,22.3,72,96
2024-W11,2024-03-11,Kirehe,Gahara,13,104,0.125,49.1,22.3,72,96
2024-W11,2024-03-11,Kirehe,Mahama,17,123,0.138,49.1,22.3,72,96
2024-W11,2024-03-11,Kirehe,Nasho,19,156,0.122,49.1,22.3,72,96
2024-W11,2024-03-11,Kirehe,Kigarama,13,111,0.117,49.1,22.3,72,96
2024-W11,2024-03-11,Kirehe,Gatore,11,81,0.136,49.1,22.3,72,96
2024-W11,2024-03-11,Kirehe,Kirehe,14,113,0.124,49.1,22.3,72,96
2024-W11,2024-03-11,Kirehe,Musaza,14,98,0.143,49.1,22.3,72,96
2024-W11,2024-03-11,Kirehe,Kigina,12,90,0.133,49.1,22.3,72,96
2024-W11,2024-03-11,Kirehe,Mushikiri,11,62,0.177,49.1,22.3,72,96
2024-W11,2024-03-11,Kirehe,Nyarubuye,16,102,0.157,49.1,22.3,72,96
2024-W12,2024-03-18,Kirehe,Nyamugari,15,75,0.2,60.2,23.6,72,96
2024-W12,2024-03-18,Kirehe,Mpanga,11,50,0.22,60.2,23.6,72,96
2024-W12,2024-03-18,Kirehe,Gahara,11,48,0.229,60.2,23.6,72,96
2024-W12,2024-03-18,Kirehe,Mahama,20,118,0.169,60.2,23.6,72,96
2024-W12,2024-03-18,Kirehe,Nasho,19,117,0.162,60.2,23.6,72,96
2024-W12,2024-03-18,Kirehe,Kigarama,12,75,0.16,60.2,23.6,72,96
2024-W12,2024-03-18,Kirehe,Gatore,12,55,0.218,60.2,23.6,72,96
2024-W12,2024-03-18,Kirehe,Kirehe,12,54,0.222,60.2,23.6,72,96
2024-W12,2024-03-18,Kirehe,Musaza,15,87,0.172,60.2,23.6,72,96
2024-W12,2024-03-18,Kirehe,Kigina,12,55,0.218,60.2,23.6,72,96
2024-W12,2024-03-18,Kirehe,Mushikiri,12,74,0.162,60.2,23.6,72,96
2024-W12,2024-03-18,Kirehe,Nyarubuye,17,101,0.168,60.2,23.6,72,96
2024-W13,2024-03-25,Kirehe,Nyamugari,17,118,0.144,88.3,23.0,72,95
2024-W13,2024-03-25,Kirehe,Mpanga,10,61,0.164,88.3,23.0,72,95
2024-W13,2024-03-25,Kirehe,Gahara,15,114,0.132,88.3,23.0,72,95
2024-W13,2024-03-25,Kirehe,Mahama,17,108,0.157,88.3,23.0,72,95
2024-W13,2024-03-25,Kirehe,Nasho,21,117,0.179,88.3,23.0,72,95
2024-W13,2024-03-25,Kirehe,Kigarama,14,76,0.184,88.3,23.0,72,95
2024-W13,2024-03-25,Kirehe,Gatore,14,86,0.163,88.3,23.0,72,95
2024-W13,2024-03-25,Kirehe,Kirehe,14,72,0.194,88.3,23.0,72,95
2024-W13,2024-03-25,Kirehe,Musaza,14,72,0.194,88.3,23.0,72,95
2024-W13,2024-03-25,Kirehe,Kigina,12,82,0.146,88.3,23.0,72,95
2024-W13,2024-03-25,Kirehe,Mushikiri,14,103,0.136,88.3,23.0,72,95
2024-W13,2024-03-25,Kirehe,Nyarubuye,16,115,0.139,88.3,23.0,72,95
2024-W14,2024-04-01,Kirehe,Nyamugari,15,98,0.153,81.0,22.9,72,96
2024-W14,2024-04-01,Kirehe,Mpanga,11,65,0.169,81.0,22.9,72,96
2024-W14,2024-04-01,Kirehe,Gahara,13,64,0.203,81.0,22.9,72,96
2024-W14,2024-04-01,Kirehe,Mahama,18,99,0.182,81.0,22.9,72,96
2024-W14,2024-04-01,Kirehe,Nasho,15,79,0.19,81.0,22.9,72,96
2024-W14,2024-04-01,Kirehe,Kigarama,15,93,0.161,81.0,22.9,72,96
2024-W14,2024-04-01,Kirehe,Gatore,12,60,0.2,81.0,22.9,72,96
2024-W14,2024-04-01,Kirehe,Kirehe,15,70,0.214,81.0,22.9,72,96
2024-W14,2024-04-01,Kirehe,Musaza,15,96,0.156,81.0,22.9,72,96
2024-W14,2024-04-01,Kirehe,Kigina,10,69,0.145,81.0,22.9,72,96
2024-W14,2024-04-01,Kirehe,Mushikiri,12,55,0.218,81.0,22.9,72,96
2024-W14,2024-04-01,Kirehe,Nyarubuye,17,107,0.159,81.0,22.9,72,96
2024-W15,2024-04-08,Kirehe,Nyamugari,18,115,0.157,77.3,23.5,72,96
2024-W15,2024-04-08,Kirehe,Mpanga,13,59,0.22,77.3,23.5,72,96
2024-W15,2024-04-08,Kirehe,Gahara,17,116,0.147,77.3,23.5,72,96
2024-W15,2024-04-08,Kirehe,Mahama,23,161,0.143,77.3,23.5,72,96
2024-W15,2024-04-08,Kirehe,Nasho,27,160,0.169,77.3,23.5,72,96
2024-W15,2024-04-08,Kirehe,Kigarama,16,86,0.186,77.3,23.5,72,96
2024-W15,2024-04-08,Kirehe,Gatore,15,72,0.208,77.3,23.5,72,96
2024-W15,2024-04-08,Kirehe,Kirehe,13,80,0.163,77.3,23.5,72,96
2024-W15,2024-04-08,Kirehe,Musaza,16,93,0.172,77.3,23.5,72,96
2024-W15,2024-04-08,Kirehe,Kigina,13,69,0.188,77.3,23.5,72,96
2024-W15,2024-04-08,Kirehe,Mushikiri,13,77,0.169,77.3,23.5,72,96
2024-W15,2024-04-08,Kirehe,Nyarubuye,19,95,0.2,77.3,23.5,72,96
2024-W16,2024-04-15,Kirehe,Nyamugari,18,65,0.277,84.2,23.2,72,95
2024-W16,2024-04-15,Kirehe,Mpanga,14,56,0.25,84.2,23.2,72,95
2024-W16,2024-04-15,Kirehe,Gahara,14,62,0.226,84.2,23.2,72,95
2024-W16,2024-04-15,Kirehe,Mahama,20,85,0.235,84.2,23.2,72,95
2024-W16,2024-04-15,Kirehe,Nasho,23,90,0.256,84.2,23.2,72,95
2024-W16,2024-04-15,Kirehe,Kigarama,17,64,0.266,84.2,23.2,72,95
2024-W16,2024-04-15,Kirehe,Gatore,13,52,0.25,84.2,23.2,72,95
2024-W16,2024-04-15,Kirehe,Kirehe,18,73,0.247,84.2,23.2,72,95
2024-W16,2024-04-15,Kirehe,Musaza,20,84,0.238,84.2,23.2,72,95
2024-W16,2024-04-15,Kirehe,Kigina,13,50,0.26,84.2,23.2,72,95
2024-W16,2024-04-15,Kirehe,Mushikiri,13,59,0.22,84.2,23.2,72,95
2024-W16,2024-04-15,Kirehe,Nyarubuye,18,77,0.234,84.2,23.2,72,95
2024-W17,2024-04-22,Kirehe,Nyamugari,24,78,0.308,66.2,23.8,72,96
2024-W17,2024-04-22,Kirehe,Mpanga,15,52,0.288,66.2,23.8,72,96
2024-W17,2024-04-22,Kirehe,Gahara,18,71,0.254,66.2,23.8,72,96
2024-W17,2024-04-22,Kirehe,Mahama,26,84,0.31,66.2,23.8,72,96
2024-W17,2024-04-22,Kirehe,Nasho,29,114,0.254,66.2,23.8,72,96
2024-W17,2024-04-22,Kirehe,Kigarama,17,66,0.258,66.2,23.8,72,96
2024-W17,2024-04-22,Kirehe,Gatore,16,58,0.276,66.2,23.8,72,96
2024-W17,2024-04-22,Kirehe,Kirehe,16,63,0.254,66.2,23.8,72,96
2024-W17,2024-04-22,Kirehe,Musaza,22,80,0.275,66.2,23.8,72,96
2024-W17,2024-04-22,Kirehe,Kigina,16,65,0.246,66.2,23.8,72,96
2024-W17,2024-04-22,Kirehe,Mushikiri,22,90,0.244,66.2,23.8,72,96
2024-W17,2024-04-22,Kirehe,Nyarubuye,25,82,0.305,66.2,23.8,72,96
2024-W18,2024-04-29,Kirehe,Nyamugari,27,93,0.29,62.6,24.0,72,98
2024-W18,2024-04-29,Kirehe,Mpanga,19,64,0.297,62.6,24.0,72,98
2024-W18,2024-04-29,Kirehe,Gahara,21,79,0.266,62.6,24.0,72,98
2024-W18,2024-04-29,Kirehe,Mahama,30,92,0.326,62.6,24.0,72,98
2024-W18,2024-04-29,Kirehe,Nasho,34,120,0.283,62.6,24.0,72,98
2024-W18,2024-04-29,Kirehe,Kigarama,20,62,0.323,62.6,24.0,72,98
2024-W18,2024-04-29,Kirehe,Gatore,23,77,0.299,62.6,24.0,72,98
2024-W18,2024-04-29,Kirehe,Kirehe,25,85,0.294,62.6,24.0,72,98
2024-W18,2024-04-29,Kirehe,Musaza,20,72,0.278,62.6,24.0,72,98
2024-W18,2024-04-29,Kirehe,Kigina,20,60,0.333,62.6,24.0,72,98
2024-W18,2024-04-29,Kirehe,Mushikiri,20,65,0.308,62.6,24.0,72,98
2024-W18,2024-04-29,Kirehe,Nyarubuye,24,83,0.289,62.6,24.0,72,98
2024-W19,2024-05-06,Kirehe,Nyamugari,35,104,0.337,58.0,23.9,72,98
2024-W19,2024-05-06,Kirehe,Mpanga,18,53,0.34,58.0,23.9,72,98
2024-W19,2024-05-06,Kirehe,Gahara,26,73,0.356,58.0,23.9,72,98
2024-W19,2024-05-06,Kirehe,Mahama,39,103,0.379,58.0,23.9,72,98
2024-W19,2024-05-06,Kirehe,Nasho,38,123,0.309,58.0,23.9,72,98
2024-W19,2024-05-06,Kirehe,Kigarama,30,95,0.316,58.0,23.9,72,98
2024-W19,2024-05-06,Kirehe,Gatore,23,70,0.329,58.0,23.9,72,98
2024-W19,2024-05-06,Kirehe,Kirehe,27,75,0.36,58.0,23.9,72,98
2024-W19,2024-05-06,Kirehe,Musaza,37,99,0.374,58.0,23.9,72,98
2024-W19,2024-05-06,Kirehe,Kigina,21,66,0.318,58.0,23.9,72,98
2024-W19,2024-05-06,Kirehe,Mushikiri,25,72,0.347,58.0,23.9,72,98
2024-W19,2024-05-06,Kirehe,Nyarubuye,35,95,0.368,58.0,23.9,72,98
2024-W20,2024-05-13,Kirehe,Nyamugari,31,82,0.378,59.0,24.0,72,97
2024-W20,2024-05-13,Kirehe,Mpanga,24,63,0.381,59.0,24.0,72,97
2024-W20,2024-05-13,Kirehe,Gahara,23,58,0.397,59.0,24.0,72,97
2024-W20,2024-05-13,Kirehe,Mahama,39,108,0.361,59.0,24.0,72,97
2024-W20,2024-05-13,Kirehe,Nasho,42,115,0.365,59.0,24.0,72,97
2024-W20,2024-05-13,Kirehe,Kigarama,25,65,0.385,59.0,24.0,72,97
2024-W20,2024-05-13,Kirehe,Gatore,22,59,0.373,59.0,24.0,72,97
2024-W20,2024-05-13,Kirehe,Kirehe,24,59,0.407,59.0,24.0,72,97
2024-W20,2024-05-13,Kirehe,Musaza,32,77,0.416,59.0,24.0,72,97
2024-W20,2024-05-13,Kirehe,Kigina,25,64,0.391,59.0,24.0,72,97
2024-W20,2024-05-13,Kirehe,Mushikiri,24,65,0.369,59.0,24.0,72,97
2024-W20,2024-05-13,Kirehe,Nyarubuye,36,88,0.409,59.0,24.0,72,97
2024-W21,2024-05-20,Kirehe,Nyamugari,37,82,0.451,37.5,23.6,72,96
2024-W21,2024-05-20,Kirehe,Mpanga,29,71,0.408,37.5,23.6,72,96
2024-W21,2024-05-20,Kirehe,Gahara,31,67,0.463,37.5,23.6,72,96
2024-W21,2024-05-20,Kirehe,Mahama,43,90,0.478,37.5,23.6,72,96
2024-W21,2024-05-20,Kirehe,Nasho,42,102,0.412,37.5,23.6,72,96
2024-W21,2024-05-20,Kirehe,Kigarama,34,80,0.425,37.5,23.6,72,96
2024-W21,2024-05-20,Kirehe,Gatore,29,61,0.475,37.5,23.6,72,96
2024-W21,2024-05-20,Kirehe,Kirehe,29,68,0.426,37.5,23.6,72,96
2024-W21,2024-05-20,Kirehe,Musaza,33,78,0.423,37.5,23.6,72,96
2024-W21,2024-05-20,Kirehe,Kigina,30,68,0.441,37.5,23.6,72,96
2024-W21,2024-05-20,Kirehe,Mushikiri,30,69,0.435,37.5,23.6,72,96
2024-W21,2024-05-20,Kirehe,Nyarubuye,41,91,0.451,37.5,23.6,72,96
2024-W22,2024-05-27,Kirehe,Nyamugari,36,74,0.486,35.0,23.6,72,96
2024-W22,2024-05-27,Kirehe,Mpanga,26,50,0.52,35.0,23.6,72,96
2024-W22,2024-05-27,Kirehe,Gahara,31,60,0.517,35.0,23.6,72,96
2024-W22,2024-05-27,Kirehe,Mahama,52,106,0.491,35.0,23.6,72,96
2024-W22,2024-05-27,Kirehe,Nasho,52,103,0.505,35.0,23.6,72,96
2024-W22,2024-05-27,Kirehe,Kigarama,32,70,0.457,35.0,23.6,72,96
2024-W22,2024-05-27,Kirehe,Gatore,29,64,0.453,35.0,23.6,72,96
2024-W22,2024-05-27,Kirehe,Kirehe,36,75,0.48,35.0,23.6,72,96
2024-W22,2024-05-27,Kirehe,Musaza,39,86,0.453,35.0,23.6,72,96
2024-W22,2024-05-27,Kirehe,Kigina,29,57,0.509,35.0,23.6,72,96
2024-W22,2024-05-27,Kirehe,Mushikiri,29,57,0.509,35.0,23.6,72,96
2024-W22,2024-05-27,Kirehe,Nyarubuye,45,100,0.45,35.0,23.6,72,96
2024-W23,2024-06-03,Kirehe,Nyamugari,44,84,0.524,28.3,23.5,72,98
2024-W23,2024-06-03,Kirehe,Mpanga,27,53,0.509,28.3,23.5,72,98
2024-W23,2024-06-03,Kirehe,Gahara,42,77,0.545,28.3,23.5,72,98
2024-W23,2024-06-03,Kirehe,Mahama,45,81,0.556,28.3,23.5,72,98
2024-W23,2024-06-03,Kirehe,Nasho,48,85,0.565,28.3,23.5,72,98
2024-W23,2024-06-03,Kirehe,Kigarama,40,77,0.519,28.3,23.5,72,98
2024-W23,2024-06-03,Kirehe,Gatore,28,55,0.509,28.3,23.5,72,98
2024-W23,2024-06-03,Kirehe,Kirehe,33,64,0.516,28.3,23.5,72,98
2024-W23,2024-06-03,Kirehe,Musaza,41,80,0.512,28.3,23.5,72,98
2024-W23,2024-06-03,Kirehe,Kigina,29,57,0.509,28.3,23.5,72,98
2024-W23,2024-06-03,Kirehe,Mushikiri,27,52,0.519,28.3,23.5,72,98
2024-W23,2024-06-03,Kirehe,Nyarubuye,40,75,0.533,28.3,23.5,72,98
2024-W24,2024-06-10,Kirehe,Nyamugari,47,86,0.547,26.4,22.9,72,95
2024-W24,2024-06-10,Kirehe,Mpanga,26,52,0.5,26.4,22.9,72,95
2024-W24,2024-06-10,Kirehe,Gahara,33,62,0.532,26.4,22.9,72,95
2024-W24,2024-06-10,Kirehe,Mahama,40,77,0.519,26.4,22.9,72,95
2024-W24,2024-06-10,Kirehe,Nasho,45,87,0.517,26.4,22.9,72,95
2024-W24,2024-06-10,Kirehe,Kigarama,37,73,0.507,26.4,22.9,72,95
2024-W24,2024-06-10,Kirehe,Gatore,31,55,0.564,26.4,22.9,72,95
2024-W24,2024-06-10,Kirehe,Kirehe,32,57,0.561,26.4,22.9,72,95
2024-W24,2024-06-10,Kirehe,Musaza,32,59,0.542,26.4,22.9,72,95
2024-W24,2024-06-10,Kirehe,Kigina,26,52,0.5,26.4,22.9,72,95
2024-W24,2024-06-10,Kirehe,Mushikiri,28,50,0.56,26.4,22.9,72,95
2024-W24,2024-06-10,Kirehe,Nyarubuye,44,80,0.55,26.4,22.9,72,95
2024-W25,2024-06-17,Kirehe,Nyamugari,42,84,0.5,18.5,22.7,72,98
2024-W25,2024-06-17,Kirehe,Mpanga,32,65,0.492,18.5,22.7,72,98
2024-W25,2024-06-17,Kirehe,Gahara,36,67,0.537,18.5,22.7,72,98
2024-W25,2024-06-17,Kirehe,Mahama,47,96,0.49,18.5,22.7,72,98
2024-W25,2024-06-17,Kirehe,Nasho,51,101,0.505,18.5,22.7,72,98
2024-W25,2024-06-17,Kirehe,Kigarama,33,68,0.485,18.5,22.7,72,98
2024-W25,2024-06-17,Kirehe,Gatore,31,65,0.477,18.5,22.7,72,98
2024-W25,2024-06-17,Kirehe,Kirehe,35,68,0.515,18.5,22.7,72,98
2024-W25,2024-06-17,Kirehe,Musaza,42,87,0.483,18.5,22.7,72,98
2024-W25,2024-06-17,Kirehe,Kigina,30,62,0.484,18.5,22.7,72,98
2024-W25,2024-06-17,Kirehe,Mushikiri,29,57,0.509,18.5,22.7,72,98
2024-W25,2024-06-17,Kirehe,Nyarubuye,48,99,0.485,18.5,22.7,72,98
2024-W26,2024-06-24,Kirehe,Nyamugari,49,102,0.48,15.9,23.4,69,98
2024-W26,2024-06-24,Kirehe,Mpanga,30,63,0.476,15.9,23.4,69,98
2024-W26,2024-06-24,Kirehe,Gahara,39,76,0.513,15.9,23.4,69,98
2024-W26,2024-06-24,Kirehe,Mahama,50,96,0.521,15.9,23.4,69,98
2024-W26,2024-06-24,Kirehe,Nasho,53,102,0.52,15.9,23.4,69,98
2024-W26,2024-06-24,Kirehe,Kigarama,37,74,0.5,15.9,23.4,69,98
2024-W26,2024-06-24,Kirehe,Gatore,34,68,0.5,15.9,23.4,69,98
2024-W26,2024-06-24,Kirehe,Kirehe,38,75,0.507,15.9,23.4,69,98
2024-W26,2024-06-24,Kirehe,Musaza,47,100,0.47,15.9,23.4,69,98
2024-W26,2024-06-24,Kirehe,Kigina,35,71,0.493,15.9,23.4,69,98
2024-W26,2024-06-24,Kirehe,Mushikiri,31,60,0.517,15.9,23.4,69,98
2024-W26,2024-06-24,Kirehe,Nyarubuye,63,129,0.488,15.9,23.4,69,98
2024-W27,2024-07-01,Kirehe,Nyamugari,41,96,0.427,14.7,23.2,69,99
2024-W27,2024-07-01,Kirehe,Mpanga,30,72,0.417,14.7,23.2,69,99
2024-W27,2024-07-01,Kirehe,Gahara,38,77,0.494,14.7,23.2,69,99
2024-W27,2024-07-01,Kirehe,Mahama,48,112,0.429,14.7,23.2,69,99
2024-W27,2024-07-01,Kirehe,Nasho,47,112,0.42,14.7,23.2,69,99
2024-W27,2024-07-01,Kirehe,Kigarama,33,68,0.485,14.7,23.2,69,99
2024-W27,2024-07-01,Kirehe,Gatore,36,81,0.444,14.7,23.2,69,99
2024-W27,2024-07-01,Kirehe,Kirehe,36,75,0.48,14.7,23.2,69,99
2024-W27,2024-07-01,Kirehe,Musaza,43,91,0.473,14.7,23.2,69,99
2024-W27,2024-07-01,Kirehe,Kigina,31,74,0.419,14.7,23.2,69,99
2024-W27,2024-07-01,Kirehe,Mushikiri,31,73,0.425,14.7,23.2,69,99
2024-W27,2024-07-01,Kirehe,Nyarubuye,47,97,0.485,14.7,23.2,69,99
2024-W28,2024-07-08,Kirehe,Nyamugari,39,96,0.406,17.4,22.6,69,98
2024-W28,2024-07-08,Kirehe,Mpanga,29,72,0.403,17.4,22.6,69,98
2024-W28,2024-07-08,Kirehe,Gahara,26,73,0.356,17.4,22.6,69,98
2024-W28,2024-07-08,Kirehe,Mahama,44,119,0.37,17.4,22.6,69,98
2024-W28,2024-07-08,Kirehe,Nasho,45,111,0.405,17.4,22.6,69,98
2024-W28,2024-07-08,Kirehe,Kigarama,30,84,0.357,17.4,22.6,69,98
2024-W28,2024-07-08,Kirehe,Gatore,31,87,0.356,17.4,22.6,69,98
2024-W28,2024-07-08,Kirehe,Kirehe,30,75,0.4,17.4,22.6,69,98
2024-W28,2024-07-08,Kirehe,Musaza,32,87,0.368,17.4,22.6,69,98
2024-W28,2024-07-08,Kirehe,Kigina,27,77,0.351,17.4,22.6,69,98
2024-W28,2024-07-08,Kirehe,Mushikiri,24,67,0.358,17.4,22.6,69,98
2024-W28,2024-07-08,Kirehe,Nyarubuye,38,98,0.388,17.4,22.6,69,98
2024-W29,2024-07-15,Kirehe,Nyamugari,36,117,0.308,11.9,22.4,69,98
2024-W29,2024-07-15,Kirehe,Mpanga,22,64,0.344,11.9,22.4,69,98
2024-W29,2024-07-15,Kirehe,Gahara,25,77,0.325,11.9,22.4,69,98
2024-W29,2024-07-15,Kirehe,Mahama,38,129,0.295,11.9,22.4,69,98
2024-W29,2024-07-15,Kirehe,Nasho,43,121,0.355,11.9,22.4,69,98
2024-W29,2024-07-15,Kirehe,Kigarama,26,74,0.351,11.9,22.4,69,98
2024-W29,2024-07-15,Kirehe,Gatore,29,96,0.302,11.9,22.4,69,98
2024-W29,2024-07-15,Kirehe,Kirehe,33,100,0.33,11.9,22.4,69,98
2024-W29,2024-07-15,Kirehe,Musaza,28,95,0.295,11.9,22.4,69,98
2024-W29,2024-07-15,Kirehe,Kigina,24,79,0.304,11.9,22.4,69,98
2024-W29,2024-07-15,Kirehe,Mushikiri,20,64,0.312,11.9,22.4,69,98
2024-W29,2024-07-15,Kirehe,Nyarubuye,31,106,0.292,11.9,22.4,69,98
2024-W30,2024-07-22,Kirehe,Nyamugari,38,123,0.309,13.7,22.0,69,98
2024-W30,2024-07-22,Kirehe,Mpanga,23,70,0.329,13.7,22.0,69,98
2024-W30,2024-07-22,Kirehe,Gahara,23,76,0.303,13.7,22.0,69,98
2024-W30,2024-07-22,Kirehe,Mahama,35,112,0.312,13.7,22.0,69,98
2024-W30,2024-07-22,Kirehe,Nasho,39,108,0.361,13.7,22.0,69,98
2024-W30,2024-07-22,Kirehe,Kigarama,28,89,0.315,13.7,22.0,69,98
2024-W30,2024-07-22,Kirehe,Gatore,25,79,0.316,13.7,22.0,69,98
2024-W30,2024-07-22,Kirehe,Kirehe,25,69,0.362,13.7,22.0,69,98
2024-W30,2024-07-22,Kirehe,Musaza,28,88,0.318,13.7,22.0,69,98
2024-W30,2024-07-22,Kirehe,Kigina,21,72,0.292,13.7,22.0,69,98
2024-W30,2024-07-22,Kirehe,Mushikiri,23,64,0.359,13.7,22.0,69,98
2024-W30,2024-07-22,Kirehe,Nyarubuye,34,94,0.362,13.7,22.0,69,98
2024-W31,2024-07-29,Kirehe,Nyamugari,29,129,0.225,14.9,22.3,69,98
2024-W31,2024-07-29,Kirehe,Mpanga,19,81,0.235,14.9,22.3,69,98
2024-W31,2024-07-29,Kirehe,Gahara,20,73,0.274,14.9,22.3,69,98
2024-W31,2024-07-29,Kirehe,Mahama,34,148,0.23,14.9,22.3,69,98
2024-W31,2024-07-29,Kirehe,Nasho,27,119,0.227,14.9,22.3,69,98
2024-W31,2024-07-29,Kirehe,Kigarama,22,99,0.222,14.9,22.3,69,98
2024-W31,2024-07-29,Kirehe,Gatore,24,93,0.258,14.9,22.3,69,98
2024-W31,2024-07-29,Kirehe,Kirehe,19,90,0.211,14.9,22.3,69,98
2024-W31,2024-07-29,Kirehe,Musaza,26,95,0.274,14.9,22.3,69,98
2024-W31,2024-07-29,Kirehe,Kigina,18,84,0.214,14.9,22.3,69,98
2024-W31,2024-07-29,Kirehe,Mushikiri,22,82,0.268,14.9,22.3,69,98
2024-W31,2024-07-29,Kirehe,Nyarubuye,26,102,0.255,14.9,22.3,69,98
2024-W32,2024-08-05,Kirehe,Nyamugari,25,104,0.24,15.2,21.8,69,98
2024-W32,2024-08-05,Kirehe,Mpanga,16,67,0.239,15.2,21.8,69,98
2024-W32,2024-08-05,Kirehe,Gahara,18,86,0.209,15.2,21.8,69,98
2024-W32,2024-08-05,Kirehe,Mahama,30,128,0.234,15.2,21.8,69,98
2024-W32,2024-08-05,Kirehe,Nasho,31,156,0.199,15.2,21.8,69,98
2024-W32,2024-08-05,Kirehe,Kigarama,22,88,0.25,15.2,21.8,69,98
2024-W32,2024-08-05,Kirehe,Gatore,18,77,0.234,15.2,21.8,69,98
2024-W32,2024-08-05,Kirehe,Kirehe,21,88,0.239,15.2,21.8,69,98
2024-W32,2024-08-05,Kirehe,Musaza,21,82,0.256,15.2,21.8,69,98
2024-W32,2024-08-05,Kirehe,Kigina,16,81,0.198,15.2,21.8,69,98
2024-W32,2024-08-05,Kirehe,Mushikiri,16,66,0.242,15.2,21.8,69,98
2024-W32,2024-08-05,Kirehe,Nyarubuye,28,121,0.231,15.2,21.8,69,98
2024-W33,2024-08-12,Kirehe,Nyamugari,26,149,0.174,25.0,21.9,69,99
2024-W33,2024-08-12,Kirehe,Mpanga,17,82,0.207,25.0,21.9,69,99
2024-W33,2024-08-12,Kirehe,Gahara,21,106,0.198,25.0,21.9,69,99
2024-W33,2024-08-12,Kirehe,Mahama,29,164,0.177,25.0,21.9,69,99
2024-W33,2024-08-12,Kirehe,Nasho,30,169,0.178,25.0,21.9,69,99
2024-W33,2024-08-12,Kirehe,Kigarama,17,75,0.227,25.0,21.9,69,99
2024-W33,2024-08-12,Kirehe,Gatore,18,80,0.225,25.0,21.9,69,99
2024-W33,2024-08-12,Kirehe,Kirehe,21,127,0.165,25.0,21.9,69,99
2024-W33,2024-08-12,Kirehe,Musaza,20,117,0.171,25.0,21.9,69,99
2024-W33,2024-08-12,Kirehe,Kigina,16,98,0.163,25.0,21.9,69,99
2024-W33,2024-08-12,Kirehe,Mushikiri,15,93,0.161,25.0,21.9,69,99
2024-W33,2024-08-12,Kirehe,Nyarubuye,27,118,0.229,25.0,21.9,69,99
2024-W34,2024-08-19,Kirehe,Nyamugari,18,111,0.162,31.9,21.8,69,96
2024-W34,2024-08-19,Kirehe,Mpanga,14,77,0.182,31.9,21.8,69,96
2024-W34,2024-08-19,Kirehe,Gahara,16,74,0.216,31.9,21.8,69,96
2024-W34,2024-08-19,Kirehe,Mahama,25,132,0.189,31.9,21.8,69,96
2024-W34,2024-08-19,Kirehe,Nasho,27,148,0.182,31.9,21.8,69,96
2024-W34,2024-08-19,Kirehe,Kigarama,15,87,0.172,31.9,21.8,69,96
2024-W34,2024-08-19,Kirehe,Gatore,15,86,0.174,31.9,21.8,69,96
2024-W34,2024-08-19,Kirehe,Kirehe,16,86,0.186,31.9,21.8,69,96
2024-W34,2024-08-19,Kirehe,Musaza,17,104,0.163,31.9,21.8,69,96
2024-W34,2024-08-19,Kirehe,Kigina,14,85,0.165,31.9,21.8,69,96
2024-W34,2024-08-19,Kirehe,Mushikiri,14,70,0.2,31.9,21.8,69,96
2024-W34,2024-08-19,Kirehe,Nyarubuye,15,65,0.231,31.9,21.8,69,96
2024-W35,2024-08-26,Kirehe,Nyamugari,23,106,0.217,34.2,22.0,69,96
2024-W35,2024-08-26,Kirehe,Mpanga,13,65,0.2,34.2,22.0,69,96
2024-W35,2024-08-26,Kirehe,Gahara,17,107,0.159,34.2,22.0,69,96
2024-W35,2024-08-26,Kirehe,Mahama,25,138,0.181,34.2,22.0,69,96
2024-W35,2024-08-26,Kirehe,Nasho,26,144,0.181,34.2,22.0,69,96
2024-W35,2024-08-26,Kirehe,Kigarama,16,79,0.203,34.2,22.0,69,96
2024-W35,2024-08-26,Kirehe,Gatore,14,86,0.163,34.2,22.0,69,96
2024-W35,2024-08-26,Kirehe,Kirehe,18,120,0.15,34.2,22.0,69,96
2024-W35,2024-08-26,Kirehe,Musaza,24,123,0.195,34.2,22.0,69,96
2024-W35,2024-08-26,Kirehe,Kigina,15,76,0.197,34.2,22.0,69,96
2024-W35,2024-08-26,Kirehe,Mushikiri,17,80,0.212,34.2,22.0,69,96
2024-W35,2024-08-26,Kirehe,Nyarubuye,22,153,0.144,34.2,22.0,69,96
2024-W36,2024-09-02,Kirehe,Nyamugari,22,139,0.158,40.1,21.7,69,97
2024-W36,2024-09-02,Kirehe,Mpanga,15,92,0.163,40.1,21.7,69,97
2024-W36,2024-09-02,Kirehe,Gahara,14,91,0.154,40.1,21.7,69,97
2024-W36,2024-09-02,Kirehe,Mahama,20,123,0.163,40.1,21.7,69,97
2024-W36,2024-09-02,Kirehe,Nasho,21,139,0.151,40.1,21.7,69,97
2024-W36,2024-09-02,Kirehe,Kigarama,14,93,0.151,40.1,21.7,69,97
2024-W36,2024-09-02,Kirehe,Gatore,13,99,0.131,40.1,21.7,69,97
2024-W36,2024-09-02,Kirehe,Kirehe,20,123,0.163,40.1,21.7,69,97
2024-W36,2024-09-02,Kirehe,Musaza,17,99,0.172,40.1,21.7,69,97
2024-W36,2024-09-02,Kirehe,Kigina,14,78,0.179,40.1,21.7,69,97
2024-W36,2024-09-02,Kirehe,Mushikiri,13,109,0.119,40.1,21.7,69,97
2024-W36,2024-09-02,Kirehe,Nyarubuye,22,184,0.12,40.1,21.7,69,97
2024-W37,2024-09-09,Kirehe,Nyamugari,14,88,0.159,44.8,20.9,69,95
2024-W37,2024-09-09,Kirehe,Mpanga,10,48,0.208,44.8,20.9,69,95
2024-W37,2024-09-09,Kirehe,Gahara,15,75,0.2,44.8,20.9,69,95
2024-W37,2024-09-09,Kirehe,Mahama,16,102,0.157,44.8,20.9,69,95
2024-W37,2024-09-09,Kirehe,Nasho,19,125,0.152,44.8,20.9,69,95
2024-W37,2024-09-09,Kirehe,Kigarama,14,80,0.175,44.8,20.9,69,95
2024-W37,2024-09-09,Kirehe,Gatore,13,66,0.197,44.8,20.9,69,95
2024-W37,2024-09-09,Kirehe,Kirehe,16,79,0.203,44.8,20.9,69,95
2024-W37,2024-09-09,Kirehe,Musaza,16,88,0.182,44.8,20.9,69,95
2024-W37,2024-09-09,Kirehe,Kigina,14,74,0.189,44.8,20.9,69,95
2024-W37,2024-09-09,Kirehe,Mushikiri,12,56,0.214,44.8,20.9,69,95
2024-W37,2024-09-09,Kirehe,Nyarubuye,16,82,0.195,44.8,20.9,69,95
2024-W38,2024-09-16,Kirehe,Nyamugari,15,131,0.115,61.1,20.7,69,97
2024-W38,2024-09-16,Kirehe,Mpanga,10,71,0.141,61.1,20.7,69,97
2024-W38,2024-09-16,Kirehe,Gahara,13,88,0.148,61.1,20.7,69,97
2024-W38,2024-09-16,Kirehe,Mahama,15,83,0.181,61.1,20.7,69,97
2024-W38,2024-09-16,Kirehe,Nasho,20,110,0.182,61.1,20.7,69,97
2024-W38,2024-09-16,Kirehe,Kigarama,15,93,0.161,61.1,20.7,69,97
2024-W38,2024-09-16,Kirehe,Gatore,12,94,0.128,61.1,20.7,69,97
2024-W38,2024-09-16,Kirehe,Kirehe,12,95,0.126,61.1,20.7,69,97
2024-W38,2024-09-16,Kirehe,Musaza,16,119,0.134,61.1,20.7,69,97
2024-W38,2024-09-16,Kirehe,Kigina,11,59,0.186,61.1,20.7,69,97
2024-W38,2024-09-16,Kirehe,Mushikiri,11,61,0.18,61.1,20.7,69,97
2024-W38,2024-09-16,Kirehe,Nyarubuye,18,104,0.173,61.1,20.7,69,97
2024-W39,2024-09-23,Kirehe,Nyamugari,20,92,0.217,76.9,20.4,69,97
2024-W39,2024-09-23,Kirehe,Mpanga,13,78,0.167,76.9,20.4,69,97
2024-W39,2024-09-23,Kirehe,Gahara,13,60,0.217,76.9,20.4,69,97
2024-W39,2024-09-23,Kirehe,Mahama,22,123,0.179,76.9,20.4,69,97
2024-W39,2024-09-23,Kirehe,Nasho,19,87,0.218,76.9,20.4,69,97
2024-W39,2024-09-23,Kirehe,Kigarama,16,70,0.229,76.9,20.4,69,97
2024-W39,2024-09-23,Kirehe,Gatore,13,57,0.228,76.9,20.4,69,97
2024-W39,2024-09-23,Kirehe,Kirehe,16,83,0.193,76.9,20.4,69,97
2024-W39,2024-09-23,Kirehe,Musaza,18,97,0.186,76.9,20.4,69,97
2024-W39,2024-09-23,Kirehe,Kigina,13,69,0.188,76.9,20.4,69,97
2024-W39,2024-09-23,Kirehe,Mushikiri,13,75,0.173,76.9,20.4,69,97
2024-W39,2024-09-23,Kirehe,Nyarubuye,19,90,0.211,76.9,20.4,69,97
2024-W40,2024-09-30,Kirehe,Nyamugari,20,90,0.222,89.5,20.5,69,99
2024-W40,2024-09-30,Kirehe,Mpanga,13,84,0.155,89.5,20.5,69,99
2024-W40,2024-09-30,Kirehe,Gahara,15,74,0.203,89.5,20.5,69,99
2024-W40,2024-09-30,Kirehe,Mahama,30,181,0.166,89.5,20.5,69,99
2024-W40,2024-09-30,Kirehe,Nasho,24,143,0.168,89.5,20.5,69,99
2024-W40,2024-09-30,Kirehe,Kigarama,16,83,0.193,89.5,20.5,69,99
2024-W40,2024-09-30,Kirehe,Gatore,13,69,0.188,89.5,20.5,69,99
2024-W40,2024-09-30,Kirehe,Kirehe,16,91,0.176,89.5,20.5,69,99
2024-W40,2024-09-30,Kirehe,Musaza,17,91,0.187,89.5,20.5,69,99
2024-W40,2024-09-30,Kirehe,Kigina,14,73,0.192,89.5,20.5,69,99
2024-W40,2024-09-30,Kirehe,Mushikiri,14,69,0.203,89.5,20.5,69,99
2024-W40,2024-09-30,Kirehe,Nyarubuye,21,96,0.219,89.5,20.5,69,99
2024-W41,2024-10-07,Kirehe,Nyamugari,23,92,0.25,84.3,20.2,72,97
2024-W41,2024-10-07,Kirehe,Mpanga,15,66,0.227,84.3,20.2,72,97
2024-W41,2024-10-07,Kirehe,Gahara,19,78,0.244,84.3,20.2,72,97
2024-W41,2024-10-07,Kirehe,Mahama,27,117,0.231,84.3,20.2,72,97
2024-W41,2024-10-07,Kirehe,Nasho,23,116,0.198,84.3,20.2,72,97
2024-W41,2024-10-07,Kirehe,Kigarama,14,77,0.182,84.3,20.2,72,97
2024-W41,2024-10-07,Kirehe,Gatore,15,87,0.172,84.3,20.2,72,97
2024-W41,2024-10-07,Kirehe,Kirehe,19,103,0.184,84.3,20.2,72,97
2024-W41,2024-10-07,Kirehe,Musaza,19,107,0.178,84.3,20.2,72,97
2024-W41,2024-10-07,Kirehe,Kigina,13,57,0.228,84.3,20.2,72,97
2024-W41,2024-10-07,Kirehe,Mushikiri,16,90,0.178,84.3,20.2,72,97
2024-W41,2024-10-07,Kirehe,Nyarubuye,21,87,0.241,84.3,20.2,72,97
2024-W42,2024-10-14,Kirehe,Nyamugari,26,110,0.236,49.4,21.1,72,95
2024-W42,2024-10-14,Kirehe,Mpanga,15,70,0.214,49.4,21.1,72,95
2024-W42,2024-10-14,Kirehe,Gahara,17,71,0.239,49.4,21.1,72,95
2024-W42,2024-10-14,Kirehe,Mahama,29,109,0.266,49.4,21.1,72,95
2024-W42,2024-10-14,Kirehe,Nasho,24,105,0.229,49.4,21.1,72,95
2024-W42,2024-10-14,Kirehe,Kigarama,17,83,0.205,49.4,21.1,72,95
2024-W42,2024-10-14,Kirehe,Gatore,19,89,0.213,49.4,21.1,72,95
2024-W42,2024-10-14,Kirehe,Kirehe,20,88,0.227,49.4,21.1,72,95
2024-W42,2024-10-14,Kirehe,Musaza,20,75,0.267,49.4,21.1,72,95
2024-W42,2024-10-14,Kirehe,Kigina,18,71,0.254,49.4,21.1,72,95
2024-W42,2024-10-14,Kirehe,Mushikiri,15,54,0.278,49.4,21.1,72,95
2024-W42,2024-10-14,Kirehe,Nyarubuye,23,85,0.271,49.4,21.1,72,95
2024-W43,2024-10-21,Kirehe,Nyamugari,26,100,0.26,72.8,20.0,72,96
2024-W43,2024-10-21,Kirehe,Mpanga,18,69,0.261,72.8,20.0,72,96
2024-W43,2024-10-21,Kirehe,Gahara,20,76,0.263,72.8,20.0,72,96
2024-W43,2024-10-21,Kirehe,Mahama,29,120,0.242,72.8,20.0,72,96
2024-W43,2024-10-21,Kirehe,Nasho,32,139,0.23,72.8,20.0,72,96
2024-W43,2024-10-21,Kirehe,Kigarama,24,98,0.245,72.8,20.0,72,96
2024-W43,2024-10-21,Kirehe,Gatore,19,73,0.26,72.8,20.0,72,96
2024-W43,2024-10-21,Kirehe,Kirehe,22,85,0.259,72.8,20.0,72,96
2024-W43,2024-10-21,Kirehe,Musaza,24,102,0.235,72.8,20.0,72,96
2024-W43,2024-10-21,Kirehe,Kigina,25,104,0.24,72.8,20.0,72,96
2024-W43,2024-10-21,Kirehe,Mushikiri,17,78,0.218,72.8,20.0,72,96
2024-W43,2024-10-21,Kirehe,Nyarubuye,26,100,0.26,72.8,20.0,72,96
2024-W44,2024-10-28,Kirehe,Nyamugari,39,147,0.265,58.9,20.7,72,97
2024-W44,2024-10-28,Kirehe,Mpanga,24,81,0.296,58.9,20.7,72,97
2024-W44,2024-10-28,Kirehe,Gahara,31,113,0.274,58.9,20.7,72,97
2024-W44,2024-10-28,Kirehe,Mahama,36,116,0.31,58.9,20.7,72,97
2024-W44,2024-10-28,Kirehe,Nasho,40,124,0.323,58.9,20.7,72,97
2024-W44,2024-10-28,Kirehe,Kigarama,30,114,0.263,58.9,20.7,72,97
2024-W44,2024-10-28,Kirehe,Gatore,28,90,0.311,58.9,20.7,72,97
2024-W44,2024-10-28,Kirehe,Kirehe,29,92,0.315,58.9,20.7,72,97
2024-W44,2024-10-28,Kirehe,Musaza,33,109,0.303,58.9,20.7,72,97
2024-W44,2024-10-28,Kirehe,Kigina,25,99,0.253,58.9,20.7,72,97
2024-W44,2024-10-28,Kirehe,Mushikiri,26,94,0.277,58.9,20.7,72,97
2024-W44,2024-10-28,Kirehe,Nyarubuye,31,95,0.326,58.9,20.7,72,97
2024-W45,2024-11-04,Kirehe,Nyamugari,39,134,0.291,47.6,19.8,72,95
2024-W45,2024-11-04,Kirehe,Mpanga,21,64,0.328,47.6,19.8,72,95
2024-W45,2024-11-04,Kirehe,Gahara,34,103,0.33,47.6,19.8,72,95
2024-W45,2024-11-04,Kirehe,Mahama,46,144,0.319,47.6,19.8,72,95
2024-W45,2024-11-04,Kirehe,Nasho,47,156,0.301,47.6,19.8,72,95
2024-W45,2024-11-04,Kirehe,Kigarama,34,104,0.327,47.6,19.8,72,95
2024-W45,2024-11-04,Kirehe,Gatore,24,69,0.348,47.6,19.8,72,95
2024-W45,2024-11-04,Kirehe,Kirehe,33,109,0.303,47.6,19.8,72,95
2024-W45,2024-11-04,Kirehe,Musaza,35,102,0.343,47.6,19.8,72,95
2024-W45,2024-11-04,Kirehe,Kigina,23,72,0.319,47.6,19.8,72,95
2024-W45,2024-11-04,Kirehe,Mushikiri,22,64,0.344,47.6,19.8,72,95
2024-W45,2024-11-04,Kirehe,Nyarubuye,39,118,0.331,47.6,19.8,72,95
2024-W46,2024-11-11,Kirehe,Nyamugari,37,98,0.378,44.4,21.0,72,99
2024-W46,2024-11-11,Kirehe,Mpanga,23,66,0.348,44.4,21.0,72,99
2024-W46,2024-11-11,Kirehe,Gahara,33,97,0.34,44.4,21.0,72,99
2024-W46,2024-11-11,Kirehe,Mahama,43,122,0.352,44.4,21.0,72,99
2024-W46,2024-11-11,Kirehe,Nasho,54,140,0.386,44.4,21.0,72,99
2024-W46,2024-11-11,Kirehe,Kigarama,32,83,0.386,44.4,21.0,72,99
2024-W46,2024-11-11,Kirehe,Gatore,31,91,0.341,44.4,21.0,72,99
2024-W46,2024-11-11,Kirehe,Kirehe,39,102,0.382,44.4,21.0,72,99
2024-W46,2024-11-11,Kirehe,Musaza,36,106,0.34,44.4,21.0,72,99
2024-W46,2024-11-11,Kirehe,Kigina,31,87,0.356,44.4,21.0,72,99
2024-W46,2024-11-11,Kirehe,Mushikiri,32,94,0.34,44.4,21.0,72,99
2024-W46,2024-11-11,Kirehe,Nyarubuye,45,123,0.366,44.4,21.0,72,99
2024-W47,2024-11-18,Kirehe,Nyamugari,48,114,0.421,26.5,20.3,72,98
2024-W47,2024-11-18,Kirehe,Mpanga,23,56,0.411,26.5,20.3,72,98
2024-W47,2024-11-18,Kirehe,Gahara,36,87,0.414,26.5,20.3,72,98
2024-W47,2024-11-18,Kirehe,Mahama,49,101,0.485,26.5,20.3,72,98
2024-W47,2024-11-18,Kirehe,Nasho,55,115,0.478,26.5,20.3,72,98
2024-W47,2024-11-18,Kirehe,Kigarama,35,72,0.486,26.5,20.3,72,98
2024-W47,2024-11-18,Kirehe,Gatore,34,70,0.486,26.5,20.3,72,98
2024-W47,2024-11-18,Kirehe,Kirehe,34,71,0.479,26.5,20.3,72,98
2024-W47,2024-11-18,Kirehe,Musaza,43,100,0.43,26.5,20.3,72,98
2024-W47,2024-11-18,Kirehe,Kigina,29,68,0.426,26.5,20.3,72,98
2024-W47,2024-11-18,Kirehe,Mushikiri,34,72,0.472,26.5,20.3,72,98
2024-W47,2024-11-18,Kirehe,Nyarubuye,46,96,0.479,26.5,20.3,72,98
2024-W48,2024-11-25,Kirehe,Nyamugari,51,96,0.531,32.1,20.4,72,98
2024-W48,2024-11-25,Kirehe,Mpanga,35,68,0.515,32.1,20.4,72,98
2024-W48,2024-11-25,Kirehe,Gahara,44,89,0.494,32.1,20.4,72,98
2024-W48,2024-11-25,Kirehe,Mahama,55,108,0.509,32.1,20.4,72,98
2024-W48,2024-11-25,Kirehe,Nasho,73,150,0.487,32.1,20.4,72,98
2024-W48,2024-11-25,Kirehe,Kigarama,55,107,0.514,32.1,20.4,72,98
2024-W48,2024-11-25,Kirehe,Gatore,36,69,0.522,32.1,20.4,72,98
2024-W48,2024-11-25,Kirehe,Kirehe,50,104,0.481,32.1,20.4,72,98
2024-W48,2024-11-25,Kirehe,Musaza,44,82,0.537,32.1,20.4,72,98
2024-W48,2024-11-25,Kirehe,Kigina,40,74,0.541,32.1,20.4,72,98
2024-W48,2024-11-25,Kirehe,Mushikiri,35,69,0.507,32.1,20.4,72,98
2024-W48,2024-11-25,Kirehe,Nyarubuye,53,100,0.53,32.1,20.4,72,98
2024-W49,2024-12-02,Kirehe,Nyamugari,52,109,0.477,16.6,21.0,72,99
2024-W49,2024-12-02,Kirehe,Mpanga,30,61,0.492,16.6,21.0,72,99
2024-W49,2024-12-02,Kirehe,Gahara,39,81,0.481,16.6,21.0,72,99
2024-W49,2024-12-02,Kirehe,Mahama,58,110,0.527,16.6,21.0,72,99
2024-W49,2024-12-02,Kirehe,Nasho,64,116,0.552,16.6,21.0,72,99
2024-W49,2024-12-02,Kirehe,Kigarama,33,64,0.516,16.6,21.0,72,99
2024-W49,2024-12-02,Kirehe,Gatore,37,76,0.487,16.6,21.0,72,99
2024-W49,2024-12-02,Kirehe,Kirehe,43,81,0.531,16.6,21.0,72,99
2024-W49,2024-12-02,Kirehe,Musaza,44,87,0.506,16.6,21.0,72,99
2024-W49,2024-12-02,Kirehe,Kigina,34,72,0.472,16.6,21.0,72,99
2024-W49,2024-12-02,Kirehe,Mushikiri,38,75,0.507,16.6,21.0,72,99
2024-W49,2024-12-02,Kirehe,Nyarubuye,48,100,0.48,16.6,21.0,72,99
2024-W50,2024-12-09,Kirehe,Nyamugari,52,96,0.542,19.4,20.7,72,99
2024-W50,2024-12-09,Kirehe,Mpanga,33,57,0.579,19.4,20.7,72,99
2024-W50,2024-12-09,Kirehe,Gahara,47,82,0.573,19.4,20.7,72,99
2024-W50,2024-12-09,Kirehe,Mahama,72,140,0.514,19.4,20.7,72,99
2024-W50,2024-12-09,Kirehe,Nasho,56,102,0.549,19.4,20.7,72,99
2024-W50,2024-12-09,Kirehe,Kigarama,51,102,0.5,19.4,20.7,72,99
2024-W50,2024-12-09,Kirehe,Gatore,53,96,0.552,19.4,20.7,72,99
2024-W50,2024-12-09,Kirehe,Kirehe,44,88,0.5,19.4,20.7,72,99
2024-W50,2024-12-09,Kirehe,Musaza,56,111,0.505,19.4,20.7,72,99
2024-W50,2024-12-09,Kirehe,Kigina,43,78,0.551,19.4,20.7,72,99
2024-W50,2024-12-09,Kirehe,Mushikiri,45,80,0.562,19.4,20.7,72,99
2024-W50,2024-12-09,Kirehe,Nyarubuye,67,126,0.532,19.4,20.7,72,99
2024-W51,2024-12-16,Kirehe,Nyamugari,59,119,0.496,14.5,20.2,72,97
2024-W51,2024-12-16,Kirehe,Mpanga,39,69,0.565,14.5,20.2,72,97
2024-W51,2024-12-16,Kirehe,Gahara,40,74,0.541,14.5,20.2,72,97
2024-W51,2024-12-16,Kirehe,Mahama,65,133,0.489,14.5,20.2,72,97
2024-W51,2024-12-16,Kirehe,Nasho,52,106,0.491,14.5,20.2,72,97
2024-W51,2024-12-16,Kirehe,Kigarama,38,71,0.535,14.5,20.2,72,97
2024-W51,2024-12-16,Kirehe,Gatore,35,69,0.507,14.5,20.2,72,97
2024-W51,2024-12-16,Kirehe,Kirehe,45,80,0.562,14.5,20.2,72,97
2024-W51,2024-12-16,Kirehe,Musaza,47,93,0.505,14.5,20.2,72,97
2024-W51,2024-12-16,Kirehe,Kigina,41,79,0.519,14.5,20.2,72,97
2024-W51,2024-12-16,Kirehe,Mushikiri,36,67,0.537,14.5,20.2,72,97
2024-W51,2024-12-16,Kirehe,Nyarubuye,55,106,0.519,14.5,20.2,72,97
2024-W52,2024-12-23,Kirehe,Nyamugari,60,126,0.476,24.5,20.6,72,95
2024-W52,2024-12-23,Kirehe,Mpanga,38,76,0.5,24.5,20.6,72,95
2024-W52,2024-12-23,Kirehe,Gahara,40,76,0.526,24.5,20.6,72,95
2024-W52,2024-12-23,Kirehe,Mahama,68,140,0.486,24.5,20.6,72,95
2024-W52,2024-12-23,Kirehe,Nasho,58,121,0.479,24.5,20.6,72,95
2024-W52,2024-12-23,Kirehe,Kigarama,36,74,0.486,24.5,20.6,72,95
2024-W52,2024-12-23,Kirehe,Gatore,31,60,0.517,24.5,20.6,72,95
2024-W52,2024-12-23,Kirehe,Kirehe,47,94,0.5,24.5,20.6,72,95
2024-W52,2024-12-23,Kirehe,Musaza,48,92,0.522,24.5,20.6,72,95
2024-W52,2024-12-23,Kirehe,Kigina,38,81,0.469,24.5,20.6,72,95
2024-W52,2024-12-23,Kirehe,Mushikiri,39,87,0.448,24.5,20.6,72,95
2024-W52,2024-12-23,Kirehe,Nyarubuye,55,114,0.482,24.5,20.6,72,95
2025-W01,2024-12-30,Kirehe,Nyamugari,53,111,0.477,13.7,21.0,72,95
2025-W01,2024-12-30,Kirehe,Mpanga,36,74,0.486,13.7,21.0,72,95
2025-W01,2024-12-30,Kirehe,Gahara,40,92,0.435,13.7,21.0,72,95
2025-W01,2024-12-30,Kirehe,Mahama,55,122,0.451,13.7,21.0,72,95
2025-W01,2024-12-30,Kirehe,Nasho,70,164,0.427,13.7,21.0,72,95
2025-W01,2024-12-30,Kirehe,Kigarama,39,77,0.506,13.7,21.0,72,95
2025-W01,2024-12-30,Kirehe,Gatore,39,78,0.5,13.7,21.0,72,95
2025-W01,2024-12-30,Kirehe,Kirehe,44,92,0.478,13.7,21.0,72,95
2025-W01,2024-12-30,Kirehe,Musaza,48,110,0.436,13.7,21.0,72,95
2025-W01,2024-12-30,Kirehe,Kigina,36,75,0.48,13.7,21.0,72,95
2025-W01,2024-12-30,Kirehe,Mushikiri,38,84,0.452,13.7,21.0,72,95
2025-W01,2024-12-30,Kirehe,Nyarubuye,46,105,0.438,13.7,21.0,72,95
2025-W02,2025-01-06,Kirehe,Nyamugari,48,115,0.417,13.5,21.5,72,98
2025-W02,2025-01-06,Kirehe,Mpanga,34,96,0.354,13.5,21.5,72,98
2025-W02,2025-01-06,Kirehe,Gahara,42,101,0.416,13.5,21.5,72,98
2025-W02,2025-01-06,Kirehe,Mahama,49,134,0.366,13.5,21.5,72,98
2025-W02,2025-01-06,Kirehe,Nasho,52,129,0.403,13.5,21.5,72,98
2025-W02,2025-01-06,Kirehe,Kigarama,42,112,0.375,13.5,21.5,72,98
2025-W02,2025-01-06,Kirehe,Gatore,36,95,0.379,13.5,21.5,72,98
2025-W02,2025-01-06,Kirehe,Kirehe,35,94,0.372,13.5,21.5,72,98
2025-W02,2025-01-06,Kirehe,Musaza,43,107,0.402,13.5,21.5,72,98
2025-W02,2025-01-06,Kirehe,Kigina,30,78,0.385,13.5,21.5,72,98
2025-W02,2025-01-06,Kirehe,Mushikiri,29,71,0.408,13.5,21.5,72,98
2025-W02,2025-01-06,Kirehe,Nyarubuye,52,124,0.419,13.5,21.5,72,98
2025-W03,2025-01-13,Kirehe,Nyamugari,30,84,0.357,14.0,22.0,72,99
2025-W03,2025-01-13,Kirehe,Mpanga,24,68,0.353,14.0,22.0,72,99
2025-W03,2025-01-13,Kirehe,Gahara,25,69,0.362,14.0,22.0,72,99
2025-W03,2025-01-13,Kirehe,Mahama,40,123,0.325,14.0,22.0,72,99
2025-W03,2025-01-13,Kirehe,Nasho,40,125,0.32,14.0,22.0,72,99
2025-W03,2025-01-13,Kirehe,Kigarama,31,80,0.388,14.0,22.0,72,99
2025-W03,2025-01-13,Kirehe,Gatore,24,65,0.369,14.0,22.0,72,99
2025-W03,2025-01-13,Kirehe,Kirehe,34,86,0.395,14.0,22.0,72,99
2025-W03,2025-01-13,Kirehe,Musaza,32,98,0.327,14.0,22.0,72,99
2025-W03,2025-01-13,Kirehe,Kigina,26,67,0.388,14.0,22.0,72,99
2025-W03,2025-01-13,Kirehe,Mushikiri,25,63,0.397,14.0,22.0,72,99
2025-W03,2025-01-13,Kirehe,Nyarubuye,35,94,0.372,14.0,22.0,72,99
2025-W04,2025-01-20,Kirehe,Nyamugari,31,113,0.274,13.2,21.9,72,98
2025-W04,2025-01-20,Kirehe,Mpanga,23,78,0.295,13.2,21.9,72,98
2025-W04,2025-01-20,Kirehe,Gahara,26,84,0.31,13.2,21.9,72,98
2025-W04,2025-01-20,Kirehe,Mahama,39,136,0.287,13.2,21.9,72,98
2025-W04,2025-01-20,Kirehe,Nasho,40,168,0.238,13.2,21.9,72,98
2025-W04,2025-01-20,Kirehe,Kigarama,24,89,0.27,13.2,21.9,72,98
2025-W04,2025-01-20,Kirehe,Gatore,30,100,0.3,13.2,21.9,72,98
2025-W04,2025-01-20,Kirehe,Kirehe,29,109,0.266,13.2,21.9,72,98
2025-W04,2025-01-20,Kirehe,Musaza,32,126,0.254,13.2,21.9,72,98
2025-W04,2025-01-20,Kirehe,Kigina,24,83,0.289,13.2,21.9,72,98
2025-W04,2025-01-20,Kirehe,Mushikiri,20,68,0.294,13.2,21.9,72,98
2025-W04,2025-01-20,Kirehe,Nyarubuye,26,91,0.286,13.2,21.9,72,98
2025-W05,2025-01-27,Kirehe,Nyamugari,33,108,0.306,11.6,21.4,72,95
2025-W05,2025-01-27,Kirehe,Mpanga,24,79,0.304,11.6,21.4,72,95
2025-W05,2025-01-27,Kirehe,Gahara,25,105,0.238,11.6,21.4,72,95
2025-W05,2025-01-27,Kirehe,Mahama,34,149,0.228,11.6,21.4,72,95
2025-W05,2025-01-27,Kirehe,Nasho,32,117,0.274,11.6,21.4,72,95
2025-W05,2025-01-27,Kirehe,Kigarama,21,73,0.288,11.6,21.4,72,95
2025-W05,2025-01-27,Kirehe,Gatore,20,88,0.227,11.6,21.4,72,95
2025-W05,2025-01-27,Kirehe,Kirehe,24,81,0.296,11.6,21.4,72,95
2025-W05,2025-01-27,Kirehe,Musaza,31,112,0.277,11.6,21.4,72,95
2025-W05,2025-01-27,Kirehe,Kigina,20,77,0.26,11.6,21.4,72,95
2025-W05,2025-01-27,Kirehe,Mushikiri,24,83,0.289,11.6,21.4,72,95
2025-W05,2025-01-27,Kirehe,Nyarubuye,32,139,0.23,11.6,21.4,72,95
2025-W06,2025-02-03,Kirehe,Nyamugari,24,115,0.209,26.2,21.6,72,97
2025-W06,2025-02-03,Kirehe,Mpanga,19,95,0.2,26.2,21.6,72,97
2025-W06,2025-02-03,Kirehe,Gahara,25,131,0.191,26.2,21.6,72,97
2025-W06,2025-02-03,Kirehe,Mahama,25,100,0.25,26.2,21.6,72,97
2025-W06,2025-02-03,Kirehe,Nasho,31,130,0.238,26.2,21.6,72,97
2025-W06,2025-02-03,Kirehe,Kigarama,21,111,0.189,26.2,21.6,72,97
2025-W06,2025-02-03,Kirehe,Gatore,18,93,0.194,26.2,21.6,72,97
2025-W06,2025-02-03,Kirehe,Kirehe,23,89,0.258,26.2,21.6,72,97
2025-W06,2025-02-03,Kirehe,Musaza,24,114,0.211,26.2,21.6,72,97
2025-W06,2025-02-03,Kirehe,Kigina,22,83,0.265,26.2,21.6,72,97
2025-W06,2025-02-03,Kirehe,Mushikiri,18,78,0.231,26.2,21.6,72,97
2025-W06,2025-02-03,Kirehe,Nyarubuye,27,115,0.235,26.2,21.6,72,97
2025-W07,2025-02-10,Kirehe,Nyamugari,23,124,0.185,33.4,22.7,72,99
2025-W07,2025-02-10,Kirehe,Mpanga,18,70,0.257,33.4,22.7,72,99
2025-W07,2025-02-10,Kirehe,Gahara,18,70,0.257,33.4,22.7,72,99
2025-W07,2025-02-10,Kirehe,Mahama,24,130,0.185,33.4,22.7,72,99
2025-W07,2025-02-10,Kirehe,Nasho,27,114,0.237,33.4,22.7,72,99
2025-W07,2025-02-10,Kirehe,Kigarama,20,110,0.182,33.4,22.7,72,99
2025-W07,2025-02-10,Kirehe,Gatore,19,82,0.232,33.4,22.7,72,99
2025-W07,2025-02-10,Kirehe,Kirehe,23,115,0.2,33.4,22.7,72,99
2025-W07,2025-02-10,Kirehe,Musaza,23,97,0.237,33.4,22.7,72,99
2025-W07,2025-02-10,Kirehe,Kigina,16,64,0.25,33.4,22.7,72,99
2025-W07,2025-02-10,Kirehe,Mushikiri,16,77,0.208,33.4,22.7,72,99
2025-W07,2025-02-10,Kirehe,Nyarubuye,25,107,0.234,33.4,22.7,72,99
2025-W08,2025-02-17,Kirehe,Nyamugari,18,139,0.129,31.5,22.7,72,98
2025-W08,2025-02-17,Kirehe,Mpanga,14,71,0.197,31.5,22.7,72,98
2025-W08,2025-02-17,Kirehe,Gahara,15,115,0.13,31.5,22.7,72,98
2025-W08,2025-02-17,Kirehe,Mahama,20,112,0.179,31.5,22.7,72,98
2025-W08,2025-02-17,Kirehe,Nasho,21,128,0.164,31.5,22.7,72,98
2025-W08,2025-02-17,Kirehe,Kigarama,17,99,0.172,31.5,22.7,72,98
2025-W08,2025-02-17,Kirehe,Gatore,12,76,0.158,31.5,22.7,72,98
2025-W08,2025-02-17,Kirehe,Kirehe,18,145,0.124,31.5,22.7,72,98
2025-W08,2025-02-17,Kirehe,Musaza,19,113,0.168,31.5,22.7,72,98
2025-W08,2025-02-17,Kirehe,Kigina,13,85,0.153,31.5,22.7,72,98
2025-W08,2025-02-17,Kirehe,Mushikiri,12,63,0.19,31.5,22.7,72,98
2025-W08,2025-02-17,Kirehe,Nyarubuye,21,164,0.128,31.5,22.7,72,98
2025-W09,2025-02-24,Kirehe,Nyamugari,24,162,0.148,41.4,22.4,72,99
2025-W09,2025-02-24,Kirehe,Mpanga,17,83,0.205,41.4,22.4,72,99
2025-W09,2025-02-24,Kirehe,Gahara,18,124,0.145,41.4,22.4,72,99
2025-W09,2025-02-24,Kirehe,Mahama,23,149,0.154,41.4,22.4,72,99
2025-W09,2025-02-24,Kirehe,Nasho,25,122,0.205,41.4,22.4,72,99
2025-W09,2025-02-24,Kirehe,Kigarama,17,95,0.179,41.4,22.4,72,99
2025-W09,2025-02-24,Kirehe,Gatore,20,139,0.144,41.4,22.4,72,99
2025-W09,2025-02-24,Kirehe,Kirehe,21,145,0.145,41.4,22.4,72,99
2025-W09,2025-02-24,Kirehe,Musaza,23,104,0.221,41.4,22.4,72,99
2025-W09,2025-02-24,Kirehe,Kigina,15,101,0.149,41.4,22.4,72,99
2025-W09,2025-02-24,Kirehe,Mushikiri,16,99,0.162,41.4,22.4,72,99
2025-W09,2025-02-24,Kirehe,Nyarubuye,20,131,0.153,41.4,22.4,72,99
2025-W10,2025-03-03,Kirehe,Nyamugari,21,183,0.115,37.6,22.7,72,98
2025-W10,2025-03-03,Kirehe,Mpanga,11,99,0.111,37.6,22.7,72,98
2025-W10,2025-03-03,Kirehe,Gahara,17,97,0.175,37.6,22.7,72,98
2025-W10,2025-03-03,Kirehe,Mahama,19,106,0.179,37.6,22.7,72,98
2025-W10,2025-03-03,Kirehe,Nasho,20,118,0.169,37.6,22.7,72,98
2025-W10,2025-03-03,Kirehe,Kigarama,13,104,0.125,37.6,22.7,72,98
2025-W10,2025-03-03,Kirehe,Gatore,17,105,0.162,37.6,22.7,72,98
2025-W10,2025-03-03,Kirehe,Kirehe,18,116,0.155,37.6,22.7,72,98
2025-W10,2025-03-03,Kirehe,Musaza,24,161,0.149,37.6,22.7,72,98
2025-W10,2025-03-03,Kirehe,Kigina,15,99,0.152,37.6,22.7,72,98
2025-W10,2025-03-03,Kirehe,Mushikiri,15,98,0.153,37.6,22.7,72,98
2025-W10,2025-03-03,Kirehe,Nyarubuye,17,108,0.157,37.6,22.7,72,98
2025-W11,2025-03-10,Kirehe,Nyamugari,22,120,0.183,47.8,22.7,72,99
2025-W11,2025-03-10,Kirehe,Mpanga,11,91,0.121,47.8,22.7,72,99
2025-W11,2025-03-10,Kirehe,Gahara,18,118,0.153,47.8,22.7,72,99
2025-W11,2025-03-10,Kirehe,Mahama,24,162,0.148,47.8,22.7,72,99
2025-W11,2025-03-10,Kirehe,Nasho,23,185,0.124,47.8,22.7,72,99
2025-W11,2025-03-10,Kirehe,Kigarama,14,78,0.179,47.8,22.7,72,99
2025-W11,2025-03-10,Kirehe,Gatore,15,109,0.138,47.8,22.7,72,99
2025-W11,2025-03-10,Kirehe,Kirehe,17,116,0.147,47.8,22.7,72,99
2025-W11,2025-03-10,Kirehe,Musaza,19,131,0.145,47.8,22.7,72,99
2025-W11,2025-03-10,Kirehe,Kigina,14,107,0.131,47.8,22.7,72,99
2025-W11,2025-03-10,Kirehe,Mushikiri,13,105,0.124,47.8,22.7,72,99
2025-W11,2025-03-10,Kirehe,Nyarubuye,23,123,0.187,47.8,22.7,72,99
2025-W12,2025-03-17,Kirehe,Nyamugari,22,135,0.163,73.2,22.6,72,97
2025-W12,2025-03-17,Kirehe,Mpanga,18,83,0.217,73.2,22.6,72,97
2025-W12,2025-03-17,Kirehe,Gahara,16,84,0.19,73.2,22.6,72,97
2025-W12,2025-03-17,Kirehe,Mahama,26,155,0.168,73.2,22.6,72,97
2025-W12,2025-03-17,Kirehe,Nasho,25,112,0.223,73.2,22.6,72,97
2025-W12,2025-03-17,Kirehe,Kigarama,17,80,0.212,73.2,22.6,72,97
2025-W12,2025-03-17,Kirehe,Gatore,18,85,0.212,73.2,22.6,72,97
2025-W12,2025-03-17,Kirehe,Kirehe,21,98,0.214,73.2,22.6,72,97
2025-W12,2025-03-17,Kirehe,Musaza,24,107,0.224,73.2,22.6,72,97
2025-W12,2025-03-17,Kirehe,Kigina,12,52,0.231,73.2,22.6,72,97
2025-W12,2025-03-17,Kirehe,Mushikiri,15,73,0.205,73.2,22.6,72,97
2025-W12,2025-03-17,Kirehe,Nyarubuye,18,77,0.234,73.2,22.6,72,97
2025-W13,2025-03-24,Kirehe,Nyamugari,19,97,0.196,54.4,23.3,72,95
2025-W13,2025-03-24,Kirehe,Mpanga,14,71,0.197,54.4,23.3,72,95
2025-W13,2025-03-24,Kirehe,Gahara,18,80,0.225,54.4,23.3,72,95
2025-W13,2025-03-24,Kirehe,Mahama,20,105,0.19,54.4,23.3,72,95
2025-W13,2025-03-24,Kirehe,Nasho,28,142,0.197,54.4,23.3,72,95
2025-W13,2025-03-24,Kirehe,Kigarama,16,95,0.168,54.4,23.3,72,95
2025-W13,2025-03-24,Kirehe,Gatore,13,56,0.232,54.4,23.3,72,95
2025-W13,2025-03-24,Kirehe,Kirehe,17,90,0.189,54.4,23.3,72,95
2025-W13,2025-03-24,Kirehe,Musaza,20,87,0.23,54.4,23.3,72,95
2025-W13,2025-03-24,Kirehe,Kigina,13,58,0.224,54.4,23.3,72,95
2025-W13,2025-03-24,Kirehe,Mushikiri,15,82,0.183,54.4,23.3,72,95
2025-W13,2025-03-24,Kirehe,Nyarubuye,22,101,0.218,54.4,23.3,72,95
2025-W14,2025-03-31,Kirehe,Nyamugari,26,172,0.151,46.7,23.7,72,98
2025-W14,2025-03-31,Kirehe,Mpanga,16,80,0.2,46.7,23.7,72,98
2025-W14,2025-03-31,Kirehe,Gahara,23,133,0.173,46.7,23.7,72,98
2025-W14,2025-03-31,Kirehe,Mahama,29,145,0.2,46.7,23.7,72,98
2025-W14,2025-03-31,Kirehe,Nasho,30,189,0.159,46.7,23.7,72,98
2025-W14,2025-03-31,Kirehe,Kigarama,23,142,0.162,46.7,23.7,72,98
2025-W14,2025-03-31,Kirehe,Gatore,18,124,0.145,46.7,23.7,72,98
2025-W14,2025-03-31,Kirehe,Kirehe,23,153,0.15,46.7,23.7,72,98
2025-W14,2025-03-31,Kirehe,Musaza,25,123,0.203,46.7,23.7,72,98
2025-W14,2025-03-31,Kirehe,Kigina,17,84,0.202,46.7,23.7,72,98
2025-W14,2025-03-31,Kirehe,Mushikiri,17,91,0.187,46.7,23.7,72,98
2025-W14,2025-03-31,Kirehe,Nyarubuye,21,116,0.181,46.7,23.7,72,98
2025-W15,2025-04-07,Kirehe,Nyamugari,22,118,0.186,61.7,24.0,72,95
2025-W15,2025-04-07,Kirehe,Mpanga,16,67,0.239,61.7,24.0,72,95
2025-W15,2025-04-07,Kirehe,Gahara,18,85,0.212,61.7,24.0,72,95
2025-W15,2025-04-07,Kirehe,Mahama,22,109,0.202,61.7,24.0,72,95
2025-W15,2025-04-07,Kirehe,Nasho,28,126,0.222,61.7,24.0,72,95
2025-W15,2025-04-07,Kirehe,Kigarama,19,72,0.264,61.7,24.0,72,95
2025-W15,2025-04-07,Kirehe,Gatore,19,78,0.244,61.7,24.0,72,95
2025-W15,2025-04-07,Kirehe,Kirehe,18,71,0.254,61.7,24.0,72,95
2025-W15,2025-04-07,Kirehe,Musaza,22,90,0.244,61.7,24.0,72,95
2025-W15,2025-04-07,Kirehe,Kigina,15,78,0.192,61.7,24.0,72,95
2025-W15,2025-04-07,Kirehe,Mushikiri,16,66,0.242,61.7,24.0,72,95
2025-W15,2025-04-07,Kirehe,Nyarubuye,24,107,0.224,61.7,24.0,72,95
2025-W16,2025-04-14,Kirehe,Nyamugari,30,106,0.283,54.1,23.6,72,97
2025-W16,2025-04-14,Kirehe,Mpanga,21,95,0.221,54.1,23.6,72,97
2025-W16,2025-04-14,Kirehe,Gahara,24,90,0.267,54.1,23.6,72,97
2025-W16,2025-04-14,Kirehe,Mahama,36,137,0.263,54.1,23.6,72,97
2025-W16,2025-04-14,Kirehe,Nasho,30,125,0.24,54.1,23.6,72,97
2025-W16,2025-04-14,Kirehe,Kigarama,23,85,0.271,54.1,23.6,72,97
2025-W16,2025-04-14,Kirehe,Gatore,23,86,0.267,54.1,23.6,72,97
2025-W16,2025-04-14,Kirehe,Kirehe,29,129,0.225,54.1,23.6,72,97
2025-W16,2025-04-14,Kirehe,Musaza,26,113,0.23,54.1,23.6,72,97
2025-W16,2025-04-14,Kirehe,Kigina,24,99,0.242,54.1,23.6,72,97
2025-W16,2025-04-14,Kirehe,Mushikiri,23,104,0.221,54.1,23.6,72,97
2025-W16,2025-04-14,Kirehe,Nyarubuye,31,149,0.208,54.1,23.6,72,97
2025-W17,2025-04-21,Kirehe,Nyamugari,30,124,0.242,58.5,23.3,72,95
2025-W17,2025-04-21,Kirehe,Mpanga,24,103,0.233,58.5,23.3,72,95
2025-W17,2025-04-21,Kirehe,Gahara,28,111,0.252,58.5,23.3,72,95
2025-W17,2025-04-21,Kirehe,Mahama,35,124,0.282,58.5,23.3,72,95
2025-W17,2025-04-21,Kirehe,Nasho,38,145,0.262,58.5,23.3,72,95
2025-W17,2025-04-21,Kirehe,Kigarama,26,116,0.224,58.5,23.3,72,95
2025-W17,2025-04-21,Kirehe,Gatore,22,88,0.25,58.5,23.3,72,95
2025-W17,2025-04-21,Kirehe,Kirehe,26,105,0.248,58.5,23.3,72,95
2025-W17,2025-04-21,Kirehe,Musaza,28,123,0.228,58.5,23.3,72,95
2025-W17,2025-04-21,Kirehe,Kigina,18,79,0.228,58.5,23.3,72,95
2025-W17,2025-04-21,Kirehe,Mushikiri,25,102,0.245,58.5,23.3,72,95
2025-W17,2025-04-21,Kirehe,Nyarubuye,32,134,0.239,58.5,23.3,72,95
2025-W18,2025-04-28,Kirehe,Nyamugari,30,97,0.309,70.4,24.2,72,97
2025-W18,2025-04-28,Kirehe,Mpanga,25,84,0.298,70.4,24.2,72,97
2025-W18,2025-04-28,Kirehe,Gahara,28,85,0.329,70.4,24.2,72,97
2025-W18,2025-04-28,Kirehe,Mahama,40,127,0.315,70.4,24.2,72,97
2025-W18,2025-04-28,Kirehe,Nasho,42,135,0.311,70.4,24.2,72,97
2025-W18,2025-04-28,Kirehe,Kigarama,28,95,0.295,70.4,24.2,72,97
2025-W18,2025-04-28,Kirehe,Gatore,30,102,0.294,70.4,24.2,72,97
2025-W18,2025-04-28,Kirehe,Kirehe,30,115,0.261,70.4,24.2,72,97
2025-W18,2025-04-28,Kirehe,Musaza,30,112,0.268,70.4,24.2,72,97
2025-W18,2025-04-28,Kirehe,Kigina,23,74,0.311,70.4,24.2,72,97
2025-W18,2025-04-28,Kirehe,Mushikiri,23,79,0.291,70.4,24.2,72,97
2025-W18,2025-04-28,Kirehe,Nyarubuye,39,120,0.325,70.4,24.2,72,97
2025-W19,2025-05-05,Kirehe,Nyamugari,41,107,0.383,52.2,23.8,72,99
2025-W19,2025-05-05,Kirehe,Mpanga,24,66,0.364,52.2,23.8,72,99
2025-W19,2025-05-05,Kirehe,Gahara,33,87,0.379,52.2,23.8,72,99
2025-W19,2025-05-05,Kirehe,Mahama,47,140,0.336,52.2,23.8,72,99
2025-W19,2025-05-05,Kirehe,Nasho,46,123,0.374,52.2,23.8,72,99
2025-W19,2025-05-05,Kirehe,Kigarama,37,117,0.316,52.2,23.8,72,99
2025-W19,2025-05-05,Kirehe,Gatore,25,69,0.362,52.2,23.8,72,99
2025-W19,2025-05-05,Kirehe,Kirehe,34,92,0.37,52.2,23.8,72,99
2025-W19,2025-05-05,Kirehe,Musaza,38,108,0.352,52.2,23.8,72,99
2025-W19,2025-05-05,Kirehe,Kigina,29,78,0.372,52.2,23.8,72,99
2025-W19,2025-05-05,Kirehe,Mushikiri,27,71,0.38,52.2,23.8,72,99
2025-W19,2025-05-05,Kirehe,Nyarubuye,39,101,0.386,52.2,23.8,72,99
2025-W20,2025-05-12,Kirehe,Nyamugari,43,105,0.41,32.8,24.1,72,99
2025-W20,2025-05-12,Kirehe,Mpanga,30,79,0.38,32.8,24.1,72,99
2025-W20,2025-05-12,Kirehe,Gahara,37,90,0.411,32.8,24.1,72,99
2025-W20,2025-05-12,Kirehe,Mahama,43,117,0.368,32.8,24.1,72,99
2025-W20,2025-05-12,Kirehe,Nasho,55,140,0.393,32.8,24.1,72,99
2025-W20,2025-05-12,Kirehe,Kigarama,35,92,0.38,32.8,24.1,72,99
2025-W20,2025-05-12,Kirehe,Gatore,35,93,0.376,32.8,24.1,72,99
2025-W20,2025-05-12,Kirehe,Kirehe,31,75,0.413,32.8,24.1,72,99
2025-W20,2025-05-12,Kirehe,Musaza,37,99,0.374,32.8,24.1,72,99
2025-W20,2025-05-12,Kirehe,Kigina,30,74,0.405,32.8,24.1,72,99
2025-W20,2025-05-12,Kirehe,Mushikiri,29,75,0.387,32.8,24.1,72,99
2025-W20,2025-05-12,Kirehe,Nyarubuye,48,108,0.444,32.8,24.1,72,99
2025-W21,2025-05-19,Kirehe,Nyamugari,49,112,0.438,50.1,23.7,72,99
2025-W21,2025-05-19,Kirehe,Mpanga,29,66,0.439,50.1,23.7,72,99
2025-W21,2025-05-19,Kirehe,Gahara,41,96,0.427,50.1,23.7,72,99
2025-W21,2025-05-19,Kirehe,Mahama,61,130,0.469,50.1,23.7,72,99
2025-W21,2025-05-19,Kirehe,Nasho,47,105,0.448,50.1,23.7,72,99
2025-W21,2025-05-19,Kirehe,Kigarama,41,82,0.5,50.1,23.7,72,99
2025-W21,2025-05-19,Kirehe,Gatore,31,64,0.484,50.1,23.7,72,99
2025-W21,2025-05-19,Kirehe,Kirehe,44,102,0.431,50.1,23.7,72,99
2025-W21,2025-05-19,Kirehe,Musaza,53,108,0.491,50.1,23.7,72,99
2025-W21,2025-05-19,Kirehe,Kigina,34,79,0.43,50.1,23.7,72,99
2025-W21,2025-05-19,Kirehe,Mushikiri,37,83,0.446,50.1,23.7,72,99
2025-W21,2025-05-19,Kirehe,Nyarubuye,61,141,0.433,50.1,23.7,72,99
2025-W22,2025-05-26,Kirehe,Nyamugari,69,136,0.507,41.1,23.3,72,98
2025-W22,2025-05-26,Kirehe,Mpanga,42,91,0.462,41.1,23.3,72,98
2025-W22,2025-05-26,Kirehe,Gahara,46,93,0.495,41.1,23.3,72,98
2025-W22,2025-05-26,Kirehe,Mahama,65,129,0.504,41.1,23.3,72,98
2025-W22,2025-05-26,Kirehe,Nasho,82,158,0.519,41.1,23.3,72,98
2025-W22,2025-05-26,Kirehe,Kigarama,42,80,0.525,41.1,23.3,72,98
2025-W22,2025-05-26,Kirehe,Gatore,39,80,0.487,41.1,23.3,72,98
2025-W22,2025-05-26,Kirehe,Kirehe,44,83,0.53,41.1,23.3,72,98
2025-W22,2025-05-26,Kirehe,Musaza,55,121,0.455,41.1,23.3,72,98
2025-W22,2025-05-26,Kirehe,Kigina,43,93,0.462,41.1,23.3,72,98
2025-W22,2025-05-26,Kirehe,Mushikiri,42,83,0.506,41.1,23.3,72,98
2025-W22,2025-05-26,Kirehe,Nyarubuye,57,113,0.504,41.1,23.3,72,98
2025-W23,2025-06-02,Kirehe,Nyamugari,60,121,0.496,32.9,23.5,72,97
2025-W23,2025-06-02,Kirehe,Mpanga,40,81,0.494,32.9,23.5,72,97
2025-W23,2025-06-02,Kirehe,Gahara,45,85,0.529,32.9,23.5,72,97
2025-W23,2025-06-02,Kirehe,Mahama,61,115,0.53,32.9,23.5,72,97
2025-W23,2025-06-02,Kirehe,Nasho,64,121,0.529,32.9,23.5,72,97
2025-W23,2025-06-02,Kirehe,Kigarama,55,118,0.466,32.9,23.5,72,97
2025-W23,2025-06-02,Kirehe,Gatore,41,87,0.471,32.9,23.5,72,97
2025-W23,2025-06-02,Kirehe,Kirehe,42,89,0.472,32.9,23.5,72,97
2025-W23,2025-06-02,Kirehe,Musaza,56,121,0.463,32.9,23.5,72,97
2025-W23,2025-06-02,Kirehe,Kigina,38,77,0.494,32.9,23.5,72,97
2025-W23,2025-06-02,Kirehe,Mushikiri,43,82,0.524,32.9,23.5,72,97
2025-W23,2025-06-02,Kirehe,Nyarubuye,53,99,0.535,32.9,23.5,72,97
2025-W24,2025-06-09,Kirehe,Nyamugari,51,98,0.52,21.7,22.8,72,99
2025-W24,2025-06-09,Kirehe,Mpanga,39,80,0.487,21.7,22.8,72,99
2025-W24,2025-06-09,Kirehe,Gahara,54,108,0.5,21.7,22.8,72,99
2025-W24,2025-06-09,Kirehe,Mahama,62,121,0.512,21.7,22.8,72,99
2025-W24,2025-06-09,Kirehe,Nasho,64,123,0.52,21.7,22.8,72,99
2025-W24,2025-06-09,Kirehe,Kigarama,48,88,0.545,21.7,22.8,72,99
2025-W24,2025-06-09,Kirehe,Gatore,47,92,0.511,21.7,22.8,72,99
2025-W24,2025-06-09,Kirehe,Kirehe,48,100,0.48,21.7,22.8,72,99
2025-W24,2025-06-09,Kirehe,Musaza,61,113,0.54,21.7,22.8,72,99
2025-W24,2025-06-09,Kirehe,Kigina,38,72,0.528,21.7,22.8,72,99
2025-W24,2025-06-09,Kirehe,Mushikiri,42,83,0.506,21.7,22.8,72,99
2025-W24,2025-06-09,Kirehe,Nyarubuye,59,118,0.5,21.7,22.8,72,99
2025-W25,2025-06-16,Kirehe,Nyamugari,58,114,0.509,20.5,23.6,72,97
2025-W25,2025-06-16,Kirehe,Mpanga,45,86,0.523,20.5,23.6,72,97
2025-W25,2025-06-16,Kirehe,Gahara,48,97,0.495,20.5,23.6,72,97
2025-W25,2025-06-16,Kirehe,Mahama,61,114,0.535,20.5,23.6,72,97
2025-W25,2025-06-16,Kirehe,Nasho,62,124,0.5,20.5,23.6,72,97
2025-W25,2025-06-16,Kirehe,Kigarama,57,108,0.528,20.5,23.6,72,97
2025-W25,2025-06-16,Kirehe,Gatore,45,95,0.474,20.5,23.6,72,97
2025-W25,2025-06-16,Kirehe,Kirehe,50,93,0.538,20.5,23.6,72,97
2025-W25,2025-06-16,Kirehe,Musaza,59,123,0.48,20.5,23.6,72,97
2025-W25,2025-06-16,Kirehe,Kigina,36,73,0.493,20.5,23.6,72,97
2025-W25,2025-06-16,Kirehe,Mushikiri,43,80,0.537,20.5,23.6,72,97
2025-W25,2025-06-16,Kirehe,Nyarubuye,56,104,0.538,20.5,23.6,72,97
2025-W26,2025-06-23,Kirehe,Nyamugari,55,114,0.482,14.7,23.0,69,96
2025-W26,2025-06-23,Kirehe,Mpanga,38,73,0.521,14.7,23.0,69,96
2025-W26,2025-06-23,Kirehe,Gahara,58,106,0.547,14.7,23.0,69,96
2025-W26,2025-06-23,Kirehe,Mahama,69,142,0.486,14.7,23.0,69,96
2025-W26,2025-06-23,Kirehe,Nasho,66,127,0.52,14.7,23.0,69,96
2025-W26,2025-06-23,Kirehe,Kigarama,47,95,0.495,14.7,23.0,69,96
2025-W26,2025-06-23,Kirehe,Gatore,43,82,0.524,14.7,23.0,69,96
2025-W26,2025-06-23,Kirehe,Kirehe,51,99,0.515,14.7,23.0,69,96
2025-W26,2025-06-23,Kirehe,Musaza,53,113,0.469,14.7,23.0,69,96
2025-W26,2025-06-23,Kirehe,Kigina,40,84,0.476,14.7,23.0,69,96
2025-W26,2025-06-23,Kirehe,Mushikiri,45,90,0.5,14.7,23.0,69,96
2025-W26,2025-06-23,Kirehe,Nyarubuye,50,100,0.5,14.7,23.0,69,96
2025-W27,2025-06-30,Kirehe,Nyamugari,50,105,0.476,13.7,23.1,69,99
2025-W27,2025-06-30,Kirehe,Mpanga,30,68,0.441,13.7,23.1,69,99
2025-W27,2025-06-30,Kirehe,Gahara,44,102,0.431,13.7,23.1,69,99
2025-W27,2025-06-30,Kirehe,Mahama,61,123,0.496,13.7,23.1,69,99
2025-W27,2025-06-30,Kirehe,Nasho,54,120,0.45,13.7,23.1,69,99
2025-W27,2025-06-30,Kirehe,Kigarama,37,76,0.487,13.7,23.1,69,99
2025-W27,2025-06-30,Kirehe,Gatore,37,75,0.493,13.7,23.1,69,99
2025-W27,2025-06-30,Kirehe,Kirehe,46,99,0.465,13.7,23.1,69,99
2025-W27,2025-06-30,Kirehe,Musaza,44,96,0.458,13.7,23.1,69,99
2025-W27,2025-06-30,Kirehe,Kigina,39,79,0.494,13.7,23.1,69,99
2025-W27,2025-06-30,Kirehe,Mushikiri,40,80,0.5,13.7,23.1,69,99
2025-W27,2025-06-30,Kirehe,Nyarubuye,47,105,0.448,13.7,23.1,69,99
2025-W28,2025-07-07,Kirehe,Nyamugari,48,126,0.381,14.2,22.6,69,95
2025-W28,2025-07-07,Kirehe,Mpanga,28,74,0.378,14.2,22.6,69,95
2025-W28,2025-07-07,Kirehe,Gahara,38,92,0.413,14.2,22.6,69,95
2025-W28,2025-07-07,Kirehe,Mahama,50,133,0.376,14.2,22.6,69,95
2025-W28,2025-07-07,Kirehe,Nasho,53,140,0.379,14.2,22.6,69,95
2025-W28,2025-07-07,Kirehe,Kigarama,39,105,0.371,14.2,22.6,69,95
2025-W28,2025-07-07,Kirehe,Gatore,38,99,0.384,14.2,22.6,69,95
2025-W28,2025-07-07,Kirehe,Kirehe,39,106,0.368,14.2,22.6,69,95
2025-W28,2025-07-07,Kirehe,Musaza,48,132,0.364,14.2,22.6,69,95
2025-W28,2025-07-07,Kirehe,Kigina,40,99,0.404,14.2,22.6,69,95
2025-W28,2025-07-07,Kirehe,Mushikiri,34,80,0.425,14.2,22.6,69,95
2025-W28,2025-07-07,Kirehe,Nyarubuye,39,95,0.411,14.2,22.6,69,95
2025-W29,2025-07-14,Kirehe,Nyamugari,37,99,0.374,13.8,22.5,69,98
2025-W29,2025-07-14,Kirehe,Mpanga,27,74,0.365,13.8,22.5,69,98
2025-W29,2025-07-14,Kirehe,Gahara,28,73,0.384,13.8,22.5,69,98
2025-W29,2025-07-14,Kirehe,Mahama,46,121,0.38,13.8,22.5,69,98
2025-W29,2025-07-14,Kirehe,Nasho,39,101,0.386,13.8,22.5,69,98
2025-W29,2025-07-14,Kirehe,Kigarama,28,78,0.359,13.8,22.5,69,98
2025-W29,2025-07-14,Kirehe,Gatore,27,84,0.321,13.8,22.5,69,98
2025-W29,2025-07-14,Kirehe,Kirehe,31,83,0.373,13.8,22.5,69,98
2025-W29,2025-07-14,Kirehe,Musaza,40,120,0.333,13.8,22.5,69,98
2025-W29,2025-07-14,Kirehe,Kigina,26,70,0.371,13.8,22.5,69,98
2025-W29,2025-07-14,Kirehe,Mushikiri,24,68,0.353,13.8,22.5,69,98
2025-W29,2025-07-14,Kirehe,Nyarubuye,43,123,0.35,13.8,22.5,69,98
2025-W30,2025-07-21,Kirehe,Nyamugari,42,117,0.359,12.8,21.9,69,95
2025-W30,2025-07-21,Kirehe,Mpanga,22,62,0.355,12.8,21.9,69,95
2025-W30,2025-07-21,Kirehe,Gahara,21,63,0.333,12.8,21.9,69,95
2025-W30,2025-07-21,Kirehe,Mahama,44,124,0.355,12.8,21.9,69,95
2025-W30,2025-07-21,Kirehe,Nasho,43,127,0.339,12.8,21.9,69,95
2025-W30,2025-07-21,Kirehe,Kigarama,34,112,0.304,12.8,21.9,69,95
2025-W30,2025-07-21,Kirehe,Gatore,31,101,0.307,12.8,21.9,69,95
2025-W30,2025-07-21,Kirehe,Kirehe,31,94,0.33,12.8,21.9,69,95
2025-W30,2025-07-21,Kirehe,Musaza,39,112,0.348,12.8,21.9,69,95
2025-W30,2025-07-21,Kirehe,Kigina,23,67,0.343,12.8,21.9,69,95
2025-W30,2025-07-21,Kirehe,Mushikiri,24,76,0.316,12.8,21.9,69,95
2025-W30,2025-07-21,Kirehe,Nyarubuye,34,94,0.362,12.8,21.9,69,95
2025-W31,2025-07-28,Kirehe,Nyamugari,26,98,0.265,14.2,22.1,69,99
2025-W31,2025-07-28,Kirehe,Mpanga,16,58,0.276,14.2,22.1,69,99
2025-W31,2025-07-28,Kirehe,Gahara,24,90,0.267,14.2,22.1,69,99
2025-W31,2025-07-28,Kirehe,Mahama,37,140,0.264,14.2,22.1,69,99
2025-W31,2025-07-28,Kirehe,Nasho,34,152,0.224,14.2,22.1,69,99
2025-W31,2025-07-28,Kirehe,Kigarama,21,86,0.244,14.2,22.1,69,99
2025-W31,2025-07-28,Kirehe,Gatore,19,69,0.275,14.2,22.1,69,99
2025-W31,2025-07-28,Kirehe,Kirehe,24,91,0.264,14.2,22.1,69,99
2025-W31,2025-07-28,Kirehe,Musaza,28,103,0.272,14.2,22.1,69,99
2025-W31,2025-07-28,Kirehe,Kigina,19,85,0.224,14.2,22.1,69,99
2025-W31,2025-07-28,Kirehe,Mushikiri,23,84,0.274,14.2,22.1,69,99
2025-W31,2025-07-28,Kirehe,Nyarubuye,29,116,0.25,14.2,22.1,69,99
2025-W32,2025-08-04,Kirehe,Nyamugari,32,124,0.258,20.7,22.0,69,99
2025-W32,2025-08-04,Kirehe,Mpanga,20,93,0.215,20.7,22.0,69,99
2025-W32,2025-08-04,Kirehe,Gahara,24,99,0.242,20.7,22.0,69,99
2025-W32,2025-08-04,Kirehe,Mahama,31,116,0.267,20.7,22.0,69,99
2025-W32,2025-08-04,Kirehe,Nasho,35,129,0.271,20.7,22.0,69,99
2025-W32,2025-08-04,Kirehe,Kigarama,28,124,0.226,20.7,22.0,69,99
2025-W32,2025-08-04,Kirehe,Gatore,21,84,0.25,20.7,22.0,69,99
2025-W32,2025-08-04,Kirehe,Kirehe,25,120,0.208,20.7,22.0,69,99
2025-W32,2025-08-04,Kirehe,Musaza,31,119,0.261,20.7,22.0,69,99
2025-W32,2025-08-04,Kirehe,Kigina,21,95,0.221,20.7,22.0,69,99
2025-W32,2025-08-04,Kirehe,Mushikiri,21,90,0.233,20.7,22.0,69,99
2025-W32,2025-08-04,Kirehe,Nyarubuye,28,103,0.272,20.7,22.0,69,99
2025-W33,2025-08-11,Kirehe,Nyamugari,25,113,0.221,21.3,21.3,69,96
2025-W33,2025-08-11,Kirehe,Mpanga,15,79,0.19,21.3,21.3,69,96
2025-W33,2025-08-11,Kirehe,Gahara,24,107,0.224,21.3,21.3,69,96
2025-W33,2025-08-11,Kirehe,Mahama,32,152,0.211,21.3,21.3,69,96
2025-W33,2025-08-11,Kirehe,Nasho,34,191,0.178,21.3,21.3,69,96
2025-W33,2025-08-11,Kirehe,Kigarama,21,82,0.256,21.3,21.3,69,96
2025-W33,2025-08-11,Kirehe,Gatore,19,81,0.235,21.3,21.3,69,96
2025-W33,2025-08-11,Kirehe,Kirehe,22,108,0.204,21.3,21.3,69,96
2025-W33,2025-08-11,Kirehe,Musaza,25,104,0.24,21.3,21.3,69,96
2025-W33,2025-08-11,Kirehe,Kigina,20,97,0.206,21.3,21.3,69,96
2025-W33,2025-08-11,Kirehe,Mushikiri,19,102,0.186,21.3,21.3,69,96
2025-W33,2025-08-11,Kirehe,Nyarubuye,28,150,0.187,21.3,21.3,69,96
2025-W34,2025-08-18,Kirehe,Nyamugari,21,89,0.236,22.7,21.5,69,95
2025-W34,2025-08-18,Kirehe,Mpanga,14,57,0.246,22.7,21.5,69,95
2025-W34,2025-08-18,Kirehe,Gahara,16,87,0.184,22.7,21.5,69,95
2025-W34,2025-08-18,Kirehe,Mahama,24,106,0.226,22.7,21.5,69,95
2025-W34,2025-08-18,Kirehe,Nasho,23,91,0.253,22.7,21.5,69,95
2025-W34,2025-08-18,Kirehe,Kigarama,17,81,0.21,22.7,21.5,69,95
2025-W34,2025-08-18,Kirehe,Gatore,15,59,0.254,22.7,21.5,69,95
2025-W34,2025-08-18,Kirehe,Kirehe,22,103,0.214,22.7,21.5,69,95
2025-W34,2025-08-18,Kirehe,Musaza,19,74,0.257,22.7,21.5,69,95
2025-W34,2025-08-18,Kirehe,Kigina,17,69,0.246,22.7,21.5,69,95
2025-W34,2025-08-18,Kirehe,Mushikiri,14,66,0.212,22.7,21.5,69,95
2025-W34,2025-08-18,Kirehe,Nyarubuye,21,106,0.198,22.7,21.5,69,95
2025-W35,2025-08-25,Kirehe,Nyamugari,22,90,0.244,33.5,20.9,69,99
2025-W35,2025-08-25,Kirehe,Mpanga,14,62,0.226,33.5,20.9,69,99
2025-W35,2025-08-25,Kirehe,Gahara,18,86,0.209,33.5,20.9,69,99
2025-W35,2025-08-25,Kirehe,Mahama,22,91,0.242,33.5,20.9,69,99
2025-W35,2025-08-25,Kirehe,Nasho,26,124,0.21,33.5,20.9,69,99
2025-W35,2025-08-25,Kirehe,Kigarama,18,104,0.173,33.5,20.9,69,99
2025-W35,2025-08-25,Kirehe,Gatore,16,82,0.195,33.5,20.9,69,99
2025-W35,2025-08-25,Kirehe,Kirehe,13,53,0.245,33.5,20.9,69,99
2025-W35,2025-08-25,Kirehe,Musaza,22,124,0.177,33.5,20.9,69,99
2025-W35,2025-08-25,Kirehe,Kigina,15,81,0.185,33.5,20.9,69,99
2025-W35,2025-08-25,Kirehe,Mushikiri,14,57,0.246,33.5,20.9,69,99
2025-W35,2025-08-25,Kirehe,Nyarubuye,21,100,0.21,33.5,20.9,69,99
2025-W36,2025-09-01,Kirehe,Nyamugari,21,122,0.172,38.1,21.4,69,97
2025-W36,2025-09-01,Kirehe,Mpanga,17,100,0.17,38.1,21.4,69,97
2025-W36,2025-09-01,Kirehe,Gahara,15,78,0.192,38.1,21.4,69,97
2025-W36,2025-09-01,Kirehe,Mahama,25,163,0.153,38.1,21.4,69,97
2025-W36,2025-09-01,Kirehe,Nasho,22,124,0.177,38.1,21.4,69,97
2025-W36,2025-09-01,Kirehe,Kigarama,18,84,0.214,38.1,21.4,69,97
2025-W36,2025-09-01,Kirehe,Gatore,19,96,0.198,38.1,21.4,69,97
2025-W36,2025-09-01,Kirehe,Kirehe,19,123,0.154,38.1,21.4,69,97
2025-W36,2025-09-01,Kirehe,Musaza,18,107,0.168,38.1,21.4,69,97
2025-W36,2025-09-01,Kirehe,Kigina,13,66,0.197,38.1,21.4,69,97
2025-W36,2025-09-01,Kirehe,Mushikiri,16,76,0.211,38.1,21.4,69,97
2025-W36,2025-09-01,Kirehe,Nyarubuye,26,158,0.165,38.1,21.4,69,97
2025-W37,2025-09-08,Kirehe,Nyamugari,22,103,0.214,70.3,20.8,69,96
2025-W37,2025-09-08,Kirehe,Mpanga,16,80,0.2,70.3,20.8,69,96
2025-W37,2025-09-08,Kirehe,Gahara,20,96,0.208,70.3,20.8,69,96
2025-W37,2025-09-08,Kirehe,Mahama,19,96,0.198,70.3,20.8,69,96
2025-W37,2025-09-08,Kirehe,Nasho,26,126,0.206,70.3,20.8,69,96
2025-W37,2025-09-08,Kirehe,Kigarama,14,75,0.187,70.3,20.8,69,96
2025-W37,2025-09-08,Kirehe,Gatore,15,96,0.156,70.3,20.8,69,96
2025-W37,2025-09-08,Kirehe,Kirehe,21,117,0.179,70.3,20.8,69,96
2025-W37,2025-09-08,Kirehe,Musaza,22,138,0.159,70.3,20.8,69,96
2025-W37,2025-09-08,Kirehe,Kigina,17,103,0.165,70.3,20.8,69,96
2025-W37,2025-09-08,Kirehe,Mushikiri,18,114,0.158,70.3,20.8,69,96
2025-W37,2025-09-08,Kirehe,Nyarubuye,21,116,0.181,70.3,20.8,69,96
2025-W38,2025-09-15,Kirehe,Nyamugari,23,154,0.149,62.2,21.2,69,97
2025-W38,2025-09-15,Kirehe,Mpanga,12,67,0.179,62.2,21.2,69,97
2025-W38,2025-09-15,Kirehe,Gahara,17,85,0.2,62.2,21.2,69,97
2025-W38,2025-09-15,Kirehe,Mahama,23,140,0.164,62.2,21.2,69,97
2025-W38,2025-09-15,Kirehe,Nasho,23,156,0.147,62.2,21.2,69,97
2025-W38,2025-09-15,Kirehe,Kigarama,22,112,0.196,62.2,21.2,69,97
2025-W38,2025-09-15,Kirehe,Gatore,16,95,0.168,62.2,21.2,69,97
2025-W38,2025-09-15,Kirehe,Kirehe,17,79,0.215,62.2,21.2,69,97
2025-W38,2025-09-15,Kirehe,Musaza,16,111,0.144,62.2,21.2,69,97
2025-W38,2025-09-15,Kirehe,Kigina,13,66,0.197,62.2,21.2,69,97
2025-W38,2025-09-15,Kirehe,Mushikiri,15,71,0.211,62.2,21.2,69,97
2025-W38,2025-09-15,Kirehe,Nyarubuye,21,121,0.174,62.2,21.2,69,97
2025-W39,2025-09-22,Kirehe,Nyamugari,22,174,0.126,86.7,20.9,69,99
2025-W39,2025-09-22,Kirehe,Mpanga,15,111,0.135,86.7,20.9,69,99
2025-W39,2025-09-22,Kirehe,Gahara,18,120,0.15,86.7,20.9,69,99
2025-W39,2025-09-22,Kirehe,Mahama,20,175,0.114,86.7,20.9,69,99
2025-W39,2025-09-22,Kirehe,Nasho,25,205,0.122,86.7,20.9,69,99
2025-W39,2025-09-22,Kirehe,Kigarama,17,97,0.175,86.7,20.9,69,99
2025-W39,2025-09-22,Kirehe,Gatore,17,113,0.15,86.7,20.9,69,99
2025-W39,2025-09-22,Kirehe,Kirehe,19,122,0.156,86.7,20.9,69,99
2025-W39,2025-09-22,Kirehe,Musaza,22,168,0.131,86.7,20.9,69,99
2025-W39,2025-09-22,Kirehe,Kigina,15,126,0.119,86.7,20.9,69,99
2025-W39,2025-09-22,Kirehe,Mushikiri,18,98,0.184,86.7,20.9,69,99
2025-W39,2025-09-22,Kirehe,Nyarubuye,26,222,0.117,86.7,20.9,69,99
2025-W40,2025-09-29,Kirehe,Nyamugari,23,131,0.176,69.5,21.0,69,98
2025-W40,2025-09-29,Kirehe,Mpanga,18,148,0.122,69.5,21.0,69,98
2025-W40,2025-09-29,Kirehe,Gahara,17,116,0.147,69.5,21.0,69,98
2025-W40,2025-09-29,Kirehe,Mahama,28,212,0.132,69.5,21.0,69,98
2025-W40,2025-09-29,Kirehe,Nasho,27,161,0.168,69.5,21.0,69,98
2025-W40,2025-09-29,Kirehe,Kigarama,19,106,0.179,69.5,21.0,69,98
2025-W40,2025-09-29,Kirehe,Gatore,18,112,0.161,69.5,21.0,69,98
2025-W40,2025-09-29,Kirehe,Kirehe,17,96,0.177,69.5,21.0,69,98
2025-W40,2025-09-29,Kirehe,Musaza,22,174,0.126,69.5,21.0,69,98
2025-W40,2025-09-29,Kirehe,Kigina,17,108,0.157,69.5,21.0,69,98
2025-W40,2025-09-29,Kirehe,Mushikiri,15,86,0.174,69.5,21.0,69,98
2025-W40,2025-09-29,Kirehe,Nyarubuye,23,138,0.167,69.5,21.0,69,98
2025-W41,2025-10-06,Kirehe,Nyamugari,25,103,0.243,80.0,20.6,72,99
2025-W41,2025-10-06,Kirehe,Mpanga,16,66,0.242,80.0,20.6,72,99
2025-W41,2025-10-06,Kirehe,Gahara,20,106,0.189,80.0,20.6,72,99
2025-W41,2025-10-06,Kirehe,Mahama,24,99,0.242,80.0,20.6,72,99
2025-W41,2025-10-06,Kirehe,Nasho,26,139,0.187,80.0,20.6,72,99
2025-W41,2025-10-06,Kirehe,Kigarama,18,103,0.175,80.0,20.6,72,99
2025-W41,2025-10-06,Kirehe,Gatore,18,93,0.194,80.0,20.6,72,99
2025-W41,2025-10-06,Kirehe,Kirehe,20,109,0.183,80.0,20.6,72,99
2025-W41,2025-10-06,Kirehe,Musaza,26,123,0.211,80.0,20.6,72,99
2025-W41,2025-10-06,Kirehe,Kigina,17,79,0.215,80.0,20.6,72,99
2025-W41,2025-10-06,Kirehe,Mushikiri,18,85,0.212,80.0,20.6,72,99
2025-W41,2025-10-06,Kirehe,Nyarubuye,25,115,0.217,80.0,20.6,72,99
2025-W42,2025-10-13,Kirehe,Nyamugari,25,131,0.191,76.0,20.8,72,99
2025-W42,2025-10-13,Kirehe,Mpanga,16,86,0.186,76.0,20.8,72,99
2025-W42,2025-10-13,Kirehe,Gahara,24,134,0.179,76.0,20.8,72,99
2025-W42,2025-10-13,Kirehe,Mahama,29,132,0.22,76.0,20.8,72,99
2025-W42,2025-10-13,Kirehe,Nasho,28,132,0.212,76.0,20.8,72,99
2025-W42,2025-10-13,Kirehe,Kigarama,18,73,0.247,76.0,20.8,72,99
2025-W42,2025-10-13,Kirehe,Gatore,20,85,0.235,76.0,20.8,72,99
2025-W42,2025-10-13,Kirehe,Kirehe,20,109,0.183,76.0,20.8,72,99
2025-W42,2025-10-13,Kirehe,Musaza,26,108,0.241,76.0,20.8,72,99
2025-W42,2025-10-13,Kirehe,Kigina,17,78,0.218,76.0,20.8,72,99
2025-W42,2025-10-13,Kirehe,Mushikiri,17,71,0.239,76.0,20.8,72,99
2025-W42,2025-10-13,Kirehe,Nyarubuye,28,163,0.172,76.0,20.8,72,99
2025-W43,2025-10-20,Kirehe,Nyamugari,37,142,0.261,79.4,20.0,72,98
2025-W43,2025-10-20,Kirehe,Mpanga,19,93,0.204,79.4,20.0,72,98
2025-W43,2025-10-20,Kirehe,Gahara,23,95,0.242,79.4,20.0,72,98
2025-W43,2025-10-20,Kirehe,Mahama,34,177,0.192,79.4,20.0,72,98
2025-W43,2025-10-20,Kirehe,Nasho,35,139,0.252,79.4,20.0,72,98
2025-W43,2025-10-20,Kirehe,Kigarama,29,114,0.254,79.4,20.0,72,98
2025-W43,2025-10-20,Kirehe,Gatore,25,104,0.24,79.4,20.0,72,98
2025-W43,2025-10-20,Kirehe,Kirehe,34,149,0.228,79.4,20.0,72,98
2025-W43,2025-10-20,Kirehe,Musaza,31,120,0.258,79.4,20.0,72,98
2025-W43,2025-10-20,Kirehe,Kigina,24,103,0.233,79.4,20.0,72,98
2025-W43,2025-10-20,Kirehe,Mushikiri,23,117,0.197,79.4,20.0,72,98
2025-W43,2025-10-20,Kirehe,Nyarubuye,28,148,0.189,79.4,20.0,72,98
2025-W44,2025-10-27,Kirehe,Nyamugari,37,133,0.278,60.4,20.3,72,98
2025-W44,2025-10-27,Kirehe,Mpanga,25,87,0.287,60.4,20.3,72,98
2025-W44,2025-10-27,Kirehe,Gahara,33,108,0.306,60.4,20.3,72,98
2025-W44,2025-10-27,Kirehe,Mahama,44,159,0.277,60.4,20.3,72,98
2025-W44,2025-10-27,Kirehe,Nasho,46,149,0.309,60.4,20.3,72,98
2025-W44,2025-10-27,Kirehe,Kigarama,34,133,0.256,60.4,20.3,72,98
2025-W44,2025-10-27,Kirehe,Gatore,30,108,0.278,60.4,20.3,72,98
2025-W44,2025-10-27,Kirehe,Kirehe,27,108,0.25,60.4,20.3,72,98
2025-W44,2025-10-27,Kirehe,Musaza,39,161,0.242,60.4,20.3,72,98
2025-W44,2025-10-27,Kirehe,Kigina,25,96,0.26,60.4,20.3,72,98
2025-W44,2025-10-27,Kirehe,Mushikiri,28,99,0.283,60.4,20.3,72,98
2025-W44,2025-10-27,Kirehe,Nyarubuye,36,121,0.298,60.4,20.3,72,98
2025-W45,2025-11-03,Kirehe,Nyamugari,39,127,0.307,59.0,20.5,72,99
2025-W45,2025-11-03,Kirehe,Mpanga,27,86,0.314,59.0,20.5,72,99
2025-W45,2025-11-03,Kirehe,Gahara,31,104,0.298,59.0,20.5,72,99
2025-W45,2025-11-03,Kirehe,Mahama,41,133,0.308,59.0,20.5,72,99
2025-W45,2025-11-03,Kirehe,Nasho,44,130,0.338,59.0,20.5,72,99
2025-W45,2025-11-03,Kirehe,Kigarama,28,83,0.337,59.0,20.5,72,99
2025-W45,2025-11-03,Kirehe,Gatore,32,99,0.323,59.0,20.5,72,99
2025-W45,2025-11-03,Kirehe,Kirehe,34,123,0.276,59.0,20.5,72,99
2025-W45,2025-11-03,Kirehe,Musaza,34,111,0.306,59.0,20.5,72,99
2025-W45,2025-11-03,Kirehe,Kigina,31,110,0.282,59.0,20.5,72,99
2025-W45,2025-11-03,Kirehe,Mushikiri,26,80,0.325,59.0,20.5,72,99
2025-W45,2025-11-03,Kirehe,Nyarubuye,38,134,0.284,59.0,20.5,72,99
2025-W46,2025-11-10,Kirehe,Nyamugari,42,110,0.382,46.0,20.1,72,98
2025-W46,2025-11-10,Kirehe,Mpanga,23,60,0.383,46.0,20.1,72,98
2025-W46,2025-11-10,Kirehe,Gahara,33,89,0.371,46.0,20.1,72,98
2025-W46,2025-11-10,Kirehe,Mahama,52,123,0.423,46.0,20.1,72,98
2025-W46,2025-11-10,Kirehe,Nasho,58,153,0.379,46.0,20.1,72,98
2025-W46,2025-11-10,Kirehe,Kigarama,36,99,0.364,46.0,20.1,72,98
2025-W46,2025-11-10,Kirehe,Gatore,30,71,0.423,46.0,20.1,72,98
2025-W46,2025-11-10,Kirehe,Kirehe,35,84,0.417,46.0,20.1,72,98
2025-W46,2025-11-10,Kirehe,Musaza,35,98,0.357,46.0,20.1,72,98
2025-W46,2025-11-10,Kirehe,Kigina,31,78,0.397,46.0,20.1,72,98
2025-W46,2025-11-10,Kirehe,Mushikiri,27,72,0.375,46.0,20.1,72,98
2025-W46,2025-11-10,Kirehe,Nyarubuye,49,115,0.426,46.0,20.1,72,98
2025-W47,2025-11-17,Kirehe,Nyamugari,51,118,0.432,39.1,20.9,72,96
2025-W47,2025-11-17,Kirehe,Mpanga,35,72,0.486,39.1,20.9,72,96
2025-W47,2025-11-17,Kirehe,Gahara,44,106,0.415,39.1,20.9,72,96
2025-W47,2025-11-17,Kirehe,Mahama,55,114,0.482,39.1,20.9,72,96
2025-W47,2025-11-17,Kirehe,Nasho,61,124,0.492,39.1,20.9,72,96
2025-W47,2025-11-17,Kirehe,Kigarama,43,90,0.478,39.1,20.9,72,96
2025-W47,2025-11-17,Kirehe,Gatore,37,76,0.487,39.1,20.9,72,96
2025-W47,2025-11-17,Kirehe,Kirehe,45,93,0.484,39.1,20.9,72,96
2025-W47,2025-11-17,Kirehe,Musaza,44,90,0.489,39.1,20.9,72,96
2025-W47,2025-11-17,Kirehe,Kigina,32,67,0.478,39.1,20.9,72,96
2025-W47,2025-11-17,Kirehe,Mushikiri,39,91,0.429,39.1,20.9,72,96
2025-W47,2025-11-17,Kirehe,Nyarubuye,48,108,0.444,39.1,20.9,72,96
2025-W48,2025-11-24,Kirehe,Nyamugari,64,132,0.485,24.1,20.9,72,99
2025-W48,2025-11-24,Kirehe,Mpanga,38,74,0.514,24.1,20.9,72,99
2025-W48,2025-11-24,Kirehe,Gahara,53,98,0.541,24.1,20.9,72,99
2025-W48,2025-11-24,Kirehe,Mahama,64,122,0.525,24.1,20.9,72,99
2025-W48,2025-11-24,Kirehe,Nasho,63,120,0.525,24.1,20.9,72,99
2025-W48,2025-11-24,Kirehe,Kigarama,47,93,0.505,24.1,20.9,72,99
2025-W48,2025-11-24,Kirehe,Gatore,45,81,0.556,24.1,20.9,72,99
2025-W48,2025-11-24,Kirehe,Kirehe,48,92,0.522,24.1,20.9,72,99
2025-W48,2025-11-24,Kirehe,Musaza,50,96,0.521,24.1,20.9,72,99
2025-W48,2025-11-24,Kirehe,Kigina,41,78,0.526,24.1,20.9,72,99
2025-W48,2025-11-24,Kirehe,Mushikiri,49,97,0.505,24.1,20.9,72,99
2025-W48,2025-11-24,Kirehe,Nyarubuye,53,99,0.535,24.1,20.9,72,99
2025-W49,2025-12-01,Kirehe,Nyamugari,66,120,0.55,22.4,20.8,72,96
2025-W49,2025-12-01,Kirehe,Mpanga,38,70,0.543,22.4,20.8,72,96
2025-W49,2025-12-01,Kirehe,Gahara,42,73,0.575,22.4,20.8,72,96
2025-W49,2025-12-01,Kirehe,Mahama,70,122,0.574,22.4,20.8,72,96
2025-W49,2025-12-01,Kirehe,Nasho,76,129,0.589,22.4,20.8,72,96
2025-W49,2025-12-01,Kirehe,Kigarama,53,103,0.515,22.4,20.8,72,96
2025-W49,2025-12-01,Kirehe,Gatore,54,96,0.562,22.4,20.8,72,96
2025-W49,2025-12-01,Kirehe,Kirehe,54,93,0.581,22.4,20.8,72,96
2025-W49,2025-12-01,Kirehe,Musaza,57,99,0.576,22.4,20.8,72,96
2025-W49,2025-12-01,Kirehe,Kigina,38,72,0.528,22.4,20.8,72,96
2025-W49,2025-12-01,Kirehe,Mushikiri,41,80,0.512,22.4,20.8,72,96
2025-W49,2025-12-01,Kirehe,Nyarubuye,60,107,0.561,22.4,20.8,72,96
2025-W50,2025-12-08,Kirehe,Nyamugari,56,103,0.544,22.9,20.2,72,97
2025-W50,2025-12-08,Kirehe,Mpanga,51,102,0.5,22.9,20.2,72,97
2025-W50,2025-12-08,Kirehe,Gahara,60,118,0.508,22.9,20.2,72,97
2025-W50,2025-12-08,Kirehe,Mahama,61,111,0.55,22.9,20.2,72,97
2025-W50,2025-12-08,Kirehe,Nasho,73,129,0.566,22.9,20.2,72,97
2025-W50,2025-12-08,Kirehe,Kigarama,54,103,0.524,22.9,20.2,72,97
2025-W50,2025-12-08,Kirehe,Gatore,54,102,0.529,22.9,20.2,72,97
2025-W50,2025-12-08,Kirehe,Kirehe,60,107,0.561,22.9,20.2,72,97
2025-W50,2025-12-08,Kirehe,Musaza,65,121,0.537,22.9,20.2,72,97
2025-W50,2025-12-08,Kirehe,Kigina,44,87,0.506,22.9,20.2,72,97
2025-W50,2025-12-08,Kirehe,Mushikiri,43,81,0.531,22.9,20.2,72,97
2025-W50,2025-12-08,Kirehe,Nyarubuye,82,144,0.569,22.9,20.2,72,97
2025-W51,2025-12-15,Kirehe,Nyamugari,72,132,0.545,23.3,21.4,72,99
2025-W51,2025-12-15,Kirehe,Mpanga,39,69,0.565,23.3,21.4,72,99
2025-W51,2025-12-15,Kirehe,Gahara,53,92,0.576,23.3,21.4,72,99
2025-W51,2025-12-15,Kirehe,Mahama,67,127,0.528,23.3,21.4,72,99
2025-W51,2025-12-15,Kirehe,Nasho,80,158,0.506,23.3,21.4,72,99
2025-W51,2025-12-15,Kirehe,Kigarama,41,73,0.562,23.3,21.4,72,99
2025-W51,2025-12-15,Kirehe,Gatore,45,79,0.57,23.3,21.4,72,99
2025-W51,2025-12-15,Kirehe,Kirehe,58,104,0.558,23.3,21.4,72,99
2025-W51,2025-12-15,Kirehe,Musaza,61,107,0.57,23.3,21.4,72,99
2025-W51,2025-12-15,Kirehe,Kigina,42,79,0.532,23.3,21.4,72,99
2025-W51,2025-12-15,Kirehe,Mushikiri,39,77,0.506,23.3,21.4,72,99
2025-W51,2025-12-15,Kirehe,Nyarubuye,53,97,0.546,23.3,21.4,72,99
2025-W52,2025-12-22,Kirehe,Nyamugari,61,129,0.473,15.0,21.3,72,96
2025-W52,2025-12-22,Kirehe,Mpanga,39,90,0.433,15.0,21.3,72,96
2025-W52,2025-12-22,Kirehe,Gahara,41,91,0.451,15.0,21.3,72,96
2025-W52,2025-12-22,Kirehe,Mahama,63,129,0.488,15.0,21.3,72,96
2025-W52,2025-12-22,Kirehe,Nasho,72,157,0.459,15.0,21.3,72,96
2025-W52,2025-12-22,Kirehe,Kigarama,48,98,0.49,15.0,21.3,72,96
2025-W52,2025-12-22,Kirehe,Gatore,44,88,0.5,15.0,21.3,72,96
2025-W52,2025-12-22,Kirehe,Kirehe,55,111,0.495,15.0,21.3,72,96
2025-W52,2025-12-22,Kirehe,Musaza,58,117,0.496,15.0,21.3,72,96
2025-W52,2025-12-22,Kirehe,Kigina,37,77,0.481,15.0,21.3,72,96
2025-W52,2025-12-22,Kirehe,Mushikiri,43,95,0.453,15.0,21.3,72,96
2025-W52,2025-12-22,Kirehe,Nyarubuye,75,152,0.493,15.0,21.3,72,96
2026-W01,2025-12-29,Kirehe,Nyamugari,51,116,0.44,15.3,21.6,72,96
2026-W01,2025-12-29,Kirehe,Mpanga,29,61,0.475,15.3,21.6,72,96
2026-W01,2025-12-29,Kirehe,Gahara,39,87,0.448,15.3,21.6,72,96
2026-W01,2025-12-29,Kirehe,Mahama,55,124,0.444,15.3,21.6,72,96
2026-W01,2025-12-29,Kirehe,Nasho,65,147,0.442,15.3,21.6,72,96
2026-W01,2025-12-29,Kirehe,Kigarama,34,71,0.479,15.3,21.6,72,96
2026-W01,2025-12-29,Kirehe,Gatore,38,93,0.409,15.3,21.6,72,96
2026-W01,2025-12-29,Kirehe,Kirehe,43,95,0.453,15.3,21.6,72,96
2026-W01,2025-12-29,Kirehe,Musaza,40,93,0.43,15.3,21.6,72,96
2026-W01,2025-12-29,Kirehe,Kigina,41,101,0.406,15.3,21.6,72,96
2026-W01,2025-12-29,Kirehe,Mushikiri,38,79,0.481,15.3,21.6,72,96
2026-W01,2025-12-29,Kirehe,Nyarubuye,49,109,0.45,15.3,21.6,72,96
2026-W02,2026-01-05,Kirehe,Nyamugari,41,110,0.373,13.7,20.9,72,98
2026-W02,2026-01-05,Kirehe,Mpanga,21,59,0.356,13.7,20.9,72,98
2026-W02,2026-01-05,Kirehe,Gahara,38,96,0.396,13.7,20.9,72,98
2026-W02,2026-01-05,Kirehe,Mahama,46,121,0.38,13.7,20.9,72,98
2026-W02,2026-01-05,Kirehe,Nasho,48,114,0.421,13.7,20.9,72,98
2026-W02,2026-01-05,Kirehe,Kigarama,36,101,0.356,13.7,20.9,72,98
2026-W02,2026-01-05,Kirehe,Gatore,30,74,0.405,13.7,20.9,72,98
2026-W02,2026-01-05,Kirehe,Kirehe,35,96,0.365,13.7,20.9,72,98
2026-W02,2026-01-05,Kirehe,Musaza,47,122,0.385,13.7,20.9,72,98
2026-W02,2026-01-05,Kirehe,Kigina,36,99,0.364,13.7,20.9,72,98
2026-W02,2026-01-05,Kirehe,Mushikiri,31,75,0.413,13.7,20.9,72,98
2026-W02,2026-01-05,Kirehe,Nyarubuye,39,109,0.358,13.7,20.9,72,98
2026-W03,2026-01-12,Kirehe,Nyamugari,38,116,0.328,12.1,21.8,72,96
2026-W03,2026-01-12,Kirehe,Mpanga,27,79,0.342,12.1,21.8,72,96
2026-W03,2026-01-12,Kirehe,Gahara,30,83,0.361,12.1,21.8,72,96
2026-W03,2026-01-12,Kirehe,Mahama,40,118,0.339,12.1,21.8,72,96
2026-W03,2026-01-12,Kirehe,Nasho,40,112,0.357,12.1,21.8,72,96
2026-W03,2026-01-12,Kirehe,Kigarama,23,78,0.295,12.1,21.8,72,96
2026-W03,2026-01-12,Kirehe,Gatore,23,75,0.307,12.1,21.8,72,96
2026-W03,2026-01-12,Kirehe,Kirehe,26,75,0.347,12.1,21.8,72,96
2026-W03,2026-01-12,Kirehe,Musaza,30,93,0.323,12.1,21.8,72,96
2026-W03,2026-01-12,Kirehe,Kigina,28,80,0.35,12.1,21.8,72,96
2026-W03,2026-01-12,Kirehe,Mushikiri,22,70,0.314,12.1,21.8,72,96
2026-W03,2026-01-12,Kirehe,Nyarubuye,36,120,0.3,12.1,21.8,72,96
2026-W04,2026-01-19,Kirehe,Nyamugari,31,138,0.225,14.6,21.7,72,97
2026-W04,2026-01-19,Kirehe,Mpanga,23,92,0.25,14.6,21.7,72,97
2026-W04,2026-01-19,Kirehe,Gahara,23,87,0.264,14.6,21.7,72,97
2026-W04,2026-01-19,Kirehe,Mahama,33,153,0.216,14.6,21.7,72,97
2026-W04,2026-01-19,Kirehe,Nasho,39,178,0.219,14.6,21.7,72,97
2026-W04,2026-01-19,Kirehe,Kigarama,26,92,0.283,14.6,21.7,72,97
2026-W04,2026-01-19,Kirehe,Gatore,26,114,0.228,14.6,21.7,72,97
2026-W04,2026-01-19,Kirehe,Kirehe,25,87,0.287,14.6,21.7,72,97
2026-W04,2026-01-19,Kirehe,Musaza,34,121,0.281,14.6,21.7,72,97
2026-W04,2026-01-19,Kirehe,Kigina,22,87,0.253,14.6,21.7,72,97
2026-W04,2026-01-19,Kirehe,Mushikiri,19,73,0.26,14.6,21.7,72,97
2026-W04,2026-01-19,Kirehe,Nyarubuye,35,136,0.257,14.6,21.7,72,97
2026-W05,2026-01-26,Kirehe,Nyamugari,29,106,0.274,20.0,22.2,72,97
2026-W05,2026-01-26,Kirehe,Mpanga,17,64,0.266,20.0,22.2,72,97
2026-W05,2026-01-26,Kirehe,Gahara,21,78,0.269,20.0,22.2,72,97
2026-W05,2026-01-26,Kirehe,Mahama,30,113,0.265,20.0,22.2,72,97
2026-W05,2026-01-26,Kirehe,Nasho,30,111,0.27,20.0,22.2,72,97
2026-W05,2026-01-26,Kirehe,Kigarama,23,96,0.24,20.0,22.2,72,97
2026-W05,2026-01-26,Kirehe,Gatore,20,78,0.256,20.0,22.2,72,97
2026-W05,2026-01-26,Kirehe,Kirehe,19,70,0.271,20.0,22.2,72,97
2026-W05,2026-01-26,Kirehe,Musaza,21,98,0.214,20.0,22.2,72,97
2026-W05,2026-01-26,Kirehe,Kigina,20,81,0.247,20.0,22.2,72,97
2026-W05,2026-01-26,Kirehe,Mushikiri,17,81,0.21,20.0,22.2,72,97
2026-W05,2026-01-26,Kirehe,Nyarubuye,21,88,0.239,20.0,22.2,72,97
2026-W06,2026-02-02,Kirehe,Nyamugari,24,100,0.24,24.2,21.5,72,95
2026-W06,2026-02-02,Kirehe,Mpanga,18,71,0.254,24.2,21.5,72,95
2026-W06,2026-02-02,Kirehe,Gahara,18,76,0.237,24.2,21.5,72,95
2026-W06,2026-02-02,Kirehe,Mahama,25,119,0.21,24.2,21.5,72,95
2026-W06,2026-02-02,Kirehe,Nasho,27,101,0.267,24.2,21.5,72,95
2026-W06,2026-02-02,Kirehe,Kigarama,18,74,0.243,24.2,21.5,72,95
2026-W06,2026-02-02,Kirehe,Gatore,16,71,0.225,24.2,21.5,72,95
2026-W06,2026-02-02,Kirehe,Kirehe,20,75,0.267,24.2,21.5,72,95
2026-W06,2026-02-02,Kirehe,Musaza,22,91,0.242,24.2,21.5,72,95
2026-W06,2026-02-02,Kirehe,Kigina,15,64,0.234,24.2,21.5,72,95
2026-W06,2026-02-02,Kirehe,Mushikiri,17,69,0.246,24.2,21.5,72,95
2026-W06,2026-02-02,Kirehe,Nyarubuye,19,92,0.207,24.2,21.5,72,95
2026-W07,2026-02-09,Kirehe,Nyamugari,25,174,0.144,28.2,21.6,72,95
2026-W07,2026-02-09,Kirehe,Mpanga,16,76,0.211,28.2,21.6,72,95
2026-W07,2026-02-09,Kirehe,Gahara,18,120,0.15,28.2,21.6,72,95
2026-W07,2026-02-09,Kirehe,Mahama,29,160,0.181,28.2,21.6,72,95
2026-W07,2026-02-09,Kirehe,Nasho,27,146,0.185,28.2,21.6,72,95
2026-W07,2026-02-09,Kirehe,Kigarama,13,65,0.2,28.2,21.6,72,95
2026-W07,2026-02-09,Kirehe,Gatore,16,90,0.178,28.2,21.6,72,95
2026-W07,2026-02-09,Kirehe,Kirehe,19,129,0.147,28.2,21.6,72,95
2026-W07,2026-02-09,Kirehe,Musaza,28,187,0.15,28.2,21.6,72,95
2026-W07,2026-02-09,Kirehe,Kigina,17,111,0.153,28.2,21.6,72,95
2026-W07,2026-02-09,Kirehe,Mushikiri,16,78,0.205,28.2,21.6,72,95
2026-W07,2026-02-09,Kirehe,Nyarubuye,22,121,0.182,28.2,21.6,72,95
2026-W08,2026-02-16,Kirehe,Nyamugari,19,82,0.232,38.9,22.8,72,99
2026-W08,2026-02-16,Kirehe,Mpanga,15,63,0.238,38.9,22.8,72,99
2026-W08,2026-02-16,Kirehe,Gahara,16,79,0.203,38.9,22.8,72,99
2026-W08,2026-02-16,Kirehe,Mahama,20,90,0.222,38.9,22.8,72,99
2026-W08,2026-02-16,Kirehe,Nasho,22,129,0.171,38.9,22.8,72,99
2026-W08,2026-02-16,Kirehe,Kigarama,16,72,0.222,38.9,22.8,72,99
2026-W08,2026-02-16,Kirehe,Gatore,13,54,0.241,38.9,22.8,72,99
2026-W08,2026-02-16,Kirehe,Kirehe,19,103,0.184,38.9,22.8,72,99
2026-W08,2026-02-16,Kirehe,Musaza,20,95,0.211,38.9,22.8,72,99
2026-W08,2026-02-16,Kirehe,Kigina,16,70,0.229,38.9,22.8,72,99
2026-W08,2026-02-16,Kirehe,Mushikiri,15,68,0.221,38.9,22.8,72,99
2026-W08,2026-02-16,Kirehe,Nyarubuye,23,96,0.24,38.9,22.8,72,99
2026-W09,2026-02-23,Kirehe,Nyamugari,20,105,0.19,52.6,22.0,72,96
2026-W09,2026-02-23,Kirehe,Mpanga,14,63,0.222,52.6,22.0,72,96
2026-W09,2026-02-23,Kirehe,Gahara,16,92,0.174,52.6,22.0,72,96
2026-W09,2026-02-23,Kirehe,Mahama,21,121,0.174,52.6,22.0,72,96
2026-W09,2026-02-23,Kirehe,Nasho,21,90,0.233,52.6,22.0,72,96
2026-W09,2026-02-23,Kirehe,Kigarama,17,84,0.202,52.6,22.0,72,96
2026-W09,2026-02-23,Kirehe,Gatore,14,59,0.237,52.6,22.0,72,96
2026-W09,2026-02-23,Kirehe,Kirehe,16,69,0.232,52.6,22.0,72,96
2026-W09,2026-02-23,Kirehe,Musaza,18,95,0.189,52.6,22.0,72,96
2026-W09,2026-02-23,Kirehe,Kigina,15,83,0.181,52.6,22.0,72,96
2026-W09,2026-02-23,Kirehe,Mushikiri,12,51,0.235,52.6,22.0,72,96
2026-W09,2026-02-23,Kirehe,Nyarubuye,20,85,0.235,52.6,22.0,72,96
2026-W10,2026-03-02,Kirehe,Nyamugari,19,187,0.102,54.9,22.2,72,95
2026-W10,2026-03-02,Kirehe,Mpanga,13,111,0.117,54.9,22.2,72,95
2026-W10,2026-03-02,Kirehe,Gahara,16,124,0.129,54.9,22.2,72,95
2026-W10,2026-03-02,Kirehe,Mahama,26,185,0.141,54.9,22.2,72,95
2026-W10,2026-03-02,Kirehe,Nasho,19,108,0.176,54.9,22.2,72,95
2026-W10,2026-03-02,Kirehe,Kigarama,16,114,0.14,54.9,22.2,72,95
2026-W10,2026-03-02,Kirehe,Gatore,15,97,0.155,54.9,22.2,72,95
2026-W10,2026-03-02,Kirehe,Kirehe,15,123,0.122,54.9,22.2,72,95
2026-W10,2026-03-02,Kirehe,Musaza,18,115,0.157,54.9,22.2,72,95
2026-W10,2026-03-02,Kirehe,Kigina,13,99,0.131,54.9,22.2,72,95
2026-W10,2026-03-02,Kirehe,Mushikiri,13,81,0.16,54.9,22.2,72,95
2026-W10,2026-03-02,Kirehe,Nyarubuye,18,113,0.159,54.9,22.2,72,95
2026-W11,2026-03-09,Kirehe,Nyamugari,26,251,0.104,60.1,23.2,72,99
2026-W11,2026-03-09,Kirehe,Mpanga,14,114,0.123,60.1,23.2,72,99
2026-W11,2026-03-09,Kirehe,Gahara,17,123,0.138,60.1,23.2,72,99
2026-W11,2026-03-09,Kirehe,Mahama,27,153,0.176,60.1,23.2,72,99
2026-W11,2026-03-09,Kirehe,Nasho,23,233,0.099,60.1,23.2,72,99
2026-W11,2026-03-09,Kirehe,Kigarama,17,117,0.145,60.1,23.2,72,99
2026-W11,2026-03-09,Kirehe,Gatore,16,132,0.121,60.1,23.2,72,99
2026-W11,2026-03-09,Kirehe,Kirehe,20,114,0.175,60.1,23.2,72,99
2026-W11,2026-03-09,Kirehe,Musaza,20,132,0.152,60.1,23.2,72,99
2026-W11,2026-03-09,Kirehe,Kigina,17,157,0.108,60.1,23.2,72,99
2026-W11,2026-03-09,Kirehe,Mushikiri,17,158,0.108,60.1,23.2,72,99
2026-W11,2026-03-09,Kirehe,Nyarubuye,20,197,0.102,60.1,23.2,72,99
2026-W12,2026-03-16,Kirehe,Nyamugari,22,150,0.147,71.7,23.5,72,95
2026-W12,2026-03-16,Kirehe,Mpanga,15,97,0.155,71.7,23.5,72,95
2026-W12,2026-03-16,Kirehe,Gahara,18,109,0.165,71.7,23.5,72,95
2026-W12,2026-03-16,Kirehe,Mahama,25,170,0.147,71.7,23.5,72,95
2026-W12,2026-03-16,Kirehe,Nasho,24,163,0.147,71.7,23.5,72,95
2026-W12,2026-03-16,Kirehe,Kigarama,16,91,0.176,71.7,23.5,72,95
2026-W12,2026-03-16,Kirehe,Gatore,17,87,0.195,71.7,23.5,72,95
2026-W12,2026-03-16,Kirehe,Kirehe,18,87,0.207,71.7,23.5,72,95
2026-W12,2026-03-16,Kirehe,Musaza,21,143,0.147,71.7,23.5,72,95
2026-W12,2026-03-16,Kirehe,Kigina,15,80,0.188,71.7,23.5,72,95
2026-W12,2026-03-16,Kirehe,Mushikiri,15,96,0.156,71.7,23.5,72,95
2026-W12,2026-03-16,Kirehe,Nyarubuye,23,124,0.185,71.7,23.5,72,95
2026-W13,2026-03-23,Kirehe,Nyamugari,20,115,0.174,56.7,23.2,72,98
2026-W13,2026-03-23,Kirehe,Mpanga,13,57,0.228,56.7,23.2,72,98
2026-W13,2026-03-23,Kirehe,Gahara,18,73,0.247,56.7,23.2,72,98
2026-W13,2026-03-23,Kirehe,Mahama,24,133,0.18,56.7,23.2,72,98
2026-W13,2026-03-23,Kirehe,Nasho,23,136,0.169,56.7,23.2,72,98
2026-W13,2026-03-23,Kirehe,Kigarama,14,74,0.189,56.7,23.2,72,98
2026-W13,2026-03-23,Kirehe,Gatore,16,86,0.186,56.7,23.2,72,98
2026-W13,2026-03-23,Kirehe,Kirehe,16,92,0.174,56.7,23.2,72,98
2026-W13,2026-03-23,Kirehe,Musaza,16,75,0.213,56.7,23.2,72,98
2026-W13,2026-03-23,Kirehe,Kigina,13,57,0.228,56.7,23.2,72,98
2026-W13,2026-03-23,Kirehe,Mushikiri,16,87,0.184,56.7,23.2,72,98
2026-W13,2026-03-23,Kirehe,Nyarubuye,19,82,0.232,56.7,23.2,72,98
2026-W14,2026-03-30,Kirehe,Nyamugari,19,104,0.183,48.9,23.0,72,96
2026-W14,2026-03-30,Kirehe,Mpanga,13,59,0.22,48.9,23.0,72,96
2026-W14,2026-03-30,Kirehe,Gahara,16,92,0.174,48.9,23.0,72,96
2026-W14,2026-03-30,Kirehe,Mahama,22,132,0.167,48.9,23.0,72,96
2026-W14,2026-03-30,Kirehe,Nasho,25,131,0.191,48.9,23.0,72,96
2026-W14,2026-03-30,Kirehe,Kigarama,16,83,0.193,48.9,23.0,72,96
2026-W14,2026-03-30,Kirehe,Gatore,16,81,0.198,48.9,23.0,72,96
2026-W14,2026-03-30,Kirehe,Kirehe,18,98,0.184,48.9,23.0,72,96
2026-W14,2026-03-30,Kirehe,Musaza,22,119,0.185,48.9,23.0,72,96
2026-W14,2026-03-30,Kirehe,Kigina,13,65,0.2,48.9,23.0,72,96
2026-W14,2026-03-30,Kirehe,Mushikiri,15,70,0.214,48.9,23.0,72,96
2026-W14,2026-03-30,Kirehe,Nyarubuye,19,109,0.174,48.9,23.0,72,96
2026-W15,2026-04-06,Kirehe,Nyamugari,29,124,0.234,72.8,23.2,72,98
2026-W15,2026-04-06,Kirehe,Mpanga,18,108,0.167,72.8,23.2,72,98
2026-W15,2026-04-06,Kirehe,Gahara,16,67,0.239,72.8,23.2,72,98
2026-W15,2026-04-06,Kirehe,Mahama,33,202,0.163,72.8,23.2,72,98
2026-W15,2026-04-06,Kirehe,Nasho,29,122,0.238,72.8,23.2,72,98
2026-W15,2026-04-06,Kirehe,Kigarama,23,119,0.193,72.8,23.2,72,98
2026-W15,2026-04-06,Kirehe,Gatore,21,115,0.183,72.8,23.2,72,98
2026-W15,2026-04-06,Kirehe,Kirehe,22,106,0.208,72.8,23.2,72,98
2026-W15,2026-04-06,Kirehe,Musaza,25,106,0.236,72.8,23.2,72,98
2026-W15,2026-04-06,Kirehe,Kigina,22,105,0.21,72.8,23.2,72,98
2026-W15,2026-04-06,Kirehe,Mushikiri,16,96,0.167,72.8,23.2,72,98
2026-W15,2026-04-06,Kirehe,Nyarubuye,24,119,0.202,72.8,23.2,72,98
2026-W16,2026-04-13,Kirehe,Nyamugari,23,123,0.187,83.6,23.9,72,95
2026-W16,2026-04-13,Kirehe,Mpanga,17,75,0.227,83.6,23.9,72,95
2026-W16,2026-04-13,Kirehe,Gahara,19,95,0.2,83.6,23.9,72,95
2026-W16,2026-04-13,Kirehe,Mahama,30,124,0.242,83.6,23.9,72,95
2026-W16,2026-04-13,Kirehe,Nasho,35,148,0.236,83.6,23.9,72,95
2026-W16,2026-04-13,Kirehe,Kigarama,20,110,0.182,83.6,23.9,72,95
2026-W16,2026-04-13,Kirehe,Gatore,21,89,0.236,83.6,23.9,72,95
2026-W16,2026-04-13,Kirehe,Kirehe,22,92,0.239,83.6,23.9,72,95
2026-W16,2026-04-13,Kirehe,Musaza,22,99,0.222,83.6,23.9,72,95
2026-W16,2026-04-13,Kirehe,Kigina,19,87,0.218,83.6,23.9,72,95
2026-W16,2026-04-13,Kirehe,Mushikiri,13,63,0.206,83.6,23.9,72,95
2026-W16,2026-04-13,Kirehe,Nyarubuye,26,124,0.21,83.6,23.9,72,95
2026-W17,2026-04-20,Kirehe,Nyamugari,31,98,0.316,76.2,23.8,72,95
2026-W17,2026-04-20,Kirehe,Mpanga,23,77,0.299,76.2,23.8,72,95
2026-W17,2026-04-20,Kirehe,Gahara,24,88,0.273,76.2,23.8,72,95
2026-W17,2026-04-20,Kirehe,Mahama,39,119,0.328,76.2,23.8,72,95
2026-W17,2026-04-20,Kirehe,Nasho,34,113,0.301,76.2,23.8,72,95
2026-W17,2026-04-20,Kirehe,Kigarama,28,106,0.264,76.2,23.8,72,95
2026-W17,2026-04-20,Kirehe,Gatore,27,93,0.29,76.2,23.8,72,95
2026-W17,2026-04-20,Kirehe,Kirehe,30,102,0.294,76.2,23.8,72,95
2026-W17,2026-04-20,Kirehe,Musaza,32,107,0.299,76.2,23.8,72,95
2026-W17,2026-04-20,Kirehe,Kigina,24,72,0.333,76.2,23.8,72,95
2026-W17,2026-04-20,Kirehe,Mushikiri,26,93,0.28,76.2,23.8,72,95
2026-W17,2026-04-20,Kirehe,Nyarubuye,35,113,0.31,76.2,23.8,72,95
2026-W18,2026-04-27,Kirehe,Nyamugari,37,124,0.298,60.2,24.0,72,95
2026-W18,2026-04-27,Kirehe,Mpanga,25,79,0.316,60.2,24.0,72,95
2026-W18,2026-04-27,Kirehe,Gahara,28,113,0.248,60.2,24.0,72,95
2026-W18,2026-04-27,Kirehe,Mahama,42,167,0.251,60.2,24.0,72,95
2026-W18,2026-04-27,Kirehe,Nasho,39,123,0.317,60.2,24.0,72,95
2026-W18,2026-04-27,Kirehe,Kigarama,23,89,0.258,60.2,24.0,72,95
2026-W18,2026-04-27,Kirehe,Gatore,27,90,0.3,60.2,24.0,72,95
2026-W18,2026-04-27,Kirehe,Kirehe,28,109,0.257,60.2,24.0,72,95
2026-W18,2026-04-27,Kirehe,Musaza,25,101,0.248,60.2,24.0,72,95
2026-W18,2026-04-27,Kirehe,Kigina,22,70,0.314,60.2,24.0,72,95
2026-W18,2026-04-27,Kirehe,Mushikiri,24,75,0.32,60.2,24.0,72,95
2026-W18,2026-04-27,Kirehe,Nyarubuye,39,146,0.267,60.2,24.0,72,95
2026-W19,2026-05-04,Kirehe,Nyamugari,40,114,0.351,52.8,23.4,72,96
2026-W19,2026-05-04,Kirehe,Mpanga,28,79,0.354,52.8,23.4,72,96
2026-W19,2026-05-04,Kirehe,Gahara,28,73,0.384,52.8,23.4,72,96
2026-W19,2026-05-04,Kirehe,Mahama,41,124,0.331,52.8,23.4,72,96
2026-W19,2026-05-04,Kirehe,Nasho,39,115,0.339,52.8,23.4,72,96
2026-W19,2026-05-04,Kirehe,Kigarama,28,79,0.354,52.8,23.4,72,96
2026-W19,2026-05-04,Kirehe,Gatore,25,69,0.362,52.8,23.4,72,96
2026-W19,2026-05-04,Kirehe,Kirehe,31,85,0.365,52.8,23.4,72,96
2026-W19,2026-05-04,Kirehe,Musaza,33,99,0.333,52.8,23.4,72,96
2026-W19,2026-05-04,Kirehe,Kigina,32,83,0.386,52.8,23.4,72,96
2026-W19,2026-05-04,Kirehe,Mushikiri,26,76,0.342,52.8,23.4,72,96
2026-W19,2026-05-04,Kirehe,Nyarubuye,37,108,0.343,52.8,23.4,72,96
2026-W20,2026-05-11,Kirehe,Nyamugari,37,93,0.398,56.4,23.5,72,99
2026-W20,2026-05-11,Kirehe,Mpanga,26,57,0.456,56.4,23.5,72,99
2026-W20,2026-05-11,Kirehe,Gahara,36,79,0.456,56.4,23.5,72,99
2026-W20,2026-05-11,Kirehe,Mahama,44,104,0.423,56.4,23.5,72,99
2026-W20,2026-05-11,Kirehe,Nasho,49,111,0.441,56.4,23.5,72,99
2026-W20,2026-05-11,Kirehe,Kigarama,38,93,0.409,56.4,23.5,72,99
2026-W20,2026-05-11,Kirehe,Gatore,26,63,0.413,56.4,23.5,72,99
2026-W20,2026-05-11,Kirehe,Kirehe,35,80,0.438,56.4,23.5,72,99
2026-W20,2026-05-11,Kirehe,Musaza,41,100,0.41,56.4,23.5,72,99
2026-W20,2026-05-11,Kirehe,Kigina,28,66,0.424,56.4,23.5,72,99
2026-W20,2026-05-11,Kirehe,Mushikiri,32,70,0.457,56.4,23.5,72,99
2026-W20,2026-05-11,Kirehe,Nyarubuye,40,96,0.417,56.4,23.5,72,99
2026-W21,2026-05-18,Kirehe,Nyamugari,51,112,0.455,38.1,24.0,72,96
2026-W21,2026-05-18,Kirehe,Mpanga,32,75,0.427,38.1,24.0,72,96
2026-W21,2026-05-18,Kirehe,Gahara,42,96,0.438,38.1,24.0,72,96
2026-W21,2026-05-18,Kirehe,Mahama,49,116,0.422,38.1,24.0,72,96
2026-W21,2026-05-18,Kirehe,Nasho,52,131,0.397,38.1,24.0,72,96
2026-W21,2026-05-18,Kirehe,Kigarama,36,83,0.434,38.1,24.0,72,96
2026-W21,2026-05-18,Kirehe,Gatore,33,75,0.44,38.1,24.0,72,96
2026-W21,2026-05-18,Kirehe,Kirehe,44,95,0.463,38.1,24.0,72,96
2026-W21,2026-05-18,Kirehe,Musaza,37,82,0.451,38.1,24.0,72,96
2026-W21,2026-05-18,Kirehe,Kigina,33,73,0.452,38.1,24.0,72,96
2026-W21,2026-05-18,Kirehe,Mushikiri,34,87,0.391,38.1,24.0,72,96
2026-W21,2026-05-18,Kirehe,Nyarubuye,48,119,0.403,38.1,24.0,72,96
2026-W22,2026-05-25,Kirehe,Nyamugari,53,119,0.445,28.0,23.9,72,99
2026-W22,2026-05-25,Kirehe,Mpanga,28,55,0.509,28.0,23.9,72,99
2026-W22,2026-05-25,Kirehe,Gahara,44,87,0.506,28.0,23.9,72,99
2026-W22,2026-05-25,Kirehe,Mahama,50,113,0.442,28.0,23.9,72,99
2026-W22,2026-05-25,Kirehe,Nasho,58,114,0.509,28.0,23.9,72,99
2026-W22,2026-05-25,Kirehe,Kigarama,44,89,0.494,28.0,23.9,72,99
2026-W22,2026-05-25,Kirehe,Gatore,37,75,0.493,28.0,23.9,72,99
2026-W22,2026-05-25,Kirehe,Kirehe,39,85,0.459,28.0,23.9,72,99
2026-W22,2026-05-25,Kirehe,Musaza,50,114,0.439,28.0,23.9,72,99
2026-W22,2026-05-25,Kirehe,Kigina,36,81,0.444,28.0,23.9,72,99
2026-W22,2026-05-25,Kirehe,Mushikiri,38,83,0.458,28.0,23.9,72,99
2026-W22,2026-05-25,Kirehe,Nyarubuye,45,89,0.506,28.0,23.9,72,99
2026-W23,2026-06-01,Kirehe,Nyamugari,41,74,0.554,29.0,23.3,72,96
2026-W23,2026-06-01,Kirehe,Mpanga,33,62,0.532,29.0,23.3,72,96
2026-W23,2026-06-01,Kirehe,Gahara,34,60,0.567,29.0,23.3,72,96
2026-W23,2026-06-01,Kirehe,Mahama,53,94,0.564,29.0,23.3,72,96
2026-W23,2026-06-01,Kirehe,Nasho,57,111,0.514,29.0,23.3,72,96
2026-W23,2026-06-01,Kirehe,Kigarama,32,57,0.561,29.0,23.3,72,96
2026-W23,2026-06-01,Kirehe,Gatore,44,88,0.5,29.0,23.3,72,96
2026-W23,2026-06-01,Kirehe,Kirehe,29,57,0.509,29.0,23.3,72,96
2026-W23,2026-06-01,Kirehe,Musaza,48,87,0.552,29.0,23.3,72,96
2026-W23,2026-06-01,Kirehe,Kigina,32,56,0.571,29.0,23.3,72,96
2026-W23,2026-06-01,Kirehe,Mushikiri,35,61,0.574,29.0,23.3,72,96
2026-W23,2026-06-01,Kirehe,Nyarubuye,46,82,0.561,29.0,23.3,72,96
2026-W24,2026-06-08,Kirehe,Nyamugari,60,113,0.531,25.1,23.5,72,97
2026-W24,2026-06-08,Kirehe,Mpanga,38,74,0.514,25.1,23.5,72,97
2026-W24,2026-06-08,Kirehe,Gahara,55,104,0.529,25.1,23.5,72,97
2026-W24,2026-06-08,Kirehe,Mahama,80,161,0.497,25.1,23.5,72,97
2026-W24,2026-06-08,Kirehe,Nasho,60,108,0.556,25.1,23.5,72,97
2026-W24,2026-06-08,Kirehe,Kigarama,49,96,0.51,25.1,23.5,72,97
2026-W24,2026-06-08,Kirehe,Gatore,38,76,0.5,25.1,23.5,72,97
2026-W24,2026-06-08,Kirehe,Kirehe,48,96,0.5,25.1,23.5,72,97
2026-W24,2026-06-08,Kirehe,Musaza,56,104,0.538,25.1,23.5,72,97
2026-W24,2026-06-08,Kirehe,Kigina,41,72,0.569,25.1,23.5,72,97
2026-W24,2026-06-08,Kirehe,Mushikiri,47,90,0.522,25.1,23.5,72,97
2026-W24,2026-06-08,Kirehe,Nyarubuye,62,117,0.53,25.1,23.5,72,97
2026-W25,2026-06-15,Kirehe,Nyamugari,52,113,0.46,19.2,22.6,72,96
2026-W25,2026-06-15,Kirehe,Mpanga,35,73,0.479,19.2,22.6,72,96
2026-W25,2026-06-15,Kirehe,Gahara,40,82,0.488,19.2,22.6,72,96
2026-W25,2026-06-15,Kirehe,Mahama,62,119,0.521,19.2,22.6,72,96
2026-W25,2026-06-15,Kirehe,Nasho,58,118,0.492,19.2,22.6,72,96
2026-W25,2026-06-15,Kirehe,Kigarama,39,73,0.534,19.2,22.6,72,96
2026-W25,2026-06-15,Kirehe,Gatore,48,97,0.495,19.2,22.6,72,96
2026-W25,2026-06-15,Kirehe,Kirehe,40,83,0.482,19.2,22.6,72,96
2026-W25,2026-06-15,Kirehe,Musaza,42,80,0.525,19.2,22.6,72,96
2026-W25,2026-06-15,Kirehe,Kigina,39,76,0.513,19.2,22.6,72,96
2026-W25,2026-06-15,Kirehe,Mushikiri,55,117,0.47,19.2,22.6,72,96
2026-W25,2026-06-15,Kirehe,Nyarubuye,59,125,0.472,19.2,22.6,72,96
2026-W26,2026-06-22,Kirehe,Nyamugari,58,129,0.45,9.9,23.6,69,97
2026-W26,2026-06-22,Kirehe,Mpanga,40,90,0.444,9.9,23.6,69,97
2026-W26,2026-06-22,Kirehe,Gahara,40,86,0.465,9.9,23.6,69,97
2026-W26,2026-06-22,Kirehe,Mahama,76,152,0.5,9.9,23.6,69,97
2026-W26,2026-06-22,Kirehe,Nasho,62,125,0.496,9.9,23.6,69,97
2026-W26,2026-06-22,Kirehe,Kigarama,49,100,0.49,9.9,23.6,69,97
2026-W26,2026-06-22,Kirehe,Gatore,44,99,0.444,9.9,23.6,69,97
2026-W26,2026-06-22,Kirehe,Kirehe,47,99,0.475,9.9,23.6,69,97
2026-W26,2026-06-22,Kirehe,Musaza,51,109,0.468,9.9,23.6,69,97
2026-W26,2026-06-22,Kirehe,Kigina,40,88,0.455,9.9,23.6,69,97
2026-W26,2026-06-22,Kirehe,Mushikiri,42,89,0.472,9.9,23.6,69,97
2026-W26,2026-06-22,Kirehe,Nyarubuye,58,127,0.457,9.9,23.6,69,97
2026-W27,2026-06-29,Kirehe,Nyamugari,44,98,0.449,21.9,23.1,69,98
2026-W27,2026-06-29,Kirehe,Mpanga,33,79,0.418,21.9,23.1,69,98
2026-W27,2026-06-29,Kirehe,Gahara,47,107,0.439,21.9,23.1,69,98
2026-W27,2026-06-29,Kirehe,Mahama,51,116,0.44,21.9,23.1,69,98
2026-W27,2026-06-29,Kirehe,Nasho,51,114,0.447,21.9,23.1,69,98
2026-W27,2026-06-29,Kirehe,Kigarama,40,91,0.44,21.9,23.1,69,98
2026-W27,2026-06-29,Kirehe,Gatore,37,91,0.407,21.9,23.1,69,98
2026-W27,2026-06-29,Kirehe,Kirehe,38,97,0.392,21.9,23.1,69,98
2026-W27,2026-06-29,Kirehe,Musaza,38,87,0.437,21.9,23.1,69,98
2026-W27,2026-06-29,Kirehe,Kigina,28,69,0.406,21.9,23.1,69,98
2026-W27,2026-06-29,Kirehe,Mushikiri,31,71,0.437,21.9,23.1,69,98
2026-W27,2026-06-29,Kirehe,Nyarubuye,53,131,0.405,21.9,23.1,69,98
2026-W28,2026-07-06,Kirehe,Nyamugari,40,86,0.465,16.1,23.0,69,95
2026-W28,2026-07-06,Kirehe,Mpanga,33,78,0.423,16.1,23.0,69,95
2026-W28,2026-07-06,Kirehe,Gahara,40,91,0.44,16.1,23.0,69,95
2026-W28,2026-07-06,Kirehe,Mahama,47,114,0.412,16.1,23.0,69,95
2026-W28,2026-07-06,Kirehe,Nasho,44,110,0.4,16.1,23.0,69,95
2026-W28,2026-07-06,Kirehe,Kigarama,27,69,0.391,16.1,23.0,69,95
2026-W28,2026-07-06,Kirehe,Gatore,39,91,0.429,16.1,23.0,69,95
2026-W28,2026-07-06,Kirehe,Kirehe,36,85,0.424,16.1,23.0,69,95
2026-W28,2026-07-06,Kirehe,Musaza,36,84,0.429,16.1,23.0,69,95
2026-W28,2026-07-06,Kirehe,Kigina,29,73,0.397,16.1,23.0,69,95
2026-W28,2026-07-06,Kirehe,Mushikiri,26,61,0.426,16.1,23.0,69,95
2026-W28,2026-07-06,Kirehe,Nyarubuye,40,90,0.444,16.1,23.0,69,95
2026-W29,2026-07-13,Kirehe,Nyamugari,34,109,0.312,13.8,23.0,69,99
2026-W29,2026-07-13,Kirehe,Mpanga,24,80,0.3,13.8,23.0,69,99
2026-W29,2026-07-13,Kirehe,Gahara,30,80,0.375,13.8,23.0,69,99
2026-W29,2026-07-13,Kirehe,Mahama,43,126,0.341,13.8,23.0,69,99
2026-W29,2026-07-13,Kirehe,Nasho,52,149,0.349,13.8,23.0,69,99
2026-W29,2026-07-13,Kirehe,Kigarama,35,113,0.31,13.8,23.0,69,99
2026-W29,2026-07-13,Kirehe,Gatore,36,95,0.379,13.8,23.0,69,99
2026-W29,2026-07-13,Kirehe,Kirehe,30,86,0.349,13.8,23.0,69,99
2026-W29,2026-07-13,Kirehe,Musaza,36,110,0.327,13.8,23.0,69,99
2026-W29,2026-07-13,Kirehe,Kigina,31,93,0.333,13.8,23.0,69,99
2026-W29,2026-07-13,Kirehe,Mushikiri,26,80,0.325,13.8,23.0,69,99
2026-W29,2026-07-13,Kirehe,Nyarubuye,42,129,0.326,13.8,23.0,69,99
2026-W30,2026-07-20,Kirehe,Nyamugari,35,109,0.321,15.0,22.9,69,96
2026-W30,2026-07-20,Kirehe,Mpanga,20,59,0.339,15.0,22.9,69,96
2026-W30,2026-07-20,Kirehe,Gahara,26,77,0.338,15.0,22.9,69,96
2026-W30,2026-07-20,Kirehe,Mahama,34,99,0.343,15.0,22.9,69,96
2026-W30,2026-07-20,Kirehe,Nasho,37,131,0.282,15.0,22.9,69,96
2026-W30,2026-07-20,Kirehe,Kigarama,20,64,0.312,15.0,22.9,69,96
2026-W30,2026-07-20,Kirehe,Gatore,23,68,0.338,15.0,22.9,69,96
2026-W30,2026-07-20,Kirehe,Kirehe,23,75,0.307,15.0,22.9,69,96
2026-W30,2026-07-20,Kirehe,Musaza,31,90,0.344,15.0,22.9,69,96
2026-W30,2026-07-20,Kirehe,Kigina,22,64,0.344,15.0,22.9,69,96
2026-W30,2026-07-20,Kirehe,Mushikiri,21,61,0.344,15.0,22.9,69,96
2026-W30,2026-07-20,Kirehe,Nyarubuye,37,106,0.349,15.0,22.9,69,96
2026-W31,2026-07-27,Kirehe,Nyamugari,31,138,0.225,21.1,22.0,69,98
2026-W31,2026-07-27,Kirehe,Mpanga,21,77,0.273,21.1,22.0,69,98
2026-W31,2026-07-27,Kirehe,Gahara,19,66,0.288,21.1,22.0,69,98
2026-W31,2026-07-27,Kirehe,Mahama,35,142,0.246,21.1,22.0,69,98
2026-W31,2026-07-27,Kirehe,Nasho,34,133,0.256,21.1,22.0,69,98
2026-W31,2026-07-27,Kirehe,Kigarama,22,101,0.218,21.1,22.0,69,98
2026-W31,2026-07-27,Kirehe,Gatore,20,76,0.263,21.1,22.0,69,98
2026-W31,2026-07-27,Kirehe,Kirehe,26,94,0.277,21.1,22.0,69,98
2026-W31,2026-07-27,Kirehe,Musaza,23,100,0.23,21.1,22.0,69,98
2026-W31,2026-07-27,Kirehe,Kigina,20,85,0.235,21.1,22.0,69,98
2026-W31,2026-07-27,Kirehe,Mushikiri,18,68,0.265,21.1,22.0,69,98
2026-W31,2026-07-27,Kirehe,Nyarubuye,38,149,0.255,21.1,22.0,69,98
2026-W32,2026-08-03,Kirehe,Nyamugari,27,98,0.276,16.6,21.9,69,99
2026-W32,2026-08-03,Kirehe,Mpanga,16,70,0.229,16.6,21.9,69,99
2026-W32,2026-08-03,Kirehe,Gahara,28,113,0.248,16.6,21.9,69,99
2026-W32,2026-08-03,Kirehe,Mahama,31,115,0.27,16.6,21.9,69,99
2026-W32,2026-08-03,Kirehe,Nasho,32,147,0.218,16.6,21.9,69,99
2026-W32,2026-08-03,Kirehe,Kigarama,20,75,0.267,16.6,21.9,69,99
2026-W32,2026-08-03,Kirehe,Gatore,23,83,0.277,16.6,21.9,69,99
2026-W32,2026-08-03,Kirehe,Kirehe,19,68,0.279,16.6,21.9,69,99
2026-W32,2026-08-03,Kirehe,Musaza,25,113,0.221,16.6,21.9,69,99
2026-W32,2026-08-03,Kirehe,Kigina,19,91,0.209,16.6,21.9,69,99
2026-W32,2026-08-03,Kirehe,Mushikiri,21,94,0.223,16.6,21.9,69,99
2026-W32,2026-08-03,Kirehe,Nyarubuye,25,120,0.208,16.6,21.9,69,99
2026-W33,2026-08-10,Kirehe,Nyamugari,25,103,0.243,21.7,21.8,69,97
2026-W33,2026-08-10,Kirehe,Mpanga,16,88,0.182,21.7,21.8,69,97
2026-W33,2026-08-10,Kirehe,Gahara,19,74,0.257,21.7,21.8,69,97
2026-W33,2026-08-10,Kirehe,Mahama,26,116,0.224,21.7,21.8,69,97
2026-W33,2026-08-10,Kirehe,Nasho,27,138,0.196,21.7,21.8,69,97
2026-W33,2026-08-10,Kirehe,Kigarama,21,104,0.202,21.7,21.8,69,97
2026-W33,2026-08-10,Kirehe,Gatore,14,64,0.219,21.7,21.8,69,97
2026-W33,2026-08-10,Kirehe,Kirehe,20,102,0.196,21.7,21.8,69,97
2026-W33,2026-08-10,Kirehe,Musaza,19,78,0.244,21.7,21.8,69,97
2026-W33,2026-08-10,Kirehe,Kigina,18,101,0.178,21.7,21.8,69,97
2026-W33,2026-08-10,Kirehe,Mushikiri,17,69,0.246,21.7,21.8,69,97
2026-W33,2026-08-10,Kirehe,Nyarubuye,24,114,0.211,21.7,21.8,69,97
2026-W34,2026-08-17,Kirehe,Nyamugari,18,78,0.231,26.6,21.6,69,98
2026-W34,2026-08-17,Kirehe,Mpanga,13,61,0.213,26.6,21.6,69,98
2026-W34,2026-08-17,Kirehe,Gahara,15,65,0.231,26.6,21.6,69,98
2026-W34,2026-08-17,Kirehe,Mahama,18,91,0.198,26.6,21.6,69,98
2026-W34,2026-08-17,Kirehe,Nasho,19,113,0.168,26.6,21.6,69,98
2026-W34,2026-08-17,Kirehe,Kigarama,16,87,0.184,26.6,21.6,69,98
2026-W34,2026-08-17,Kirehe,Gatore,15,72,0.208,26.6,21.6,69,98
2026-W34,2026-08-17,Kirehe,Kirehe,15,86,0.174,26.6,21.6,69,98
2026-W34,2026-08-17,Kirehe,Musaza,18,93,0.194,26.6,21.6,69,98
2026-W34,2026-08-17,Kirehe,Kigina,12,61,0.197,26.6,21.6,69,98
2026-W34,2026-08-17,Kirehe,Mushikiri,14,82,0.171,26.6,21.6,69,98
2026-W34,2026-08-17,Kirehe,Nyarubuye,18,112,0.161,26.6,21.6,69,98
2026-W35,2026-08-24,Kirehe,Nyamugari,25,151,0.166,44.0,21.5,69,95
2026-W35,2026-08-24,Kirehe,Mpanga,16,81,0.198,44.0,21.5,69,95
2026-W35,2026-08-24,Kirehe,Gahara,18,97,0.186,44.0,21.5,69,95
2026-W35,2026-08-24,Kirehe,Mahama,28,142,0.197,44.0,21.5,69,95
2026-W35,2026-08-24,Kirehe,Nasho,24,122,0.197,44.0,21.5,69,95
2026-W35,2026-08-24,Kirehe,Kigarama,17,112,0.152,44.0,21.5,69,95
2026-W35,2026-08-24,Kirehe,Gatore,20,112,0.179,44.0,21.5,69,95
2026-W35,2026-08-24,Kirehe,Kirehe,18,106,0.17,44.0,21.5,69,95
2026-W35,2026-08-24,Kirehe,Musaza,21,143,0.147,44.0,21.5,69,95
2026-W35,2026-08-24,Kirehe,Kigina,18,90,0.2,44.0,21.5,69,95
2026-W35,2026-08-24,Kirehe,Mushikiri,15,78,0.192,44.0,21.5,69,95
2026-W35,2026-08-24,Kirehe,Nyarubuye,25,202,0.124,44.0,21.5,69,95
2026-W36,2026-08-31,Kirehe,Nyamugari,20,118,0.169,33.7,21.6,69,98
2026-W36,2026-08-31,Kirehe,Mpanga,13,85,0.153,33.7,21.6,69,98
2026-W36,2026-08-31,Kirehe,Gahara,17,92,0.185,33.7,21.6,69,98
2026-W36,2026-08-31,Kirehe,Mahama,22,144,0.153,33.7,21.6,69,98
2026-W36,2026-08-31,Kirehe,Nasho,22,116,0.19,33.7,21.6,69,98
2026-W36,2026-08-31,Kirehe,Kigarama,18,133,0.135,33.7,21.6,69,98
2026-W36,2026-08-31,Kirehe,Gatore,13,102,0.127,33.7,21.6,69,98
2026-W36,2026-08-31,Kirehe,Kirehe,17,98,0.173,33.7,21.6,69,98
2026-W36,2026-08-31,Kirehe,Musaza,18,118,0.153,33.7,21.6,69,98
2026-W36,2026-08-31,Kirehe,Kigina,12,66,0.182,33.7,21.6,69,98
2026-W36,2026-08-31,Kirehe,Mushikiri,15,111,0.135,33.7,21.6,69,98
2026-W36,2026-08-31,Kirehe,Nyarubuye,20,155,0.129,33.7,21.6,69,98
2026-W37,2026-09-07,Kirehe,Nyamugari,20,128,0.156,49.8,21.2,69,98
2026-W37,2026-09-07,Kirehe,Mpanga,15,122,0.123,49.8,21.2,69,98
2026-W37,2026-09-07,Kirehe,Gahara,13,115,0.113,49.8,21.2,69,98
2026-W37,2026-09-07,Kirehe,Mahama,23,161,0.143,49.8,21.2,69,98
2026-W37,2026-09-07,Kirehe,Nasho,21,115,0.183,49.8,21.2,69,98
2026-W37,2026-09-07,Kirehe,Kigarama,16,144,0.111,49.8,21.2,69,98
2026-W37,2026-09-07,Kirehe,Gatore,13,78,0.167,49.8,21.2,69,98
2026-W37,2026-09-07,Kirehe,Kirehe,14,101,0.139,49.8,21.2,69,98
2026-W37,2026-09-07,Kirehe,Musaza,15,136,0.11,49.8,21.2,69,98
2026-W37,2026-09-07,Kirehe,Kigina,13,76,0.171,49.8,21.2,69,98
2026-W37,2026-09-07,Kirehe,Mushikiri,15,85,0.176,49.8,21.2,69,98
2026-W37,2026-09-07,Kirehe,Nyarubuye,18,152,0.118,49.8,21.2,69,98
2026-W38,2026-09-14,Kirehe,Nyamugari,20,168,0.119,72.3,20.4,69,95
2026-W38,2026-09-14,Kirehe,Mpanga,14,102,0.137,72.3,20.4,69,95
2026-W38,2026-09-14,Kirehe,Gahara,15,108,0.139,72.3,20.4,69,95
2026-W38,2026-09-14,Kirehe,Mahama,21,171,0.123,72.3,20.4,69,95
2026-W38,2026-09-14,Kirehe,Nasho,20,127,0.157,72.3,20.4,69,95
2026-W38,2026-09-14,Kirehe,Kigarama,15,85,0.176,72.3,20.4,69,95
2026-W38,2026-09-14,Kirehe,Gatore,13,72,0.181,72.3,20.4,69,95
2026-W38,2026-09-14,Kirehe,Kirehe,16,99,0.162,72.3,20.4,69,95
2026-W38,2026-09-14,Kirehe,Musaza,17,141,0.121,72.3,20.4,69,95
2026-W38,2026-09-14,Kirehe,Kigina,14,98,0.143,72.3,20.4,69,95
2026-W38,2026-09-14,Kirehe,Mushikiri,14,98,0.143,72.3,20.4,69,95
2026-W38,2026-09-14,Kirehe,Nyarubuye,18,166,0.108,72.3,20.4,69,95
2026-W39,2026-09-21,Kirehe,Nyamugari,30,211,0.142,55.7,21.0,69,95
2026-W39,2026-09-21,Kirehe,Mpanga,16,105,0.152,55.7,21.0,69,95
2026-W39,2026-09-21,Kirehe,Gahara,14,97,0.144,55.7,21.0,69,95
2026-W39,2026-09-21,Kirehe,Mahama,25,167,0.15,55.7,21.0,69,95
2026-W39,2026-09-21,Kirehe,Nasho,17,127,0.134,55.7,21.0,69,95
2026-W39,2026-09-21,Kirehe,Kigarama,15,110,0.136,55.7,21.0,69,95
2026-W39,2026-09-21,Kirehe,Gatore,13,118,0.11,55.7,21.0,69,95
2026-W39,2026-09-21,Kirehe,Kirehe,16,104,0.154,55.7,21.0,69,95
2026-W39,2026-09-21,Kirehe,Musaza,17,95,0.179,55.7,21.0,69,95
2026-W39,2026-09-21,Kirehe,Kigina,14,89,0.157,55.7,21.0,69,95
2026-W39,2026-09-21,Kirehe,Mushikiri,13,83,0.157,55.7,21.0,69,95
2026-W39,2026-09-21,Kirehe,Nyarubuye,18,119,0.151,55.7,21.0,69,95
2026-W40,2026-09-28,Kirehe,Nyamugari,27,191,0.141,76.1,21.1,69,95
2026-W40,2026-09-28,Kirehe,Mpanga,16,108,0.148,76.1,21.1,69,95
2026-W40,2026-09-28,Kirehe,Gahara,16,85,0.188,76.1,21.1,69,95
2026-W40,2026-09-28,Kirehe,Mahama,24,185,0.13,76.1,21.1,69,95
2026-W40,2026-09-28,Kirehe,Nasho,21,154,0.136,76.1,21.1,69,95
2026-W40,2026-09-28,Kirehe,Kigarama,18,165,0.109,76.1,21.1,69,95
2026-W40,2026-09-28,Kirehe,Gatore,18,110,0.164,76.1,21.1,69,95
2026-W40,2026-09-28,Kirehe,Kirehe,17,90,0.189,76.1,21.1,69,95
2026-W40,2026-09-28,Kirehe,Musaza,20,108,0.185,76.1,21.1,69,95
2026-W40,2026-09-28,Kirehe,Kigina,15,107,0.14,76.1,21.1,69,95
2026-W40,2026-09-28,Kirehe,Mushikiri,16,141,0.113,76.1,21.1,69,95
2026-W40,2026-09-28,Kirehe,Nyarubuye,22,126,0.175,76.1,21.1,69,95
2023-W01,2023-01-02,Nyamasheke,Mahembe,88,205,0.429,16.2,18.5,66,91
2023-W01,2023-01-02,Nyamasheke,Kagano,57,125,0.456,16.2,18.5,66,91
2023-W01,2023-01-02,Nyamasheke,Macuba,67,144,0.465,16.2,18.5,66,91
2023-W01,2023-01-02,Nyamasheke,Kanjongo,84,180,0.467,16.2,18.5,66,91
2023-W01,2023-01-02,Nyamasheke,Kirimbi,81,180,0.45,16.2,18.5,66,91
2023-W01,2023-01-02,Nyamasheke,Gihombo,97,219,0.443,16.2,18.5,66,91
2023-W01,2023-01-02,Nyamasheke,Bushekeri,57,122,0.467,16.2,18.5,66,91
2023-W01,2023-01-02,Nyamasheke,Bushenge,46,109,0.422,16.2,18.5,66,91
2023-W01,2023-01-02,Nyamasheke,Cyato,107,265,0.404,16.2,18.5,66,91
2023-W01,2023-01-02,Nyamasheke,Karambi,43,99,0.434,16.2,18.5,66,91
2023-W01,2023-01-02,Nyamasheke,Karengera,105,224,0.469,16.2,18.5,66,91
2023-W01,2023-01-02,Nyamasheke,Nyabitekeri,61,144,0.424,16.2,18.5,66,91
2023-W01,2023-01-02,Nyamasheke,Rangiro,39,88,0.443,16.2,18.5,66,91
2023-W01,2023-01-02,Nyamasheke,Ruharambuga,38,84,0.452,16.2,18.5,66,91
2023-W01,2023-01-02,Nyamasheke,Shangi,74,172,0.43,16.2,18.5,66,91
2023-W02,2023-01-09,Nyamasheke,Mahembe,75,216,0.347,18.8,18.7,66,91
2023-W02,2023-01-09,Nyamasheke,Kagano,47,113,0.416,18.8,18.7,66,91
2023-W02,2023-01-09,Nyamasheke,Macuba,62,174,0.356,18.8,18.7,66,91
2023-W02,2023-01-09,Nyamasheke,Kanjongo,54,147,0.367,18.8,18.7,66,91
2023-W02,2023-01-09,Nyamasheke,Kirimbi,60,161,0.373,18.8,18.7,66,91
2023-W02,2023-01-09,Nyamasheke,Gihombo,76,184,0.413,18.8,18.7,66,91
2023-W02,2023-01-09,Nyamasheke,Bushekeri,38,105,0.362,18.8,18.7,66,91
2023-W02,2023-01-09,Nyamasheke,Bushenge,29,81,0.358,18.8,18.7,66,91
2023-W02,2023-01-09,Nyamasheke,Cyato,75,206,0.364,18.8,18.7,66,91
2023-W02,2023-01-09,Nyamasheke,Karambi,33,91,0.363,18.8,18.7,66,91
2023-W02,2023-01-09,Nyamasheke,Karengera,59,168,0.351,18.8,18.7,66,91
2023-W02,2023-01-09,Nyamasheke,Nyabitekeri,59,165,0.358,18.8,18.7,66,91
2023-W02,2023-01-09,Nyamasheke,Rangiro,32,77,0.416,18.8,18.7,66,91
2023-W02,2023-01-09,Nyamasheke,Ruharambuga,29,78,0.372,18.8,18.7,66,91
2023-W02,2023-01-09,Nyamasheke,Shangi,56,151,0.371,18.8,18.7,66,91
2023-W03,2023-01-16,Nyamasheke,Mahembe,76,204,0.373,15.2,19.5,66,88
2023-W03,2023-01-16,Nyamasheke,Kagano,43,134,0.321,15.2,19.5,66,88
2023-W03,2023-01-16,Nyamasheke,Macuba,37,110,0.336,15.2,19.5,66,88
2023-W03,2023-01-16,Nyamasheke,Kanjongo,48,136,0.353,15.2,19.5,66,88
2023-W03,2023-01-16,Nyamasheke,Kirimbi,64,200,0.32,15.2,19.5,66,88
2023-W03,2023-01-16,Nyamasheke,Gihombo,59,167,0.353,15.2,19.5,66,88
2023-W03,2023-01-16,Nyamasheke,Bushekeri,42,118,0.356,15.2,19.5,66,88
2023-W03,2023-01-16,Nyamasheke,Bushenge,31,85,0.365,15.2,19.5,66,88
2023-W03,2023-01-16,Nyamasheke,Cyato,62,165,0.376,15.2,19.5,66,88
2023-W03,2023-01-16,Nyamasheke,Karambi,34,86,0.395,15.2,19.5,66,88
2023-W03,2023-01-16,Nyamasheke,Karengera,64,177,0.362,15.2,19.5,66,88
2023-W03,2023-01-16,Nyamasheke,Nyabitekeri,43,126,0.341,15.2,19.5,66,88
2023-W03,2023-01-16,Nyamasheke,Rangiro,34,97,0.351,15.2,19.5,66,88
2023-W03,2023-01-16,Nyamasheke,Ruharambuga,22,64,0.344,15.2,19.5,66,88
2023-W03,2023-01-16,Nyamasheke,Shangi,58,154,0.377,15.2,19.5,66,88
2023-W04,2023-01-23,Nyamasheke,Mahembe,54,159,0.34,22.1,19.3,66,89
2023-W04,2023-01-23,Nyamasheke,Kagano,31,102,0.304,22.1,19.3,66,89
2023-W04,2023-01-23,Nyamasheke,Macuba,35,114,0.307,22.1,19.3,66,89
2023-W04,2023-01-23,Nyamasheke,Kanjongo,46,136,0.338,22.1,19.3,66,89
2023-W04,2023-01-23,Nyamasheke,Kirimbi,58,200,0.29,22.1,19.3,66,89
2023-W04,2023-01-23,Nyamasheke,Gihombo,70,258,0.271,22.1,19.3,66,89
2023-W04,2023-01-23,Nyamasheke,Bushekeri,32,102,0.314,22.1,19.3,66,89
2023-W04,2023-01-23,Nyamasheke,Bushenge,27,98,0.276,22.1,19.3,66,89
2023-W04,2023-01-23,Nyamasheke,Cyato,69,204,0.338,22.1,19.3,66,89
2023-W04,2023-01-23,Nyamasheke,Karambi,27,84,0.321,22.1,19.3,66,89
2023-W04,2023-01-23,Nyamasheke,Karengera,62,183,0.339,22.1,19.3,66,89
2023-W04,2023-01-23,Nyamasheke,Nyabitekeri,33,112,0.295,22.1,19.3,66,89
2023-W04,2023-01-23,Nyamasheke,Rangiro,23,76,0.303,22.1,19.3,66,89
2023-W04,2023-01-23,Nyamasheke,Ruharambuga,27,94,0.287,22.1,19.3,66,89
2023-W04,2023-01-23,Nyamasheke,Shangi,42,134,0.313,22.1,19.3,66,89
2023-W05,2023-01-30,Nyamasheke,Mahembe,58,303,0.191,28.3,19.3,66,92
2023-W05,2023-01-30,Nyamasheke,Kagano,28,104,0.269,28.3,19.3,66,92
2023-W05,2023-01-30,Nyamasheke,Macuba,29,113,0.257,28.3,19.3,66,92
2023-W05,2023-01-30,Nyamasheke,Kanjongo,41,166,0.247,28.3,19.3,66,92
2023-W05,2023-01-30,Nyamasheke,Kirimbi,42,191,0.22,28.3,19.3,66,92
2023-W05,2023-01-30,Nyamasheke,Gihombo,43,222,0.194,28.3,19.3,66,92
2023-W05,2023-01-30,Nyamasheke,Bushekeri,27,118,0.229,28.3,19.3,66,92
2023-W05,2023-01-30,Nyamasheke,Bushenge,23,95,0.242,28.3,19.3,66,92
2023-W05,2023-01-30,Nyamasheke,Cyato,47,219,0.215,28.3,19.3,66,92
2023-W05,2023-01-30,Nyamasheke,Karambi,26,108,0.241,28.3,19.3,66,92
2023-W05,2023-01-30,Nyamasheke,Karengera,57,253,0.225,28.3,19.3,66,92
2023-W05,2023-01-30,Nyamasheke,Nyabitekeri,27,116,0.233,28.3,19.3,66,92
2023-W05,2023-01-30,Nyamasheke,Rangiro,20,94,0.213,28.3,19.3,66,92
2023-W05,2023-01-30,Nyamasheke,Ruharambuga,23,90,0.256,28.3,19.3,66,92
2023-W05,2023-01-30,Nyamasheke,Shangi,39,160,0.244,28.3,19.3,66,92
2023-W06,2023-02-06,Nyamasheke,Mahembe,41,183,0.224,31.6,19.5,66,88
2023-W06,2023-02-06,Nyamasheke,Kagano,26,151,0.172,31.6,19.5,66,88
2023-W06,2023-02-06,Nyamasheke,Macuba,31,200,0.155,31.6,19.5,66,88
2023-W06,2023-02-06,Nyamasheke,Kanjongo,34,192,0.177,31.6,19.5,66,88
2023-W06,2023-02-06,Nyamasheke,Kirimbi,52,231,0.225,31.6,19.5,66,88
2023-W06,2023-02-06,Nyamasheke,Gihombo,44,196,0.224,31.6,19.5,66,88
2023-W06,2023-02-06,Nyamasheke,Bushekeri,23,101,0.228,31.6,19.5,66,88
2023-W06,2023-02-06,Nyamasheke,Bushenge,19,111,0.171,31.6,19.5,66,88
2023-W06,2023-02-06,Nyamasheke,Cyato,42,273,0.154,31.6,19.5,66,88
2023-W06,2023-02-06,Nyamasheke,Karambi,19,88,0.216,31.6,19.5,66,88
2023-W06,2023-02-06,Nyamasheke,Karengera,43,207,0.208,31.6,19.5,66,88
2023-W06,2023-02-06,Nyamasheke,Nyabitekeri,31,162,0.191,31.6,19.5,66,88
2023-W06,2023-02-06,Nyamasheke,Rangiro,24,129,0.186,31.6,19.5,66,88
2023-W06,2023-02-06,Nyamasheke,Ruharambuga,19,89,0.213,31.6,19.5,66,88
2023-W06,2023-02-06,Nyamasheke,Shangi,37,169,0.219,31.6,19.5,66,88
2023-W07,2023-02-13,Nyamasheke,Mahembe,36,230,0.157,33.3,20.1,66,90
2023-W07,2023-02-13,Nyamasheke,Kagano,22,115,0.191,33.3,20.1,66,90
2023-W07,2023-02-13,Nyamasheke,Macuba,31,225,0.138,33.3,20.1,66,90
2023-W07,2023-02-13,Nyamasheke,Kanjongo,42,209,0.201,33.3,20.1,66,90
2023-W07,2023-02-13,Nyamasheke,Kirimbi,49,248,0.198,33.3,20.1,66,90
2023-W07,2023-02-13,Nyamasheke,Gihombo,44,326,0.135,33.3,20.1,66,90
2023-W07,2023-02-13,Nyamasheke,Bushekeri,28,148,0.189,33.3,20.1,66,90
2023-W07,2023-02-13,Nyamasheke,Bushenge,21,137,0.153,33.3,20.1,66,90
2023-W07,2023-02-13,Nyamasheke,Cyato,34,188,0.181,33.3,20.1,66,90
2023-W07,2023-02-13,Nyamasheke,Karambi,22,135,0.163,33.3,20.1,66,90
2023-W07,2023-02-13,Nyamasheke,Karengera,41,278,0.147,33.3,20.1,66,90
2023-W07,2023-02-13,Nyamasheke,Nyabitekeri,27,161,0.168,33.3,20.1,66,90
2023-W07,2023-02-13,Nyamasheke,Rangiro,18,95,0.189,33.3,20.1,66,90
2023-W07,2023-02-13,Nyamasheke,Ruharambuga,18,126,0.143,33.3,20.1,66,90
2023-W07,2023-02-13,Nyamasheke,Shangi,26,198,0.131,33.3,20.1,66,90
2023-W08,2023-02-20,Nyamasheke,Mahembe,34,192,0.177,36.1,20.7,66,91
2023-W08,2023-02-20,Nyamasheke,Kagano,21,117,0.179,36.1,20.7,66,91
2023-W08,2023-02-20,Nyamasheke,Macuba,28,126,0.222,36.1,20.7,66,91
2023-W08,2023-02-20,Nyamasheke,Kanjongo,27,170,0.159,36.1,20.7,66,91
2023-W08,2023-02-20,Nyamasheke,Kirimbi,33,153,0.216,36.1,20.7,66,91
2023-W08,2023-02-20,Nyamasheke,Gihombo,35,153,0.229,36.1,20.7,66,91
2023-W08,2023-02-20,Nyamasheke,Bushekeri,21,127,0.165,36.1,20.7,66,91
2023-W08,2023-02-20,Nyamasheke,Bushenge,19,91,0.209,36.1,20.7,66,91
2023-W08,2023-02-20,Nyamasheke,Cyato,30,137,0.219,36.1,20.7,66,91
2023-W08,2023-02-20,Nyamasheke,Karambi,20,96,0.208,36.1,20.7,66,91
2023-W08,2023-02-20,Nyamasheke,Karengera,35,190,0.184,36.1,20.7,66,91
2023-W08,2023-02-20,Nyamasheke,Nyabitekeri,25,155,0.161,36.1,20.7,66,91
2023-W08,2023-02-20,Nyamasheke,Rangiro,18,105,0.171,36.1,20.7,66,91
2023-W08,2023-02-20,Nyamasheke,Ruharambuga,18,84,0.214,36.1,20.7,66,91
2023-W08,2023-02-20,Nyamasheke,Shangi,24,105,0.229,36.1,20.7,66,91
2023-W09,2023-02-27,Nyamasheke,Mahembe,33,161,0.205,63.8,20.4,66,90
2023-W09,2023-02-27,Nyamasheke,Kagano,23,152,0.151,63.8,20.4,66,90
2023-W09,2023-02-27,Nyamasheke,Macuba,24,124,0.194,63.8,20.4,66,90
2023-W09,2023-02-27,Nyamasheke,Kanjongo,28,130,0.215,63.8,20.4,66,90
2023-W09,2023-02-27,Nyamasheke,Kirimbi,34,192,0.177,63.8,20.4,66,90
2023-W09,2023-02-27,Nyamasheke,Gihombo,33,200,0.165,63.8,20.4,66,90
2023-W09,2023-02-27,Nyamasheke,Bushekeri,23,140,0.164,63.8,20.4,66,90
2023-W09,2023-02-27,Nyamasheke,Bushenge,16,80,0.2,63.8,20.4,66,90
2023-W09,2023-02-27,Nyamasheke,Cyato,36,250,0.144,63.8,20.4,66,90
2023-W09,2023-02-27,Nyamasheke,Karambi,18,108,0.167,63.8,20.4,66,90
2023-W09,2023-02-27,Nyamasheke,Karengera,34,176,0.193,63.8,20.4,66,90
2023-W09,2023-02-27,Nyamasheke,Nyabitekeri,25,159,0.157,63.8,20.4,66,90
2023-W09,2023-02-27,Nyamasheke,Rangiro,19,106,0.179,63.8,20.4,66,90
2023-W09,2023-02-27,Nyamasheke,Ruharambuga,17,82,0.207,63.8,20.4,66,90
2023-W09,2023-02-27,Nyamasheke,Shangi,31,198,0.157,63.8,20.4,66,90
2023-W10,2023-03-06,Nyamasheke,Mahembe,36,246,0.146,52.0,20.6,66,88
2023-W10,2023-03-06,Nyamasheke,Kagano,24,123,0.195,52.0,20.6,66,88
2023-W10,2023-03-06,Nyamasheke,Macuba,24,129,0.186,52.0,20.6,66,88
2023-W10,2023-03-06,Nyamasheke,Kanjongo,32,166,0.193,52.0,20.6,66,88
2023-W10,2023-03-06,Nyamasheke,Kirimbi,39,198,0.197,52.0,20.6,66,88
2023-W10,2023-03-06,Nyamasheke,Gihombo,44,271,0.162,52.0,20.6,66,88
2023-W10,2023-03-06,Nyamasheke,Bushekeri,22,116,0.19,52.0,20.6,66,88
2023-W10,2023-03-06,Nyamasheke,Bushenge,14,79,0.177,52.0,20.6,66,88
2023-W10,2023-03-06,Nyamasheke,Cyato,39,233,0.167,52.0,20.6,66,88
2023-W10,2023-03-06,Nyamasheke,Karambi,17,89,0.191,52.0,20.6,66,88
2023-W10,2023-03-06,Nyamasheke,Karengera,37,284,0.13,52.0,20.6,66,88
2023-W10,2023-03-06,Nyamasheke,Nyabitekeri,21,107,0.196,52.0,20.6,66,88
2023-W10,2023-03-06,Nyamasheke,Rangiro,18,110,0.164,52.0,20.6,66,88
2023-W10,2023-03-06,Nyamasheke,Ruharambuga,16,124,0.129,52.0,20.6,66,88
2023-W10,2023-03-06,Nyamasheke,Shangi,29,171,0.17,52.0,20.6,66,88
2023-W11,2023-03-13,Nyamasheke,Mahembe,34,154,0.221,46.5,20.4,66,89
2023-W11,2023-03-13,Nyamasheke,Kagano,21,127,0.165,46.5,20.4,66,89
2023-W11,2023-03-13,Nyamasheke,Macuba,23,118,0.195,46.5,20.4,66,89
2023-W11,2023-03-13,Nyamasheke,Kanjongo,26,136,0.191,46.5,20.4,66,89
2023-W11,2023-03-13,Nyamasheke,Kirimbi,34,155,0.219,46.5,20.4,66,89
2023-W11,2023-03-13,Nyamasheke,Gihombo,43,201,0.214,46.5,20.4,66,89
2023-W11,2023-03-13,Nyamasheke,Bushekeri,20,107,0.187,46.5,20.4,66,89
2023-W11,2023-03-13,Nyamasheke,Bushenge,16,92,0.174,46.5,20.4,66,89
2023-W11,2023-03-13,Nyamasheke,Cyato,30,153,0.196,46.5,20.4,66,89
2023-W11,2023-03-13,Nyamasheke,Karambi,15,82,0.183,46.5,20.4,66,89
2023-W11,2023-03-13,Nyamasheke,Karengera,36,222,0.162,46.5,20.4,66,89
2023-W11,2023-03-13,Nyamasheke,Nyabitekeri,25,112,0.223,46.5,20.4,66,89
2023-W11,2023-03-13,Nyamasheke,Rangiro,16,110,0.145,46.5,20.4,66,89
2023-W11,2023-03-13,Nyamasheke,Ruharambuga,16,92,0.174,46.5,20.4,66,89
2023-W11,2023-03-13,Nyamasheke,Shangi,27,147,0.184,46.5,20.4,66,89
2023-W12,2023-03-20,Nyamasheke,Mahembe,40,203,0.197,78.0,21.3,66,91
2023-W12,2023-03-20,Nyamasheke,Kagano,26,138,0.188,78.0,21.3,66,91
2023-W12,2023-03-20,Nyamasheke,Macuba,28,127,0.22,78.0,21.3,66,91
2023-W12,2023-03-20,Nyamasheke,Kanjongo,32,215,0.149,78.0,21.3,66,91
2023-W12,2023-03-20,Nyamasheke,Kirimbi,44,206,0.214,78.0,21.3,66,91
2023-W12,2023-03-20,Nyamasheke,Gihombo,49,324,0.151,78.0,21.3,66,91
2023-W12,2023-03-20,Nyamasheke,Bushekeri,25,112,0.223,78.0,21.3,66,91
2023-W12,2023-03-20,Nyamasheke,Bushenge,20,96,0.208,78.0,21.3,66,91
2023-W12,2023-03-20,Nyamasheke,Cyato,35,176,0.199,78.0,21.3,66,91
2023-W12,2023-03-20,Nyamasheke,Karambi,20,105,0.19,78.0,21.3,66,91
2023-W12,2023-03-20,Nyamasheke,Karengera,38,228,0.167,78.0,21.3,66,91
2023-W12,2023-03-20,Nyamasheke,Nyabitekeri,29,134,0.216,78.0,21.3,66,91
2023-W12,2023-03-20,Nyamasheke,Rangiro,19,111,0.171,78.0,21.3,66,91
2023-W12,2023-03-20,Nyamasheke,Ruharambuga,20,106,0.189,78.0,21.3,66,91
2023-W12,2023-03-20,Nyamasheke,Shangi,30,202,0.149,78.0,21.3,66,91
2023-W13,2023-03-27,Nyamasheke,Mahembe,36,271,0.133,79.2,21.2,66,88
2023-W13,2023-03-27,Nyamasheke,Kagano,23,124,0.185,79.2,21.2,66,88
2023-W13,2023-03-27,Nyamasheke,Macuba,28,179,0.156,79.2,21.2,66,88
2023-W13,2023-03-27,Nyamasheke,Kanjongo,27,174,0.155,79.2,21.2,66,88
2023-W13,2023-03-27,Nyamasheke,Kirimbi,37,182,0.203,79.2,21.2,66,88
2023-W13,2023-03-27,Nyamasheke,Gihombo,33,165,0.2,79.2,21.2,66,88
2023-W13,2023-03-27,Nyamasheke,Bushekeri,23,114,0.202,79.2,21.2,66,88
2023-W13,2023-03-27,Nyamasheke,Bushenge,16,88,0.182,79.2,21.2,66,88
2023-W13,2023-03-27,Nyamasheke,Cyato,37,181,0.204,79.2,21.2,66,88
2023-W13,2023-03-27,Nyamasheke,Karambi,19,94,0.202,79.2,21.2,66,88
2023-W13,2023-03-27,Nyamasheke,Karengera,32,244,0.131,79.2,21.2,66,88
2023-W13,2023-03-27,Nyamasheke,Nyabitekeri,27,139,0.194,79.2,21.2,66,88
2023-W13,2023-03-27,Nyamasheke,Rangiro,18,87,0.207,79.2,21.2,66,88
2023-W13,2023-03-27,Nyamasheke,Ruharambuga,18,119,0.151,79.2,21.2,66,88
2023-W13,2023-03-27,Nyamasheke,Shangi,29,197,0.147,79.2,21.2,66,88
2023-W14,2023-04-03,Nyamasheke,Mahembe,45,278,0.162,53.9,21.5,66,91
2023-W14,2023-04-03,Nyamasheke,Kagano,27,144,0.188,53.9,21.5,66,91
2023-W14,2023-04-03,Nyamasheke,Macuba,29,126,0.23,53.9,21.5,66,91
2023-W14,2023-04-03,Nyamasheke,Kanjongo,32,208,0.154,53.9,21.5,66,91
2023-W14,2023-04-03,Nyamasheke,Kirimbi,36,173,0.208,53.9,21.5,66,91
2023-W14,2023-04-03,Nyamasheke,Gihombo,44,220,0.2,53.9,21.5,66,91
2023-W14,2023-04-03,Nyamasheke,Bushekeri,22,116,0.19,53.9,21.5,66,91
2023-W14,2023-04-03,Nyamasheke,Bushenge,20,109,0.183,53.9,21.5,66,91
2023-W14,2023-04-03,Nyamasheke,Cyato,37,218,0.17,53.9,21.5,66,91
2023-W14,2023-04-03,Nyamasheke,Karambi,16,101,0.158,53.9,21.5,66,91
2023-W14,2023-04-03,Nyamasheke,Karengera,39,242,0.161,53.9,21.5,66,91
2023-W14,2023-04-03,Nyamasheke,Nyabitekeri,28,138,0.203,53.9,21.5,66,91
2023-W14,2023-04-03,Nyamasheke,Rangiro,17,95,0.179,53.9,21.5,66,91
2023-W14,2023-04-03,Nyamasheke,Ruharambuga,21,128,0.164,53.9,21.5,66,91
2023-W14,2023-04-03,Nyamasheke,Shangi,31,192,0.161,53.9,21.5,66,91
2023-W15,2023-04-10,Nyamasheke,Mahembe,50,250,0.2,62.6,20.9,66,91
2023-W15,2023-04-10,Nyamasheke,Kagano,34,130,0.262,62.6,20.9,66,91
2023-W15,2023-04-10,Nyamasheke,Macuba,29,123,0.236,62.6,20.9,66,91
2023-W15,2023-04-10,Nyamasheke,Kanjongo,35,137,0.255,62.6,20.9,66,91
2023-W15,2023-04-10,Nyamasheke,Kirimbi,53,213,0.249,62.6,20.9,66,91
2023-W15,2023-04-10,Nyamasheke,Gihombo,49,205,0.239,62.6,20.9,66,91
2023-W15,2023-04-10,Nyamasheke,Bushekeri,28,139,0.201,62.6,20.9,66,91
2023-W15,2023-04-10,Nyamasheke,Bushenge,17,70,0.243,62.6,20.9,66,91
2023-W15,2023-04-10,Nyamasheke,Cyato,52,200,0.26,62.6,20.9,66,91
2023-W15,2023-04-10,Nyamasheke,Karambi,19,74,0.257,62.6,20.9,66,91
2023-W15,2023-04-10,Nyamasheke,Karengera,43,226,0.19,62.6,20.9,66,91
2023-W15,2023-04-10,Nyamasheke,Nyabitekeri,29,116,0.25,62.6,20.9,66,91
2023-W15,2023-04-10,Nyamasheke,Rangiro,22,99,0.222,62.6,20.9,66,91
2023-W15,2023-04-10,Nyamasheke,Ruharambuga,18,71,0.254,62.6,20.9,66,91
2023-W15,2023-04-10,Nyamasheke,Shangi,30,137,0.219,62.6,20.9,66,91
2023-W16,2023-04-17,Nyamasheke,Mahembe,51,216,0.236,56.6,21.9,66,90
2023-W16,2023-04-17,Nyamasheke,Kagano,35,177,0.198,56.6,21.9,66,90
2023-W16,2023-04-17,Nyamasheke,Macuba,33,178,0.185,56.6,21.9,66,90
2023-W16,2023-04-17,Nyamasheke,Kanjongo,44,186,0.237,56.6,21.9,66,90
2023-W16,2023-04-17,Nyamasheke,Kirimbi,43,164,0.262,56.6,21.9,66,90
2023-W16,2023-04-17,Nyamasheke,Gihombo,57,217,0.263,56.6,21.9,66,90
2023-W16,2023-04-17,Nyamasheke,Bushekeri,27,125,0.216,56.6,21.9,66,90
2023-W16,2023-04-17,Nyamasheke,Bushenge,27,141,0.191,56.6,21.9,66,90
2023-W16,2023-04-17,Nyamasheke,Cyato,51,251,0.203,56.6,21.9,66,90
2023-W16,2023-04-17,Nyamasheke,Karambi,22,90,0.244,56.6,21.9,66,90
2023-W16,2023-04-17,Nyamasheke,Karengera,53,240,0.221,56.6,21.9,66,90
2023-W16,2023-04-17,Nyamasheke,Nyabitekeri,39,198,0.197,56.6,21.9,66,90
2023-W16,2023-04-17,Nyamasheke,Rangiro,24,110,0.218,56.6,21.9,66,90
2023-W16,2023-04-17,Nyamasheke,Ruharambuga,26,133,0.195,56.6,21.9,66,90
2023-W16,2023-04-17,Nyamasheke,Shangi,38,190,0.2,56.6,21.9,66,90
2023-W17,2023-04-24,Nyamasheke,Mahembe,56,216,0.259,98.0,22.1,66,89
2023-W17,2023-04-24,Nyamasheke,Kagano,40,143,0.28,98.0,22.1,66,89
2023-W17,2023-04-24,Nyamasheke,Macuba,48,150,0.32,98.0,22.1,66,89
2023-W17,2023-04-24,Nyamasheke,Kanjongo,45,134,0.336,98.0,22.1,66,89
2023-W17,2023-04-24,Nyamasheke,Kirimbi,61,191,0.319,98.0,22.1,66,89
2023-W17,2023-04-24,Nyamasheke,Gihombo,62,208,0.298,98.0,22.1,66,89
2023-W17,2023-04-24,Nyamasheke,Bushekeri,37,134,0.276,98.0,22.1,66,89
2023-W17,2023-04-24,Nyamasheke,Bushenge,27,85,0.318,98.0,22.1,66,89
2023-W17,2023-04-24,Nyamasheke,Cyato,53,176,0.301,98.0,22.1,66,89
2023-W17,2023-04-24,Nyamasheke,Karambi,24,71,0.338,98.0,22.1,66,89
2023-W17,2023-04-24,Nyamasheke,Karengera,60,229,0.262,98.0,22.1,66,89
2023-W17,2023-04-24,Nyamasheke,Nyabitekeri,46,153,0.301,98.0,22.1,66,89
2023-W17,2023-04-24,Nyamasheke,Rangiro,29,101,0.287,98.0,22.1,66,89
2023-W17,2023-04-24,Nyamasheke,Ruharambuga,24,87,0.276,98.0,22.1,66,89
2023-W17,2023-04-24,Nyamasheke,Shangi,52,195,0.267,98.0,22.1,66,89
2023-W18,2023-05-01,Nyamasheke,Mahembe,59,177,0.333,62.2,22.0,66,91
2023-W18,2023-05-01,Nyamasheke,Kagano,39,115,0.339,62.2,22.0,66,91
2023-W18,2023-05-01,Nyamasheke,Macuba,41,154,0.266,62.2,22.0,66,91
2023-W18,2023-05-01,Nyamasheke,Kanjongo,45,138,0.326,62.2,22.0,66,91
2023-W18,2023-05-01,Nyamasheke,Kirimbi,60,200,0.3,62.2,22.0,66,91
2023-W18,2023-05-01,Nyamasheke,Gihombo,66,221,0.299,62.2,22.0,66,91
2023-W18,2023-05-01,Nyamasheke,Bushekeri,29,104,0.279,62.2,22.0,66,91
2023-W18,2023-05-01,Nyamasheke,Bushenge,30,88,0.341,62.2,22.0,66,91
2023-W18,2023-05-01,Nyamasheke,Cyato,57,195,0.292,62.2,22.0,66,91
2023-W18,2023-05-01,Nyamasheke,Karambi,26,90,0.289,62.2,22.0,66,91
2023-W18,2023-05-01,Nyamasheke,Karengera,64,212,0.302,62.2,22.0,66,91
2023-W18,2023-05-01,Nyamasheke,Nyabitekeri,38,125,0.304,62.2,22.0,66,91
2023-W18,2023-05-01,Nyamasheke,Rangiro,25,91,0.275,62.2,22.0,66,91
2023-W18,2023-05-01,Nyamasheke,Ruharambuga,28,99,0.283,62.2,22.0,66,91
2023-W18,2023-05-01,Nyamasheke,Shangi,43,149,0.289,62.2,22.0,66,91
2023-W19,2023-05-08,Nyamasheke,Mahembe,72,196,0.367,77.8,21.0,66,88
2023-W19,2023-05-08,Nyamasheke,Kagano,49,147,0.333,77.8,21.0,66,88
2023-W19,2023-05-08,Nyamasheke,Macuba,47,142,0.331,77.8,21.0,66,88
2023-W19,2023-05-08,Nyamasheke,Kanjongo,50,151,0.331,77.8,21.0,66,88
2023-W19,2023-05-08,Nyamasheke,Kirimbi,60,178,0.337,77.8,21.0,66,88
2023-W19,2023-05-08,Nyamasheke,Gihombo,68,184,0.37,77.8,21.0,66,88
2023-W19,2023-05-08,Nyamasheke,Bushekeri,44,118,0.373,77.8,21.0,66,88
2023-W19,2023-05-08,Nyamasheke,Bushenge,38,98,0.388,77.8,21.0,66,88
2023-W19,2023-05-08,Nyamasheke,Cyato,75,192,0.391,77.8,21.0,66,88
2023-W19,2023-05-08,Nyamasheke,Karambi,35,92,0.38,77.8,21.0,66,88
2023-W19,2023-05-08,Nyamasheke,Karengera,69,191,0.361,77.8,21.0,66,88
2023-W19,2023-05-08,Nyamasheke,Nyabitekeri,56,151,0.371,77.8,21.0,66,88
2023-W19,2023-05-08,Nyamasheke,Rangiro,31,81,0.383,77.8,21.0,66,88
2023-W19,2023-05-08,Nyamasheke,Ruharambuga,29,74,0.392,77.8,21.0,66,88
2023-W19,2023-05-08,Nyamasheke,Shangi,57,160,0.356,77.8,21.0,66,88
2023-W20,2023-05-15,Nyamasheke,Mahembe,74,178,0.416,43.1,21.6,66,92
2023-W20,2023-05-15,Nyamasheke,Kagano,59,157,0.376,43.1,21.6,66,92
2023-W20,2023-05-15,Nyamasheke,Macuba,60,174,0.345,43.1,21.6,66,92
2023-W20,2023-05-15,Nyamasheke,Kanjongo,76,184,0.413,43.1,21.6,66,92
2023-W20,2023-05-15,Nyamasheke,Kirimbi,66,174,0.379,43.1,21.6,66,92
2023-W20,2023-05-15,Nyamasheke,Gihombo,82,200,0.41,43.1,21.6,66,92
2023-W20,2023-05-15,Nyamasheke,Bushekeri,48,120,0.4,43.1,21.6,66,92
2023-W20,2023-05-15,Nyamasheke,Bushenge,38,111,0.342,43.1,21.6,66,92
2023-W20,2023-05-15,Nyamasheke,Cyato,74,180,0.411,43.1,21.6,66,92
2023-W20,2023-05-15,Nyamasheke,Karambi,38,101,0.376,43.1,21.6,66,92
2023-W20,2023-05-15,Nyamasheke,Karengera,82,201,0.408,43.1,21.6,66,92
2023-W20,2023-05-15,Nyamasheke,Nyabitekeri,53,148,0.358,43.1,21.6,66,92
2023-W20,2023-05-15,Nyamasheke,Rangiro,44,113,0.389,43.1,21.6,66,92
2023-W20,2023-05-15,Nyamasheke,Ruharambuga,46,130,0.354,43.1,21.6,66,92
2023-W20,2023-05-15,Nyamasheke,Shangi,63,151,0.417,43.1,21.6,66,92
2023-W21,2023-05-22,Nyamasheke,Mahembe,81,164,0.494,34.2,21.9,66,91
2023-W21,2023-05-22,Nyamasheke,Kagano,54,118,0.458,34.2,21.9,66,91
2023-W21,2023-05-22,Nyamasheke,Macuba,55,120,0.458,34.2,21.9,66,91
2023-W21,2023-05-22,Nyamasheke,Kanjongo,75,166,0.452,34.2,21.9,66,91
2023-W21,2023-05-22,Nyamasheke,Kirimbi,85,188,0.452,34.2,21.9,66,91
2023-W21,2023-05-22,Nyamasheke,Gihombo,95,200,0.475,34.2,21.9,66,91
2023-W21,2023-05-22,Nyamasheke,Bushekeri,42,88,0.477,34.2,21.9,66,91
2023-W21,2023-05-22,Nyamasheke,Bushenge,40,85,0.471,34.2,21.9,66,91
2023-W21,2023-05-22,Nyamasheke,Cyato,67,136,0.493,34.2,21.9,66,91
2023-W21,2023-05-22,Nyamasheke,Karambi,45,91,0.495,34.2,21.9,66,91
2023-W21,2023-05-22,Nyamasheke,Karengera,85,180,0.472,34.2,21.9,66,91
2023-W21,2023-05-22,Nyamasheke,Nyabitekeri,55,118,0.466,34.2,21.9,66,91
2023-W21,2023-05-22,Nyamasheke,Rangiro,36,77,0.468,34.2,21.9,66,91
2023-W21,2023-05-22,Nyamasheke,Ruharambuga,39,86,0.453,34.2,21.9,66,91
2023-W21,2023-05-22,Nyamasheke,Shangi,63,129,0.488,34.2,21.9,66,91
2023-W22,2023-05-29,Nyamasheke,Mahembe,91,183,0.497,46.8,21.6,66,88
2023-W22,2023-05-29,Nyamasheke,Kagano,58,114,0.509,46.8,21.6,66,88
2023-W22,2023-05-29,Nyamasheke,Macuba,62,131,0.473,46.8,21.6,66,88
2023-W22,2023-05-29,Nyamasheke,Kanjongo,84,166,0.506,46.8,21.6,66,88
2023-W22,2023-05-29,Nyamasheke,Kirimbi,94,182,0.516,46.8,21.6,66,88
2023-W22,2023-05-29,Nyamasheke,Gihombo,94,181,0.519,46.8,21.6,66,88
2023-W22,2023-05-29,Nyamasheke,Bushekeri,61,135,0.452,46.8,21.6,66,88
2023-W22,2023-05-29,Nyamasheke,Bushenge,44,89,0.494,46.8,21.6,66,88
2023-W22,2023-05-29,Nyamasheke,Cyato,78,167,0.467,46.8,21.6,66,88
2023-W22,2023-05-29,Nyamasheke,Karambi,45,90,0.5,46.8,21.6,66,88
2023-W22,2023-05-29,Nyamasheke,Karengera,84,178,0.472,46.8,21.6,66,88
2023-W22,2023-05-29,Nyamasheke,Nyabitekeri,55,108,0.509,46.8,21.6,66,88
2023-W22,2023-05-29,Nyamasheke,Rangiro,50,106,0.472,46.8,21.6,66,88
2023-W22,2023-05-29,Nyamasheke,Ruharambuga,45,96,0.469,46.8,21.6,66,88
2023-W22,2023-05-29,Nyamasheke,Shangi,60,122,0.492,46.8,21.6,66,88
2023-W23,2023-06-05,Nyamasheke,Mahembe,108,209,0.517,22.5,21.8,66,90
2023-W23,2023-06-05,Nyamasheke,Kagano,75,143,0.524,22.5,21.8,66,90
2023-W23,2023-06-05,Nyamasheke,Macuba,76,142,0.535,22.5,21.8,66,90
2023-W23,2023-06-05,Nyamasheke,Kanjongo,77,162,0.475,22.5,21.8,66,90
2023-W23,2023-06-05,Nyamasheke,Kirimbi,96,189,0.508,22.5,21.8,66,90
2023-W23,2023-06-05,Nyamasheke,Gihombo,106,191,0.555,22.5,21.8,66,90
2023-W23,2023-06-05,Nyamasheke,Bushekeri,62,122,0.508,22.5,21.8,66,90
2023-W23,2023-06-05,Nyamasheke,Bushenge,46,85,0.541,22.5,21.8,66,90
2023-W23,2023-06-05,Nyamasheke,Cyato,97,176,0.551,22.5,21.8,66,90
2023-W23,2023-06-05,Nyamasheke,Karambi,66,136,0.485,22.5,21.8,66,90
2023-W23,2023-06-05,Nyamasheke,Karengera,129,260,0.496,22.5,21.8,66,90
2023-W23,2023-06-05,Nyamasheke,Nyabitekeri,66,129,0.512,22.5,21.8,66,90
2023-W23,2023-06-05,Nyamasheke,Rangiro,57,111,0.514,22.5,21.8,66,90
2023-W23,2023-06-05,Nyamasheke,Ruharambuga,60,124,0.484,22.5,21.8,66,90
2023-W23,2023-06-05,Nyamasheke,Shangi,80,161,0.497,22.5,21.8,66,90
2023-W24,2023-06-12,Nyamasheke,Mahembe,96,190,0.505,20.0,21.7,66,90
2023-W24,2023-06-12,Nyamasheke,Kagano,58,115,0.504,20.0,21.7,66,90
2023-W24,2023-06-12,Nyamasheke,Macuba,66,130,0.508,20.0,21.7,66,90
2023-W24,2023-06-12,Nyamasheke,Kanjongo,61,112,0.545,20.0,21.7,66,90
2023-W24,2023-06-12,Nyamasheke,Kirimbi,101,199,0.508,20.0,21.7,66,90
2023-W24,2023-06-12,Nyamasheke,Gihombo,91,191,0.476,20.0,21.7,66,90
2023-W24,2023-06-12,Nyamasheke,Bushekeri,61,118,0.517,20.0,21.7,66,90
2023-W24,2023-06-12,Nyamasheke,Bushenge,38,71,0.535,20.0,21.7,66,90
2023-W24,2023-06-12,Nyamasheke,Cyato,80,148,0.541,20.0,21.7,66,90
2023-W24,2023-06-12,Nyamasheke,Karambi,44,85,0.518,20.0,21.7,66,90
2023-W24,2023-06-12,Nyamasheke,Karengera,83,158,0.525,20.0,21.7,66,90
2023-W24,2023-06-12,Nyamasheke,Nyabitekeri,75,140,0.536,20.0,21.7,66,90
2023-W24,2023-06-12,Nyamasheke,Rangiro,43,80,0.537,20.0,21.7,66,90
2023-W24,2023-06-12,Nyamasheke,Ruharambuga,37,70,0.529,20.0,21.7,66,90
2023-W24,2023-06-12,Nyamasheke,Shangi,80,151,0.53,20.0,21.7,66,90
2023-W25,2023-06-19,Nyamasheke,Mahembe,98,214,0.458,16.9,21.5,66,89
2023-W25,2023-06-19,Nyamasheke,Kagano,68,139,0.489,16.9,21.5,66,89
2023-W25,2023-06-19,Nyamasheke,Macuba,67,141,0.475,16.9,21.5,66,89
2023-W25,2023-06-19,Nyamasheke,Kanjongo,93,201,0.463,16.9,21.5,66,89
2023-W25,2023-06-19,Nyamasheke,Kirimbi,104,213,0.488,16.9,21.5,66,89
2023-W25,2023-06-19,Nyamasheke,Gihombo,129,246,0.524,16.9,21.5,66,89
2023-W25,2023-06-19,Nyamasheke,Bushekeri,58,125,0.464,16.9,21.5,66,89
2023-W25,2023-06-19,Nyamasheke,Bushenge,47,101,0.465,16.9,21.5,66,89
2023-W25,2023-06-19,Nyamasheke,Cyato,105,205,0.512,16.9,21.5,66,89
2023-W25,2023-06-19,Nyamasheke,Karambi,52,98,0.531,16.9,21.5,66,89
2023-W25,2023-06-19,Nyamasheke,Karengera,94,183,0.514,16.9,21.5,66,89
2023-W25,2023-06-19,Nyamasheke,Nyabitekeri,64,134,0.478,16.9,21.5,66,89
2023-W25,2023-06-19,Nyamasheke,Rangiro,50,107,0.467,16.9,21.5,66,89
2023-W25,2023-06-19,Nyamasheke,Ruharambuga,52,104,0.5,16.9,21.5,66,89
2023-W25,2023-06-19,Nyamasheke,Shangi,79,162,0.488,16.9,21.5,66,89
2023-W26,2023-06-26,Nyamasheke,Mahembe,103,232,0.444,15.4,20.9,63,90
2023-W26,2023-06-26,Nyamasheke,Kagano,59,117,0.504,15.4,20.9,63,90
2023-W26,2023-06-26,Nyamasheke,Macuba,59,131,0.45,15.4,20.9,63,90
2023-W26,2023-06-26,Nyamasheke,Kanjongo,80,176,0.455,15.4,20.9,63,90
2023-W26,2023-06-26,Nyamasheke,Kirimbi,94,187,0.503,15.4,20.9,63,90
2023-W26,2023-06-26,Nyamasheke,Gihombo,104,237,0.439,15.4,20.9,63,90
2023-W26,2023-06-26,Nyamasheke,Bushekeri,55,126,0.437,15.4,20.9,63,90
2023-W26,2023-06-26,Nyamasheke,Bushenge,46,103,0.447,15.4,20.9,63,90
2023-W26,2023-06-26,Nyamasheke,Cyato,95,188,0.505,15.4,20.9,63,90
2023-W26,2023-06-26,Nyamasheke,Karambi,50,110,0.455,15.4,20.9,63,90
2023-W26,2023-06-26,Nyamasheke,Karengera,105,244,0.43,15.4,20.9,63,90
2023-W26,2023-06-26,Nyamasheke,Nyabitekeri,78,162,0.481,15.4,20.9,63,90
2023-W26,2023-06-26,Nyamasheke,Rangiro,54,123,0.439,15.4,20.9,63,90
2023-W26,2023-06-26,Nyamasheke,Ruharambuga,44,98,0.449,15.4,20.9,63,90
2023-W26,2023-06-26,Nyamasheke,Shangi,78,182,0.429,15.4,20.9,63,90
2023-W27,2023-07-03,Nyamasheke,Mahembe,73,156,0.468,20.2,21.1,63,92
2023-W27,2023-07-03,Nyamasheke,Kagano,59,128,0.461,20.2,21.1,63,92
2023-W27,2023-07-03,Nyamasheke,Macuba,80,158,0.506,20.2,21.1,63,92
2023-W27,2023-07-03,Nyamasheke,Kanjongo,71,149,0.477,20.2,21.1,63,92
2023-W27,2023-07-03,Nyamasheke,Kirimbi,71,150,0.473,20.2,21.1,63,92
2023-W27,2023-07-03,Nyamasheke,Gihombo,83,173,0.48,20.2,21.1,63,92
2023-W27,2023-07-03,Nyamasheke,Bushekeri,49,110,0.445,20.2,21.1,63,92
2023-W27,2023-07-03,Nyamasheke,Bushenge,34,74,0.459,20.2,21.1,63,92
2023-W27,2023-07-03,Nyamasheke,Cyato,88,190,0.463,20.2,21.1,63,92
2023-W27,2023-07-03,Nyamasheke,Karambi,41,94,0.436,20.2,21.1,63,92
2023-W27,2023-07-03,Nyamasheke,Karengera,93,210,0.443,20.2,21.1,63,92
2023-W27,2023-07-03,Nyamasheke,Nyabitekeri,72,141,0.511,20.2,21.1,63,92
2023-W27,2023-07-03,Nyamasheke,Rangiro,43,88,0.489,20.2,21.1,63,92
2023-W27,2023-07-03,Nyamasheke,Ruharambuga,31,68,0.456,20.2,21.1,63,92
2023-W27,2023-07-03,Nyamasheke,Shangi,67,145,0.462,20.2,21.1,63,92
2023-W28,2023-07-10,Nyamasheke,Mahembe,75,191,0.393,13.6,21.1,63,90
2023-W28,2023-07-10,Nyamasheke,Kagano,53,116,0.457,13.6,21.1,63,90
2023-W28,2023-07-10,Nyamasheke,Macuba,65,158,0.411,13.6,21.1,63,90
2023-W28,2023-07-10,Nyamasheke,Kanjongo,68,153,0.444,13.6,21.1,63,90
2023-W28,2023-07-10,Nyamasheke,Kirimbi,79,175,0.451,13.6,21.1,63,90
2023-W28,2023-07-10,Nyamasheke,Gihombo,77,190,0.405,13.6,21.1,63,90
2023-W28,2023-07-10,Nyamasheke,Bushekeri,57,125,0.456,13.6,21.1,63,90
2023-W28,2023-07-10,Nyamasheke,Bushenge,39,96,0.406,13.6,21.1,63,90
2023-W28,2023-07-10,Nyamasheke,Cyato,73,177,0.412,13.6,21.1,63,90
2023-W28,2023-07-10,Nyamasheke,Karambi,48,110,0.436,13.6,21.1,63,90
2023-W28,2023-07-10,Nyamasheke,Karengera,80,176,0.455,13.6,21.1,63,90
2023-W28,2023-07-10,Nyamasheke,Nyabitekeri,58,140,0.414,13.6,21.1,63,90
2023-W28,2023-07-10,Nyamasheke,Rangiro,38,83,0.458,13.6,21.1,63,90
2023-W28,2023-07-10,Nyamasheke,Ruharambuga,34,85,0.4,13.6,21.1,63,90
2023-W28,2023-07-10,Nyamasheke,Shangi,60,136,0.441,13.6,21.1,63,90
2023-W29,2023-07-17,Nyamasheke,Mahembe,66,172,0.384,14.0,20.8,63,90
2023-W29,2023-07-17,Nyamasheke,Kagano,56,148,0.378,14.0,20.8,63,90
2023-W29,2023-07-17,Nyamasheke,Macuba,62,151,0.411,14.0,20.8,63,90
2023-W29,2023-07-17,Nyamasheke,Kanjongo,59,164,0.36,14.0,20.8,63,90
2023-W29,2023-07-17,Nyamasheke,Kirimbi,68,204,0.333,14.0,20.8,63,90
2023-W29,2023-07-17,Nyamasheke,Gihombo,78,234,0.333,14.0,20.8,63,90
2023-W29,2023-07-17,Nyamasheke,Bushekeri,43,112,0.384,14.0,20.8,63,90
2023-W29,2023-07-17,Nyamasheke,Bushenge,34,95,0.358,14.0,20.8,63,90
2023-W29,2023-07-17,Nyamasheke,Cyato,64,167,0.383,14.0,20.8,63,90
2023-W29,2023-07-17,Nyamasheke,Karambi,34,87,0.391,14.0,20.8,63,90
2023-W29,2023-07-17,Nyamasheke,Karengera,64,165,0.388,14.0,20.8,63,90
2023-W29,2023-07-17,Nyamasheke,Nyabitekeri,52,140,0.371,14.0,20.8,63,90
2023-W29,2023-07-17,Nyamasheke,Rangiro,31,85,0.365,14.0,20.8,63,90
2023-W29,2023-07-17,Nyamasheke,Ruharambuga,33,81,0.407,14.0,20.8,63,90
2023-W29,2023-07-17,Nyamasheke,Shangi,64,191,0.335,14.0,20.8,63,90
2023-W30,2023-07-24,Nyamasheke,Mahembe,62,241,0.257,12.4,19.9,63,88
2023-W30,2023-07-24,Nyamasheke,Kagano,39,133,0.293,12.4,19.9,63,88
2023-W30,2023-07-24,Nyamasheke,Macuba,41,157,0.261,12.4,19.9,63,88
2023-W30,2023-07-24,Nyamasheke,Kanjongo,56,193,0.29,12.4,19.9,63,88
2023-W30,2023-07-24,Nyamasheke,Kirimbi,64,247,0.259,12.4,19.9,63,88
2023-W30,2023-07-24,Nyamasheke,Gihombo,59,186,0.317,12.4,19.9,63,88
2023-W30,2023-07-24,Nyamasheke,Bushekeri,33,102,0.324,12.4,19.9,63,88
2023-W30,2023-07-24,Nyamasheke,Bushenge,27,93,0.29,12.4,19.9,63,88
2023-W30,2023-07-24,Nyamasheke,Cyato,59,231,0.255,12.4,19.9,63,88
2023-W30,2023-07-24,Nyamasheke,Karambi,32,112,0.286,12.4,19.9,63,88
2023-W30,2023-07-24,Nyamasheke,Karengera,60,206,0.291,12.4,19.9,63,88
2023-W30,2023-07-24,Nyamasheke,Nyabitekeri,37,145,0.255,12.4,19.9,63,88
2023-W30,2023-07-24,Nyamasheke,Rangiro,35,129,0.271,12.4,19.9,63,88
2023-W30,2023-07-24,Nyamasheke,Ruharambuga,34,125,0.272,12.4,19.9,63,88
2023-W30,2023-07-24,Nyamasheke,Shangi,53,178,0.298,12.4,19.9,63,88
2023-W31,2023-07-31,Nyamasheke,Mahembe,62,230,0.27,18.5,20.2,63,88
2023-W31,2023-07-31,Nyamasheke,Kagano,29,121,0.24,18.5,20.2,63,88
2023-W31,2023-07-31,Nyamasheke,Macuba,34,153,0.222,18.5,20.2,63,88
2023-W31,2023-07-31,Nyamasheke,Kanjongo,43,146,0.295,18.5,20.2,63,88
2023-W31,2023-07-31,Nyamasheke,Kirimbi,54,210,0.257,18.5,20.2,63,88
2023-W31,2023-07-31,Nyamasheke,Gihombo,53,202,0.262,18.5,20.2,63,88
2023-W31,2023-07-31,Nyamasheke,Bushekeri,38,162,0.235,18.5,20.2,63,88
2023-W31,2023-07-31,Nyamasheke,Bushenge,22,82,0.268,18.5,20.2,63,88
2023-W31,2023-07-31,Nyamasheke,Cyato,43,157,0.274,18.5,20.2,63,88
2023-W31,2023-07-31,Nyamasheke,Karambi,24,102,0.235,18.5,20.2,63,88
2023-W31,2023-07-31,Nyamasheke,Karengera,52,176,0.295,18.5,20.2,63,88
2023-W31,2023-07-31,Nyamasheke,Nyabitekeri,38,136,0.279,18.5,20.2,63,88
2023-W31,2023-07-31,Nyamasheke,Rangiro,26,90,0.289,18.5,20.2,63,88
2023-W31,2023-07-31,Nyamasheke,Ruharambuga,21,95,0.221,18.5,20.2,63,88
2023-W31,2023-07-31,Nyamasheke,Shangi,40,149,0.268,18.5,20.2,63,88
2023-W32,2023-08-07,Nyamasheke,Mahembe,60,308,0.195,22.1,19.5,63,91
2023-W32,2023-08-07,Nyamasheke,Kagano,45,186,0.242,22.1,19.5,63,91
2023-W32,2023-08-07,Nyamasheke,Macuba,47,226,0.208,22.1,19.5,63,91
2023-W32,2023-08-07,Nyamasheke,Kanjongo,54,283,0.191,22.1,19.5,63,91
2023-W32,2023-08-07,Nyamasheke,Kirimbi,52,243,0.214,22.1,19.5,63,91
2023-W32,2023-08-07,Nyamasheke,Gihombo,63,293,0.215,22.1,19.5,63,91
2023-W32,2023-08-07,Nyamasheke,Bushekeri,35,173,0.202,22.1,19.5,63,91
2023-W32,2023-08-07,Nyamasheke,Bushenge,33,179,0.184,22.1,19.5,63,91
2023-W32,2023-08-07,Nyamasheke,Cyato,65,250,0.26,22.1,19.5,63,91
2023-W32,2023-08-07,Nyamasheke,Karambi,30,138,0.217,22.1,19.5,63,91
2023-W32,2023-08-07,Nyamasheke,Karengera,57,286,0.199,22.1,19.5,63,91
2023-W32,2023-08-07,Nyamasheke,Nyabitekeri,48,192,0.25,22.1,19.5,63,91
2023-W32,2023-08-07,Nyamasheke,Rangiro,35,175,0.2,22.1,19.5,63,91
2023-W32,2023-08-07,Nyamasheke,Ruharambuga,31,132,0.235,22.1,19.5,63,91
2023-W32,2023-08-07,Nyamasheke,Shangi,64,336,0.19,22.1,19.5,63,91
2023-W33,2023-08-14,Nyamasheke,Mahembe,53,206,0.257,21.3,19.3,63,92
2023-W33,2023-08-14,Nyamasheke,Kagano,34,131,0.26,21.3,19.3,63,92
2023-W33,2023-08-14,Nyamasheke,Macuba,30,115,0.261,21.3,19.3,63,92
2023-W33,2023-08-14,Nyamasheke,Kanjongo,37,182,0.203,21.3,19.3,63,92
2023-W33,2023-08-14,Nyamasheke,Kirimbi,46,174,0.264,21.3,19.3,63,92
2023-W33,2023-08-14,Nyamasheke,Gihombo,48,227,0.211,21.3,19.3,63,92
2023-W33,2023-08-14,Nyamasheke,Bushekeri,25,97,0.258,21.3,19.3,63,92
2023-W33,2023-08-14,Nyamasheke,Bushenge,20,82,0.244,21.3,19.3,63,92
2023-W33,2023-08-14,Nyamasheke,Cyato,42,162,0.259,21.3,19.3,63,92
2023-W33,2023-08-14,Nyamasheke,Karambi,29,107,0.271,21.3,19.3,63,92
2023-W33,2023-08-14,Nyamasheke,Karengera,49,196,0.25,21.3,19.3,63,92
2023-W33,2023-08-14,Nyamasheke,Nyabitekeri,31,140,0.221,21.3,19.3,63,92
2023-W33,2023-08-14,Nyamasheke,Rangiro,16,72,0.222,21.3,19.3,63,92
2023-W33,2023-08-14,Nyamasheke,Ruharambuga,22,84,0.262,21.3,19.3,63,92
2023-W33,2023-08-14,Nyamasheke,Shangi,29,128,0.227,21.3,19.3,63,92
2023-W34,2023-08-21,Nyamasheke,Mahembe,41,222,0.185,24.8,20.1,63,89
2023-W34,2023-08-21,Nyamasheke,Kagano,29,122,0.238,24.8,20.1,63,89
2023-W34,2023-08-21,Nyamasheke,Macuba,29,144,0.201,24.8,20.1,63,89
2023-W34,2023-08-21,Nyamasheke,Kanjongo,37,188,0.197,24.8,20.1,63,89
2023-W34,2023-08-21,Nyamasheke,Kirimbi,43,270,0.159,24.8,20.1,63,89
2023-W34,2023-08-21,Nyamasheke,Gihombo,41,208,0.197,24.8,20.1,63,89
2023-W34,2023-08-21,Nyamasheke,Bushekeri,26,121,0.215,24.8,20.1,63,89
2023-W34,2023-08-21,Nyamasheke,Bushenge,21,88,0.239,24.8,20.1,63,89
2023-W34,2023-08-21,Nyamasheke,Cyato,40,229,0.175,24.8,20.1,63,89
2023-W34,2023-08-21,Nyamasheke,Karambi,21,115,0.183,24.8,20.1,63,89
2023-W34,2023-08-21,Nyamasheke,Karengera,39,224,0.174,24.8,20.1,63,89
2023-W34,2023-08-21,Nyamasheke,Nyabitekeri,29,161,0.18,24.8,20.1,63,89
2023-W34,2023-08-21,Nyamasheke,Rangiro,21,106,0.198,24.8,20.1,63,89
2023-W34,2023-08-21,Nyamasheke,Ruharambuga,21,121,0.174,24.8,20.1,63,89
2023-W34,2023-08-21,Nyamasheke,Shangi,30,132,0.227,24.8,20.1,63,89
2023-W35,2023-08-28,Nyamasheke,Mahembe,28,226,0.124,34.5,19.8,63,88
2023-W35,2023-08-28,Nyamasheke,Kagano,28,142,0.197,34.5,19.8,63,88
2023-W35,2023-08-28,Nyamasheke,Macuba,23,188,0.122,34.5,19.8,63,88
2023-W35,2023-08-28,Nyamasheke,Kanjongo,29,187,0.155,34.5,19.8,63,88
2023-W35,2023-08-28,Nyamasheke,Kirimbi,39,198,0.197,34.5,19.8,63,88
2023-W35,2023-08-28,Nyamasheke,Gihombo,34,177,0.192,34.5,19.8,63,88
2023-W35,2023-08-28,Nyamasheke,Bushekeri,21,169,0.124,34.5,19.8,63,88
2023-W35,2023-08-28,Nyamasheke,Bushenge,16,90,0.178,34.5,19.8,63,88
2023-W35,2023-08-28,Nyamasheke,Cyato,40,260,0.154,34.5,19.8,63,88
2023-W35,2023-08-28,Nyamasheke,Karambi,14,88,0.159,34.5,19.8,63,88
2023-W35,2023-08-28,Nyamasheke,Karengera,33,193,0.171,34.5,19.8,63,88
2023-W35,2023-08-28,Nyamasheke,Nyabitekeri,23,126,0.183,34.5,19.8,63,88
2023-W35,2023-08-28,Nyamasheke,Rangiro,18,128,0.141,34.5,19.8,63,88
2023-W35,2023-08-28,Nyamasheke,Ruharambuga,15,91,0.165,34.5,19.8,63,88
2023-W35,2023-08-28,Nyamasheke,Shangi,23,128,0.18,34.5,19.8,63,88
2023-W36,2023-09-04,Nyamasheke,Mahembe,40,187,0.214,45.8,19.4,63,88
2023-W36,2023-09-04,Nyamasheke,Kagano,22,127,0.173,45.8,19.4,63,88
2023-W36,2023-09-04,Nyamasheke,Macuba,26,126,0.206,45.8,19.4,63,88
2023-W36,2023-09-04,Nyamasheke,Kanjongo,31,163,0.19,45.8,19.4,63,88
2023-W36,2023-09-04,Nyamasheke,Kirimbi,39,226,0.173,45.8,19.4,63,88
2023-W36,2023-09-04,Nyamasheke,Gihombo,37,177,0.209,45.8,19.4,63,88
2023-W36,2023-09-04,Nyamasheke,Bushekeri,24,118,0.203,45.8,19.4,63,88
2023-W36,2023-09-04,Nyamasheke,Bushenge,18,84,0.214,45.8,19.4,63,88
2023-W36,2023-09-04,Nyamasheke,Cyato,40,199,0.201,45.8,19.4,63,88
2023-W36,2023-09-04,Nyamasheke,Karambi,18,85,0.212,45.8,19.4,63,88
2023-W36,2023-09-04,Nyamasheke,Karengera,39,167,0.234,45.8,19.4,63,88
2023-W36,2023-09-04,Nyamasheke,Nyabitekeri,27,114,0.237,45.8,19.4,63,88
2023-W36,2023-09-04,Nyamasheke,Rangiro,22,131,0.168,45.8,19.4,63,88
2023-W36,2023-09-04,Nyamasheke,Ruharambuga,18,106,0.17,45.8,19.4,63,88
2023-W36,2023-09-04,Nyamasheke,Shangi,30,147,0.204,45.8,19.4,63,88
2023-W37,2023-09-11,Nyamasheke,Mahembe,38,238,0.16,44.3,18.6,63,90
2023-W37,2023-09-11,Nyamasheke,Kagano,22,149,0.148,44.3,18.6,63,90
2023-W37,2023-09-11,Nyamasheke,Macuba,26,134,0.194,44.3,18.6,63,90
2023-W37,2023-09-11,Nyamasheke,Kanjongo,30,200,0.15,44.3,18.6,63,90
2023-W37,2023-09-11,Nyamasheke,Kirimbi,33,224,0.147,44.3,18.6,63,90
2023-W37,2023-09-11,Nyamasheke,Gihombo,40,239,0.167,44.3,18.6,63,90
2023-W37,2023-09-11,Nyamasheke,Bushekeri,25,129,0.194,44.3,18.6,63,90
2023-W37,2023-09-11,Nyamasheke,Bushenge,19,112,0.17,44.3,18.6,63,90
2023-W37,2023-09-11,Nyamasheke,Cyato,30,232,0.129,44.3,18.6,63,90
2023-W37,2023-09-11,Nyamasheke,Karambi,16,117,0.137,44.3,18.6,63,90
2023-W37,2023-09-11,Nyamasheke,Karengera,33,170,0.194,44.3,18.6,63,90
2023-W37,2023-09-11,Nyamasheke,Nyabitekeri,21,119,0.176,44.3,18.6,63,90
2023-W37,2023-09-11,Nyamasheke,Rangiro,15,113,0.133,44.3,18.6,63,90
2023-W37,2023-09-11,Nyamasheke,Ruharambuga,15,106,0.142,44.3,18.6,63,90
2023-W37,2023-09-11,Nyamasheke,Shangi,29,156,0.186,44.3,18.6,63,90
2023-W38,2023-09-18,Nyamasheke,Mahembe,40,281,0.142,55.8,19.0,63,90
2023-W38,2023-09-18,Nyamasheke,Kagano,26,182,0.143,55.8,19.0,63,90
2023-W38,2023-09-18,Nyamasheke,Macuba,27,146,0.185,55.8,19.0,63,90
2023-W38,2023-09-18,Nyamasheke,Kanjongo,28,155,0.181,55.8,19.0,63,90
2023-W38,2023-09-18,Nyamasheke,Kirimbi,33,216,0.153,55.8,19.0,63,90
2023-W38,2023-09-18,Nyamasheke,Gihombo,45,283,0.159,55.8,19.0,63,90
2023-W38,2023-09-18,Nyamasheke,Bushekeri,24,172,0.14,55.8,19.0,63,90
2023-W38,2023-09-18,Nyamasheke,Bushenge,18,109,0.165,55.8,19.0,63,90
2023-W38,2023-09-18,Nyamasheke,Cyato,36,195,0.185,55.8,19.0,63,90
2023-W38,2023-09-18,Nyamasheke,Karambi,24,192,0.125,55.8,19.0,63,90
2023-W38,2023-09-18,Nyamasheke,Karengera,40,312,0.128,55.8,19.0,63,90
2023-W38,2023-09-18,Nyamasheke,Nyabitekeri,27,159,0.17,55.8,19.0,63,90
2023-W38,2023-09-18,Nyamasheke,Rangiro,18,125,0.144,55.8,19.0,63,90
2023-W38,2023-09-18,Nyamasheke,Ruharambuga,16,94,0.17,55.8,19.0,63,90
2023-W38,2023-09-18,Nyamasheke,Shangi,29,156,0.186,55.8,19.0,63,90
2023-W39,2023-09-25,Nyamasheke,Mahembe,42,228,0.184,68.0,19.0,63,92
2023-W39,2023-09-25,Nyamasheke,Kagano,28,181,0.155,68.0,19.0,63,92
2023-W39,2023-09-25,Nyamasheke,Macuba,23,138,0.167,68.0,19.0,63,92
2023-W39,2023-09-25,Nyamasheke,Kanjongo,30,134,0.224,68.0,19.0,63,92
2023-W39,2023-09-25,Nyamasheke,Kirimbi,36,240,0.15,68.0,19.0,63,92
2023-W39,2023-09-25,Nyamasheke,Gihombo,33,198,0.167,68.0,19.0,63,92
2023-W39,2023-09-25,Nyamasheke,Bushekeri,25,112,0.223,68.0,19.0,63,92
2023-W39,2023-09-25,Nyamasheke,Bushenge,15,84,0.179,68.0,19.0,63,92
2023-W39,2023-09-25,Nyamasheke,Cyato,37,162,0.228,68.0,19.0,63,92
2023-W39,2023-09-25,Nyamasheke,Karambi,19,99,0.192,68.0,19.0,63,92
2023-W39,2023-09-25,Nyamasheke,Karengera,41,208,0.197,68.0,19.0,63,92
2023-W39,2023-09-25,Nyamasheke,Nyabitekeri,32,178,0.18,68.0,19.0,63,92
2023-W39,2023-09-25,Nyamasheke,Rangiro,19,87,0.218,68.0,19.0,63,92
2023-W39,2023-09-25,Nyamasheke,Ruharambuga,17,112,0.152,68.0,19.0,63,92
2023-W39,2023-09-25,Nyamasheke,Shangi,33,183,0.18,68.0,19.0,63,92
2023-W40,2023-10-02,Nyamasheke,Mahembe,41,169,0.243,68.9,18.9,63,88
2023-W40,2023-10-02,Nyamasheke,Kagano,22,132,0.167,68.9,18.9,63,88
2023-W40,2023-10-02,Nyamasheke,Macuba,28,141,0.199,68.9,18.9,63,88
2023-W40,2023-10-02,Nyamasheke,Kanjongo,29,123,0.236,68.9,18.9,63,88
2023-W40,2023-10-02,Nyamasheke,Kirimbi,33,159,0.208,68.9,18.9,63,88
2023-W40,2023-10-02,Nyamasheke,Gihombo,38,191,0.199,68.9,18.9,63,88
2023-W40,2023-10-02,Nyamasheke,Bushekeri,25,144,0.174,68.9,18.9,63,88
2023-W40,2023-10-02,Nyamasheke,Bushenge,19,81,0.235,68.9,18.9,63,88
2023-W40,2023-10-02,Nyamasheke,Cyato,27,133,0.203,68.9,18.9,63,88
2023-W40,2023-10-02,Nyamasheke,Karambi,16,67,0.239,68.9,18.9,63,88
2023-W40,2023-10-02,Nyamasheke,Karengera,39,177,0.22,68.9,18.9,63,88
2023-W40,2023-10-02,Nyamasheke,Nyabitekeri,25,152,0.164,68.9,18.9,63,88
2023-W40,2023-10-02,Nyamasheke,Rangiro,16,70,0.229,68.9,18.9,63,88
2023-W40,2023-10-02,Nyamasheke,Ruharambuga,14,73,0.192,68.9,18.9,63,88
2023-W40,2023-10-02,Nyamasheke,Shangi,33,139,0.237,68.9,18.9,63,88
2023-W41,2023-10-09,Nyamasheke,Mahembe,47,211,0.223,72.3,18.1,66,89
2023-W41,2023-10-09,Nyamasheke,Kagano,27,182,0.148,72.3,18.1,66,89
2023-W41,2023-10-09,Nyamasheke,Macuba,24,121,0.198,72.3,18.1,66,89
2023-W41,2023-10-09,Nyamasheke,Kanjongo,32,178,0.18,72.3,18.1,66,89
2023-W41,2023-10-09,Nyamasheke,Kirimbi,42,265,0.158,72.3,18.1,66,89
2023-W41,2023-10-09,Nyamasheke,Gihombo,39,187,0.209,72.3,18.1,66,89
2023-W41,2023-10-09,Nyamasheke,Bushekeri,26,154,0.169,72.3,18.1,66,89
2023-W41,2023-10-09,Nyamasheke,Bushenge,22,132,0.167,72.3,18.1,66,89
2023-W41,2023-10-09,Nyamasheke,Cyato,34,184,0.185,72.3,18.1,66,89
2023-W41,2023-10-09,Nyamasheke,Karambi,18,92,0.196,72.3,18.1,66,89
2023-W41,2023-10-09,Nyamasheke,Karengera,48,243,0.198,72.3,18.1,66,89
2023-W41,2023-10-09,Nyamasheke,Nyabitekeri,30,172,0.174,72.3,18.1,66,89
2023-W41,2023-10-09,Nyamasheke,Rangiro,19,89,0.213,72.3,18.1,66,89
2023-W41,2023-10-09,Nyamasheke,Ruharambuga,15,71,0.211,72.3,18.1,66,89
2023-W41,2023-10-09,Nyamasheke,Shangi,32,166,0.193,72.3,18.1,66,89
2023-W42,2023-10-16,Nyamasheke,Mahembe,46,181,0.254,49.2,18.1,66,90
2023-W42,2023-10-16,Nyamasheke,Kagano,28,112,0.25,49.2,18.1,66,90
2023-W42,2023-10-16,Nyamasheke,Macuba,34,141,0.241,49.2,18.1,66,90
2023-W42,2023-10-16,Nyamasheke,Kanjongo,42,165,0.255,49.2,18.1,66,90
2023-W42,2023-10-16,Nyamasheke,Kirimbi,41,182,0.225,49.2,18.1,66,90
2023-W42,2023-10-16,Nyamasheke,Gihombo,53,261,0.203,49.2,18.1,66,90
2023-W42,2023-10-16,Nyamasheke,Bushekeri,28,110,0.255,49.2,18.1,66,90
2023-W42,2023-10-16,Nyamasheke,Bushenge,22,92,0.239,49.2,18.1,66,90
2023-W42,2023-10-16,Nyamasheke,Cyato,46,200,0.23,49.2,18.1,66,90
2023-W42,2023-10-16,Nyamasheke,Karambi,22,85,0.259,49.2,18.1,66,90
2023-W42,2023-10-16,Nyamasheke,Karengera,40,173,0.231,49.2,18.1,66,90
2023-W42,2023-10-16,Nyamasheke,Nyabitekeri,30,143,0.21,49.2,18.1,66,90
2023-W42,2023-10-16,Nyamasheke,Rangiro,22,91,0.242,49.2,18.1,66,90
2023-W42,2023-10-16,Nyamasheke,Ruharambuga,23,98,0.235,49.2,18.1,66,90
2023-W42,2023-10-16,Nyamasheke,Shangi,26,104,0.25,49.2,18.1,66,90
2023-W43,2023-10-23,Nyamasheke,Mahembe,50,166,0.301,64.4,18.7,66,91
2023-W43,2023-10-23,Nyamasheke,Kagano,40,137,0.292,64.4,18.7,66,91
2023-W43,2023-10-23,Nyamasheke,Macuba,37,158,0.234,64.4,18.7,66,91
2023-W43,2023-10-23,Nyamasheke,Kanjongo,46,182,0.253,64.4,18.7,66,91
2023-W43,2023-10-23,Nyamasheke,Kirimbi,52,171,0.304,64.4,18.7,66,91
2023-W43,2023-10-23,Nyamasheke,Gihombo,56,202,0.277,64.4,18.7,66,91
2023-W43,2023-10-23,Nyamasheke,Bushekeri,34,122,0.279,64.4,18.7,66,91
2023-W43,2023-10-23,Nyamasheke,Bushenge,28,118,0.237,64.4,18.7,66,91
2023-W43,2023-10-23,Nyamasheke,Cyato,61,218,0.28,64.4,18.7,66,91
2023-W43,2023-10-23,Nyamasheke,Karambi,29,96,0.302,64.4,18.7,66,91
2023-W43,2023-10-23,Nyamasheke,Karengera,55,188,0.293,64.4,18.7,66,91
2023-W43,2023-10-23,Nyamasheke,Nyabitekeri,35,119,0.294,64.4,18.7,66,91
2023-W43,2023-10-23,Nyamasheke,Rangiro,30,101,0.297,64.4,18.7,66,91
2023-W43,2023-10-23,Nyamasheke,Ruharambuga,20,65,0.308,64.4,18.7,66,91
2023-W43,2023-10-23,Nyamasheke,Shangi,44,191,0.23,64.4,18.7,66,91
2023-W44,2023-10-30,Nyamasheke,Mahembe,56,180,0.311,62.3,18.5,66,88
2023-W44,2023-10-30,Nyamasheke,Kagano,38,146,0.26,62.3,18.5,66,88
2023-W44,2023-10-30,Nyamasheke,Macuba,41,155,0.265,62.3,18.5,66,88
2023-W44,2023-10-30,Nyamasheke,Kanjongo,52,163,0.319,62.3,18.5,66,88
2023-W44,2023-10-30,Nyamasheke,Kirimbi,66,205,0.322,62.3,18.5,66,88
2023-W44,2023-10-30,Nyamasheke,Gihombo,61,196,0.311,62.3,18.5,66,88
2023-W44,2023-10-30,Nyamasheke,Bushekeri,37,125,0.296,62.3,18.5,66,88
2023-W44,2023-10-30,Nyamasheke,Bushenge,27,101,0.267,62.3,18.5,66,88
2023-W44,2023-10-30,Nyamasheke,Cyato,55,175,0.314,62.3,18.5,66,88
2023-W44,2023-10-30,Nyamasheke,Karambi,32,110,0.291,62.3,18.5,66,88
2023-W44,2023-10-30,Nyamasheke,Karengera,65,226,0.288,62.3,18.5,66,88
2023-W44,2023-10-30,Nyamasheke,Nyabitekeri,42,140,0.3,62.3,18.5,66,88
2023-W44,2023-10-30,Nyamasheke,Rangiro,26,82,0.317,62.3,18.5,66,88
2023-W44,2023-10-30,Nyamasheke,Ruharambuga,31,106,0.292,62.3,18.5,66,88
2023-W44,2023-10-30,Nyamasheke,Shangi,44,148,0.297,62.3,18.5,66,88
2023-W45,2023-11-06,Nyamasheke,Mahembe,75,222,0.338,64.1,19.0,66,92
2023-W45,2023-11-06,Nyamasheke,Kagano,54,162,0.333,64.1,19.0,66,92
2023-W45,2023-11-06,Nyamasheke,Macuba,57,186,0.306,64.1,19.0,66,92
2023-W45,2023-11-06,Nyamasheke,Kanjongo,56,166,0.337,64.1,19.0,66,92
2023-W45,2023-11-06,Nyamasheke,Kirimbi,77,222,0.347,64.1,19.0,66,92
2023-W45,2023-11-06,Nyamasheke,Gihombo,77,250,0.308,64.1,19.0,66,92
2023-W45,2023-11-06,Nyamasheke,Bushekeri,56,164,0.341,64.1,19.0,66,92
2023-W45,2023-11-06,Nyamasheke,Bushenge,39,122,0.32,64.1,19.0,66,92
2023-W45,2023-11-06,Nyamasheke,Cyato,80,261,0.307,64.1,19.0,66,92
2023-W45,2023-11-06,Nyamasheke,Karambi,35,106,0.33,64.1,19.0,66,92
2023-W45,2023-11-06,Nyamasheke,Karengera,75,258,0.291,64.1,19.0,66,92
2023-W45,2023-11-06,Nyamasheke,Nyabitekeri,62,185,0.335,64.1,19.0,66,92
2023-W45,2023-11-06,Nyamasheke,Rangiro,37,128,0.289,64.1,19.0,66,92
2023-W45,2023-11-06,Nyamasheke,Ruharambuga,40,114,0.351,64.1,19.0,66,92
2023-W45,2023-11-06,Nyamasheke,Shangi,66,188,0.351,64.1,19.0,66,92
2023-W46,2023-11-13,Nyamasheke,Mahembe,79,218,0.362,53.7,18.0,66,88
2023-W46,2023-11-13,Nyamasheke,Kagano,51,138,0.37,53.7,18.0,66,88
2023-W46,2023-11-13,Nyamasheke,Macuba,48,128,0.375,53.7,18.0,66,88
2023-W46,2023-11-13,Nyamasheke,Kanjongo,51,133,0.383,53.7,18.0,66,88
2023-W46,2023-11-13,Nyamasheke,Kirimbi,61,143,0.427,53.7,18.0,66,88
2023-W46,2023-11-13,Nyamasheke,Gihombo,67,163,0.411,53.7,18.0,66,88
2023-W46,2023-11-13,Nyamasheke,Bushekeri,39,104,0.375,53.7,18.0,66,88
2023-W46,2023-11-13,Nyamasheke,Bushenge,33,86,0.384,53.7,18.0,66,88
2023-W46,2023-11-13,Nyamasheke,Cyato,70,160,0.438,53.7,18.0,66,88
2023-W46,2023-11-13,Nyamasheke,Karambi,36,95,0.379,53.7,18.0,66,88
2023-W46,2023-11-13,Nyamasheke,Karengera,74,204,0.363,53.7,18.0,66,88
2023-W46,2023-11-13,Nyamasheke,Nyabitekeri,58,153,0.379,53.7,18.0,66,88
2023-W46,2023-11-13,Nyamasheke,Rangiro,35,83,0.422,53.7,18.0,66,88
2023-W46,2023-11-13,Nyamasheke,Ruharambuga,29,78,0.372,53.7,18.0,66,88
2023-W46,2023-11-13,Nyamasheke,Shangi,56,133,0.421,53.7,18.0,66,88
2023-W47,2023-11-20,Nyamasheke,Mahembe,85,190,0.447,34.5,18.9,66,91
2023-W47,2023-11-20,Nyamasheke,Kagano,60,149,0.403,34.5,18.9,66,91
2023-W47,2023-11-20,Nyamasheke,Macuba,53,118,0.449,34.5,18.9,66,91
2023-W47,2023-11-20,Nyamasheke,Kanjongo,89,191,0.466,34.5,18.9,66,91
2023-W47,2023-11-20,Nyamasheke,Kirimbi,89,228,0.39,34.5,18.9,66,91
2023-W47,2023-11-20,Nyamasheke,Gihombo,79,198,0.399,34.5,18.9,66,91
2023-W47,2023-11-20,Nyamasheke,Bushekeri,52,122,0.426,34.5,18.9,66,91
2023-W47,2023-11-20,Nyamasheke,Bushenge,30,66,0.455,34.5,18.9,66,91
2023-W47,2023-11-20,Nyamasheke,Cyato,85,182,0.467,34.5,18.9,66,91
2023-W47,2023-11-20,Nyamasheke,Karambi,39,88,0.443,34.5,18.9,66,91
2023-W47,2023-11-20,Nyamasheke,Karengera,81,194,0.418,34.5,18.9,66,91
2023-W47,2023-11-20,Nyamasheke,Nyabitekeri,55,123,0.447,34.5,18.9,66,91
2023-W47,2023-11-20,Nyamasheke,Rangiro,42,106,0.396,34.5,18.9,66,91
2023-W47,2023-11-20,Nyamasheke,Ruharambuga,39,85,0.459,34.5,18.9,66,91
2023-W47,2023-11-20,Nyamasheke,Shangi,69,149,0.463,34.5,18.9,66,91
2023-W48,2023-11-27,Nyamasheke,Mahembe,98,206,0.476,24.8,18.1,66,89
2023-W48,2023-11-27,Nyamasheke,Kagano,69,144,0.479,24.8,18.1,66,89
2023-W48,2023-11-27,Nyamasheke,Macuba,64,134,0.478,24.8,18.1,66,89
2023-W48,2023-11-27,Nyamasheke,Kanjongo,80,155,0.516,24.8,18.1,66,89
2023-W48,2023-11-27,Nyamasheke,Kirimbi,106,210,0.505,24.8,18.1,66,89
2023-W48,2023-11-27,Nyamasheke,Gihombo,110,219,0.502,24.8,18.1,66,89
2023-W48,2023-11-27,Nyamasheke,Bushekeri,58,128,0.453,24.8,18.1,66,89
2023-W48,2023-11-27,Nyamasheke,Bushenge,49,105,0.467,24.8,18.1,66,89
2023-W48,2023-11-27,Nyamasheke,Cyato,108,236,0.458,24.8,18.1,66,89
2023-W48,2023-11-27,Nyamasheke,Karambi,51,110,0.464,24.8,18.1,66,89
2023-W48,2023-11-27,Nyamasheke,Karengera,116,240,0.483,24.8,18.1,66,89
2023-W48,2023-11-27,Nyamasheke,Nyabitekeri,78,154,0.506,24.8,18.1,66,89
2023-W48,2023-11-27,Nyamasheke,Rangiro,43,85,0.506,24.8,18.1,66,89
2023-W48,2023-11-27,Nyamasheke,Ruharambuga,42,83,0.506,24.8,18.1,66,89
2023-W48,2023-11-27,Nyamasheke,Shangi,73,148,0.493,24.8,18.1,66,89
2023-W49,2023-12-04,Nyamasheke,Mahembe,109,219,0.498,15.7,18.7,66,90
2023-W49,2023-12-04,Nyamasheke,Kagano,64,133,0.481,15.7,18.7,66,90
2023-W49,2023-12-04,Nyamasheke,Macuba,67,133,0.504,15.7,18.7,66,90
2023-W49,2023-12-04,Nyamasheke,Kanjongo,85,171,0.497,15.7,18.7,66,90
2023-W49,2023-12-04,Nyamasheke,Kirimbi,97,195,0.497,15.7,18.7,66,90
2023-W49,2023-12-04,Nyamasheke,Gihombo,102,205,0.498,15.7,18.7,66,90
2023-W49,2023-12-04,Nyamasheke,Bushekeri,58,124,0.468,15.7,18.7,66,90
2023-W49,2023-12-04,Nyamasheke,Bushenge,42,87,0.483,15.7,18.7,66,90
2023-W49,2023-12-04,Nyamasheke,Cyato,76,162,0.469,15.7,18.7,66,90
2023-W49,2023-12-04,Nyamasheke,Karambi,53,112,0.473,15.7,18.7,66,90
2023-W49,2023-12-04,Nyamasheke,Karengera,127,239,0.531,15.7,18.7,66,90
2023-W49,2023-12-04,Nyamasheke,Nyabitekeri,66,122,0.541,15.7,18.7,66,90
2023-W49,2023-12-04,Nyamasheke,Rangiro,45,96,0.469,15.7,18.7,66,90
2023-W49,2023-12-04,Nyamasheke,Ruharambuga,43,84,0.512,15.7,18.7,66,90
2023-W49,2023-12-04,Nyamasheke,Shangi,79,162,0.488,15.7,18.7,66,90
2023-W50,2023-12-11,Nyamasheke,Mahembe,102,190,0.537,21.8,18.4,66,89
2023-W50,2023-12-11,Nyamasheke,Kagano,71,125,0.568,21.8,18.4,66,89
2023-W50,2023-12-11,Nyamasheke,Macuba,79,145,0.545,21.8,18.4,66,89
2023-W50,2023-12-11,Nyamasheke,Kanjongo,80,155,0.516,21.8,18.4,66,89
2023-W50,2023-12-11,Nyamasheke,Kirimbi,110,206,0.534,21.8,18.4,66,89
2023-W50,2023-12-11,Nyamasheke,Gihombo,101,184,0.549,21.8,18.4,66,89
2023-W50,2023-12-11,Nyamasheke,Bushekeri,59,113,0.522,21.8,18.4,66,89
2023-W50,2023-12-11,Nyamasheke,Bushenge,50,88,0.568,21.8,18.4,66,89
2023-W50,2023-12-11,Nyamasheke,Cyato,95,180,0.528,21.8,18.4,66,89
2023-W50,2023-12-11,Nyamasheke,Karambi,50,88,0.568,21.8,18.4,66,89
2023-W50,2023-12-11,Nyamasheke,Karengera,104,192,0.542,21.8,18.4,66,89
2023-W50,2023-12-11,Nyamasheke,Nyabitekeri,79,149,0.53,21.8,18.4,66,89
2023-W50,2023-12-11,Nyamasheke,Rangiro,58,101,0.574,21.8,18.4,66,89
2023-W50,2023-12-11,Nyamasheke,Ruharambuga,45,82,0.549,21.8,18.4,66,89
2023-W50,2023-12-11,Nyamasheke,Shangi,94,161,0.584,21.8,18.4,66,89
2023-W51,2023-12-18,Nyamasheke,Mahembe,101,195,0.518,17.9,18.5,66,91
2023-W51,2023-12-18,Nyamasheke,Kagano,77,148,0.52,17.9,18.5,66,91
2023-W51,2023-12-18,Nyamasheke,Macuba,77,152,0.507,17.9,18.5,66,91
2023-W51,2023-12-18,Nyamasheke,Kanjongo,87,165,0.527,17.9,18.5,66,91
2023-W51,2023-12-18,Nyamasheke,Kirimbi,128,241,0.531,17.9,18.5,66,91
2023-W51,2023-12-18,Nyamasheke,Gihombo,145,272,0.533,17.9,18.5,66,91
2023-W51,2023-12-18,Nyamasheke,Bushekeri,83,158,0.525,17.9,18.5,66,91
2023-W51,2023-12-18,Nyamasheke,Bushenge,62,119,0.521,17.9,18.5,66,91
2023-W51,2023-12-18,Nyamasheke,Cyato,106,188,0.564,17.9,18.5,66,91
2023-W51,2023-12-18,Nyamasheke,Karambi,64,126,0.508,17.9,18.5,66,91
2023-W51,2023-12-18,Nyamasheke,Karengera,130,260,0.5,17.9,18.5,66,91
2023-W51,2023-12-18,Nyamasheke,Nyabitekeri,104,202,0.515,17.9,18.5,66,91
2023-W51,2023-12-18,Nyamasheke,Rangiro,53,94,0.564,17.9,18.5,66,91
2023-W51,2023-12-18,Nyamasheke,Ruharambuga,57,105,0.543,17.9,18.5,66,91
2023-W51,2023-12-18,Nyamasheke,Shangi,101,190,0.532,17.9,18.5,66,91
2023-W52,2023-12-25,Nyamasheke,Mahembe,114,212,0.538,15.1,19.5,66,92
2023-W52,2023-12-25,Nyamasheke,Kagano,71,140,0.507,15.1,19.5,66,92
2023-W52,2023-12-25,Nyamasheke,Macuba,74,145,0.51,15.1,19.5,66,92
2023-W52,2023-12-25,Nyamasheke,Kanjongo,85,155,0.548,15.1,19.5,66,92
2023-W52,2023-12-25,Nyamasheke,Kirimbi,122,224,0.545,15.1,19.5,66,92
2023-W52,2023-12-25,Nyamasheke,Gihombo,132,257,0.514,15.1,19.5,66,92
2023-W52,2023-12-25,Nyamasheke,Bushekeri,62,125,0.496,15.1,19.5,66,92
2023-W52,2023-12-25,Nyamasheke,Bushenge,50,104,0.481,15.1,19.5,66,92
2023-W52,2023-12-25,Nyamasheke,Cyato,109,207,0.527,15.1,19.5,66,92
2023-W52,2023-12-25,Nyamasheke,Karambi,72,144,0.5,15.1,19.5,66,92
2023-W52,2023-12-25,Nyamasheke,Karengera,119,252,0.472,15.1,19.5,66,92
2023-W52,2023-12-25,Nyamasheke,Nyabitekeri,90,169,0.533,15.1,19.5,66,92
2023-W52,2023-12-25,Nyamasheke,Rangiro,51,101,0.505,15.1,19.5,66,92
2023-W52,2023-12-25,Nyamasheke,Ruharambuga,50,100,0.5,15.1,19.5,66,92
2023-W52,2023-12-25,Nyamasheke,Shangi,81,165,0.491,15.1,19.5,66,92
2024-W01,2024-01-01,Nyamasheke,Mahembe,92,220,0.418,12.4,18.6,66,91
2024-W01,2024-01-01,Nyamasheke,Kagano,62,147,0.422,12.4,18.6,66,91
2024-W01,2024-01-01,Nyamasheke,Macuba,64,145,0.441,12.4,18.6,66,91
2024-W01,2024-01-01,Nyamasheke,Kanjongo,70,148,0.473,12.4,18.6,66,91
2024-W01,2024-01-01,Nyamasheke,Kirimbi,90,193,0.466,12.4,18.6,66,91
2024-W01,2024-01-01,Nyamasheke,Gihombo,102,213,0.479,12.4,18.6,66,91
2024-W01,2024-01-01,Nyamasheke,Bushekeri,55,124,0.444,12.4,18.6,66,91
2024-W01,2024-01-01,Nyamasheke,Bushenge,41,93,0.441,12.4,18.6,66,91
2024-W01,2024-01-01,Nyamasheke,Cyato,70,151,0.464,12.4,18.6,66,91
2024-W01,2024-01-01,Nyamasheke,Karambi,42,93,0.452,12.4,18.6,66,91
2024-W01,2024-01-01,Nyamasheke,Karengera,78,171,0.456,12.4,18.6,66,91
2024-W01,2024-01-01,Nyamasheke,Nyabitekeri,73,168,0.435,12.4,18.6,66,91
2024-W01,2024-01-01,Nyamasheke,Rangiro,38,85,0.447,12.4,18.6,66,91
2024-W01,2024-01-01,Nyamasheke,Ruharambuga,39,85,0.459,12.4,18.6,66,91
2024-W01,2024-01-01,Nyamasheke,Shangi,68,147,0.463,12.4,18.6,66,91
2024-W02,2024-01-08,Nyamasheke,Mahembe,96,247,0.389,18.2,19.6,66,90
2024-W02,2024-01-08,Nyamasheke,Kagano,63,168,0.375,18.2,19.6,66,90
2024-W02,2024-01-08,Nyamasheke,Macuba,65,152,0.428,18.2,19.6,66,90
2024-W02,2024-01-08,Nyamasheke,Kanjongo,83,194,0.428,18.2,19.6,66,90
2024-W02,2024-01-08,Nyamasheke,Kirimbi,104,247,0.421,18.2,19.6,66,90
2024-W02,2024-01-08,Nyamasheke,Gihombo,89,212,0.42,18.2,19.6,66,90
2024-W02,2024-01-08,Nyamasheke,Bushekeri,60,156,0.385,18.2,19.6,66,90
2024-W02,2024-01-08,Nyamasheke,Bushenge,34,88,0.386,18.2,19.6,66,90
2024-W02,2024-01-08,Nyamasheke,Cyato,67,168,0.399,18.2,19.6,66,90
2024-W02,2024-01-08,Nyamasheke,Karambi,41,97,0.423,18.2,19.6,66,90
2024-W02,2024-01-08,Nyamasheke,Karengera,80,224,0.357,18.2,19.6,66,90
2024-W02,2024-01-08,Nyamasheke,Nyabitekeri,72,204,0.353,18.2,19.6,66,90
2024-W02,2024-01-08,Nyamasheke,Rangiro,49,135,0.363,18.2,19.6,66,90
2024-W02,2024-01-08,Nyamasheke,Ruharambuga,47,129,0.364,18.2,19.6,66,90
2024-W02,2024-01-08,Nyamasheke,Shangi,63,177,0.356,18.2,19.6,66,90
2024-W03,2024-01-15,Nyamasheke,Mahembe,87,265,0.328,15.4,20.0,66,92
2024-W03,2024-01-15,Nyamasheke,Kagano,51,177,0.288,15.4,20.0,66,92
2024-W03,2024-01-15,Nyamasheke,Macuba,60,218,0.275,15.4,20.0,66,92
2024-W03,2024-01-15,Nyamasheke,Kanjongo,66,203,0.325,15.4,20.0,66,92
2024-W03,2024-01-15,Nyamasheke,Kirimbi,80,267,0.3,15.4,20.0,66,92
2024-W03,2024-01-15,Nyamasheke,Gihombo,87,275,0.316,15.4,20.0,66,92
2024-W03,2024-01-15,Nyamasheke,Bushekeri,53,190,0.279,15.4,20.0,66,92
2024-W03,2024-01-15,Nyamasheke,Bushenge,40,128,0.312,15.4,20.0,66,92
2024-W03,2024-01-15,Nyamasheke,Cyato,69,261,0.264,15.4,20.0,66,92
2024-W03,2024-01-15,Nyamasheke,Karambi,35,114,0.307,15.4,20.0,66,92
2024-W03,2024-01-15,Nyamasheke,Karengera,77,225,0.342,15.4,20.0,66,92
2024-W03,2024-01-15,Nyamasheke,Nyabitekeri,53,172,0.308,15.4,20.0,66,92
2024-W03,2024-01-15,Nyamasheke,Rangiro,45,142,0.317,15.4,20.0,66,92
2024-W03,2024-01-15,Nyamasheke,Ruharambuga,38,128,0.297,15.4,20.0,66,92
2024-W03,2024-01-15,Nyamasheke,Shangi,52,151,0.344,15.4,20.0,66,92
2024-W04,2024-01-22,Nyamasheke,Mahembe,65,212,0.307,28.7,19.2,66,90
2024-W04,2024-01-22,Nyamasheke,Kagano,42,134,0.313,28.7,19.2,66,90
2024-W04,2024-01-22,Nyamasheke,Macuba,51,156,0.327,28.7,19.2,66,90
2024-W04,2024-01-22,Nyamasheke,Kanjongo,54,182,0.297,28.7,19.2,66,90
2024-W04,2024-01-22,Nyamasheke,Kirimbi,70,232,0.302,28.7,19.2,66,90
2024-W04,2024-01-22,Nyamasheke,Gihombo,74,249,0.297,28.7,19.2,66,90
2024-W04,2024-01-22,Nyamasheke,Bushekeri,36,117,0.308,28.7,19.2,66,90
2024-W04,2024-01-22,Nyamasheke,Bushenge,33,125,0.264,28.7,19.2,66,90
2024-W04,2024-01-22,Nyamasheke,Cyato,52,202,0.257,28.7,19.2,66,90
2024-W04,2024-01-22,Nyamasheke,Karambi,32,118,0.271,28.7,19.2,66,90
2024-W04,2024-01-22,Nyamasheke,Karengera,68,234,0.291,28.7,19.2,66,90
2024-W04,2024-01-22,Nyamasheke,Nyabitekeri,48,178,0.27,28.7,19.2,66,90
2024-W04,2024-01-22,Nyamasheke,Rangiro,33,117,0.282,28.7,19.2,66,90
2024-W04,2024-01-22,Nyamasheke,Ruharambuga,29,110,0.264,28.7,19.2,66,90
2024-W04,2024-01-22,Nyamasheke,Shangi,51,199,0.256,28.7,19.2,66,90
2024-W05,2024-01-29,Nyamasheke,Mahembe,61,297,0.205,16.3,20.3,66,92
2024-W05,2024-01-29,Nyamasheke,Kagano,34,129,0.264,16.3,20.3,66,92
2024-W05,2024-01-29,Nyamasheke,Macuba,42,202,0.208,16.3,20.3,66,92
2024-W05,2024-01-29,Nyamasheke,Kanjongo,40,199,0.201,16.3,20.3,66,92
2024-W05,2024-01-29,Nyamasheke,Kirimbi,57,293,0.195,16.3,20.3,66,92
2024-W05,2024-01-29,Nyamasheke,Gihombo,60,285,0.211,16.3,20.3,66,92
2024-W05,2024-01-29,Nyamasheke,Bushekeri,30,150,0.2,16.3,20.3,66,92
2024-W05,2024-01-29,Nyamasheke,Bushenge,23,101,0.228,16.3,20.3,66,92
2024-W05,2024-01-29,Nyamasheke,Cyato,57,211,0.27,16.3,20.3,66,92
2024-W05,2024-01-29,Nyamasheke,Karambi,30,147,0.204,16.3,20.3,66,92
2024-W05,2024-01-29,Nyamasheke,Karengera,64,261,0.245,16.3,20.3,66,92
2024-W05,2024-01-29,Nyamasheke,Nyabitekeri,42,187,0.225,16.3,20.3,66,92
2024-W05,2024-01-29,Nyamasheke,Rangiro,26,97,0.268,16.3,20.3,66,92
2024-W05,2024-01-29,Nyamasheke,Ruharambuga,27,127,0.213,16.3,20.3,66,92
2024-W05,2024-01-29,Nyamasheke,Shangi,49,232,0.211,16.3,20.3,66,92
2024-W06,2024-02-05,Nyamasheke,Mahembe,69,303,0.228,22.6,19.8,66,91
2024-W06,2024-02-05,Nyamasheke,Kagano,36,148,0.243,22.6,19.8,66,91
2024-W06,2024-02-05,Nyamasheke,Macuba,38,155,0.245,22.6,19.8,66,91
2024-W06,2024-02-05,Nyamasheke,Kanjongo,52,207,0.251,22.6,19.8,66,91
2024-W06,2024-02-05,Nyamasheke,Kirimbi,61,247,0.247,22.6,19.8,66,91
2024-W06,2024-02-05,Nyamasheke,Gihombo,47,195,0.241,22.6,19.8,66,91
2024-W06,2024-02-05,Nyamasheke,Bushekeri,37,147,0.252,22.6,19.8,66,91
2024-W06,2024-02-05,Nyamasheke,Bushenge,23,122,0.189,22.6,19.8,66,91
2024-W06,2024-02-05,Nyamasheke,Cyato,57,257,0.222,22.6,19.8,66,91
2024-W06,2024-02-05,Nyamasheke,Karambi,28,108,0.259,22.6,19.8,66,91
2024-W06,2024-02-05,Nyamasheke,Karengera,53,280,0.189,22.6,19.8,66,91
2024-W06,2024-02-05,Nyamasheke,Nyabitekeri,46,244,0.189,22.6,19.8,66,91
2024-W06,2024-02-05,Nyamasheke,Rangiro,28,108,0.259,22.6,19.8,66,91
2024-W06,2024-02-05,Nyamasheke,Ruharambuga,31,132,0.235,22.6,19.8,66,91
2024-W06,2024-02-05,Nyamasheke,Shangi,52,242,0.215,22.6,19.8,66,91
2024-W07,2024-02-12,Nyamasheke,Mahembe,55,247,0.223,28.8,20.7,66,90
2024-W07,2024-02-12,Nyamasheke,Kagano,25,141,0.177,28.8,20.7,66,90
2024-W07,2024-02-12,Nyamasheke,Macuba,37,223,0.166,28.8,20.7,66,90
2024-W07,2024-02-12,Nyamasheke,Kanjongo,33,191,0.173,28.8,20.7,66,90
2024-W07,2024-02-12,Nyamasheke,Kirimbi,43,249,0.173,28.8,20.7,66,90
2024-W07,2024-02-12,Nyamasheke,Gihombo,47,279,0.168,28.8,20.7,66,90
2024-W07,2024-02-12,Nyamasheke,Bushekeri,30,171,0.175,28.8,20.7,66,90
2024-W07,2024-02-12,Nyamasheke,Bushenge,18,92,0.196,28.8,20.7,66,90
2024-W07,2024-02-12,Nyamasheke,Cyato,44,291,0.151,28.8,20.7,66,90
2024-W07,2024-02-12,Nyamasheke,Karambi,25,163,0.153,28.8,20.7,66,90
2024-W07,2024-02-12,Nyamasheke,Karengera,50,277,0.181,28.8,20.7,66,90
2024-W07,2024-02-12,Nyamasheke,Nyabitekeri,30,189,0.159,28.8,20.7,66,90
2024-W07,2024-02-12,Nyamasheke,Rangiro,23,137,0.168,28.8,20.7,66,90
2024-W07,2024-02-12,Nyamasheke,Ruharambuga,21,94,0.223,28.8,20.7,66,90
2024-W07,2024-02-12,Nyamasheke,Shangi,36,171,0.211,28.8,20.7,66,90
2024-W08,2024-02-19,Nyamasheke,Mahembe,41,303,0.135,48.4,19.9,66,90
2024-W08,2024-02-19,Nyamasheke,Kagano,31,175,0.177,48.4,19.9,66,90
2024-W08,2024-02-19,Nyamasheke,Macuba,31,191,0.162,48.4,19.9,66,90
2024-W08,2024-02-19,Nyamasheke,Kanjongo,39,265,0.147,48.4,19.9,66,90
2024-W08,2024-02-19,Nyamasheke,Kirimbi,37,304,0.122,48.4,19.9,66,90
2024-W08,2024-02-19,Nyamasheke,Gihombo,45,280,0.161,48.4,19.9,66,90
2024-W08,2024-02-19,Nyamasheke,Bushekeri,29,168,0.173,48.4,19.9,66,90
2024-W08,2024-02-19,Nyamasheke,Bushenge,21,134,0.157,48.4,19.9,66,90
2024-W08,2024-02-19,Nyamasheke,Cyato,43,233,0.185,48.4,19.9,66,90
2024-W08,2024-02-19,Nyamasheke,Karambi,20,128,0.156,48.4,19.9,66,90
2024-W08,2024-02-19,Nyamasheke,Karengera,49,383,0.128,48.4,19.9,66,90
2024-W08,2024-02-19,Nyamasheke,Nyabitekeri,30,218,0.138,48.4,19.9,66,90
2024-W08,2024-02-19,Nyamasheke,Rangiro,27,186,0.145,48.4,19.9,66,90
2024-W08,2024-02-19,Nyamasheke,Ruharambuga,22,116,0.19,48.4,19.9,66,90
2024-W08,2024-02-19,Nyamasheke,Shangi,31,203,0.153,48.4,19.9,66,90
2024-W09,2024-02-26,Nyamasheke,Mahembe,45,283,0.159,45.5,20.4,66,90
2024-W09,2024-02-26,Nyamasheke,Kagano,30,211,0.142,45.5,20.4,66,90
2024-W09,2024-02-26,Nyamasheke,Macuba,35,269,0.13,45.5,20.4,66,90
2024-W09,2024-02-26,Nyamasheke,Kanjongo,29,185,0.157,45.5,20.4,66,90
2024-W09,2024-02-26,Nyamasheke,Kirimbi,41,271,0.151,45.5,20.4,66,90
2024-W09,2024-02-26,Nyamasheke,Gihombo,47,302,0.156,45.5,20.4,66,90
2024-W09,2024-02-26,Nyamasheke,Bushekeri,24,184,0.13,45.5,20.4,66,90
2024-W09,2024-02-26,Nyamasheke,Bushenge,20,121,0.165,45.5,20.4,66,90
2024-W09,2024-02-26,Nyamasheke,Cyato,37,343,0.108,45.5,20.4,66,90
2024-W09,2024-02-26,Nyamasheke,Karambi,19,122,0.156,45.5,20.4,66,90
2024-W09,2024-02-26,Nyamasheke,Karengera,42,363,0.116,45.5,20.4,66,90
2024-W09,2024-02-26,Nyamasheke,Nyabitekeri,36,295,0.122,45.5,20.4,66,90
2024-W09,2024-02-26,Nyamasheke,Rangiro,19,151,0.126,45.5,20.4,66,90
2024-W09,2024-02-26,Nyamasheke,Ruharambuga,19,119,0.16,45.5,20.4,66,90
2024-W09,2024-02-26,Nyamasheke,Shangi,32,255,0.125,45.5,20.4,66,90
2024-W10,2024-03-04,Nyamasheke,Mahembe,49,307,0.16,43.3,20.7,66,90
2024-W10,2024-03-04,Nyamasheke,Kagano,29,161,0.18,43.3,20.7,66,90
2024-W10,2024-03-04,Nyamasheke,Macuba,32,196,0.163,43.3,20.7,66,90
2024-W10,2024-03-04,Nyamasheke,Kanjongo,35,249,0.141,43.3,20.7,66,90
2024-W10,2024-03-04,Nyamasheke,Kirimbi,38,201,0.189,43.3,20.7,66,90
2024-W10,2024-03-04,Nyamasheke,Gihombo,47,234,0.201,43.3,20.7,66,90
2024-W10,2024-03-04,Nyamasheke,Bushekeri,22,108,0.204,43.3,20.7,66,90
2024-W10,2024-03-04,Nyamasheke,Bushenge,19,106,0.179,43.3,20.7,66,90
2024-W10,2024-03-04,Nyamasheke,Cyato,29,187,0.155,43.3,20.7,66,90
2024-W10,2024-03-04,Nyamasheke,Karambi,22,105,0.21,43.3,20.7,66,90
2024-W10,2024-03-04,Nyamasheke,Karengera,46,240,0.192,43.3,20.7,66,90
2024-W10,2024-03-04,Nyamasheke,Nyabitekeri,33,177,0.186,43.3,20.7,66,90
2024-W10,2024-03-04,Nyamasheke,Rangiro,22,157,0.14,43.3,20.7,66,90
2024-W10,2024-03-04,Nyamasheke,Ruharambuga,20,117,0.171,43.3,20.7,66,90
2024-W10,2024-03-04,Nyamasheke,Shangi,35,214,0.164,43.3,20.7,66,90
2024-W11,2024-03-11,Nyamasheke,Mahembe,41,315,0.13,68.2,20.5,66,89
2024-W11,2024-03-11,Nyamasheke,Kagano,26,180,0.144,68.2,20.5,66,89
2024-W11,2024-03-11,Nyamasheke,Macuba,31,201,0.154,68.2,20.5,66,89
2024-W11,2024-03-11,Nyamasheke,Kanjongo,36,306,0.118,68.2,20.5,66,89
2024-W11,2024-03-11,Nyamasheke,Kirimbi,41,248,0.165,68.2,20.5,66,89
2024-W11,2024-03-11,Nyamasheke,Gihombo,48,330,0.145,68.2,20.5,66,89
2024-W11,2024-03-11,Nyamasheke,Bushekeri,28,196,0.143,68.2,20.5,66,89
2024-W11,2024-03-11,Nyamasheke,Bushenge,18,109,0.165,68.2,20.5,66,89
2024-W11,2024-03-11,Nyamasheke,Cyato,49,423,0.116,68.2,20.5,66,89
2024-W11,2024-03-11,Nyamasheke,Karambi,22,167,0.132,68.2,20.5,66,89
2024-W11,2024-03-11,Nyamasheke,Karengera,44,270,0.163,68.2,20.5,66,89
2024-W11,2024-03-11,Nyamasheke,Nyabitekeri,35,213,0.164,68.2,20.5,66,89
2024-W11,2024-03-11,Nyamasheke,Rangiro,23,147,0.156,68.2,20.5,66,89
2024-W11,2024-03-11,Nyamasheke,Ruharambuga,21,133,0.158,68.2,20.5,66,89
2024-W11,2024-03-11,Nyamasheke,Shangi,30,166,0.181,68.2,20.5,66,89
2024-W12,2024-03-18,Nyamasheke,Mahembe,48,255,0.188,58.6,20.7,66,90
2024-W12,2024-03-18,Nyamasheke,Kagano,30,220,0.136,58.6,20.7,66,90
2024-W12,2024-03-18,Nyamasheke,Macuba,31,162,0.191,58.6,20.7,66,90
2024-W12,2024-03-18,Nyamasheke,Kanjongo,41,221,0.186,58.6,20.7,66,90
2024-W12,2024-03-18,Nyamasheke,Kirimbi,40,285,0.14,58.6,20.7,66,90
2024-W12,2024-03-18,Nyamasheke,Gihombo,46,233,0.197,58.6,20.7,66,90
2024-W12,2024-03-18,Nyamasheke,Bushekeri,29,230,0.126,58.6,20.7,66,90
2024-W12,2024-03-18,Nyamasheke,Bushenge,19,103,0.184,58.6,20.7,66,90
2024-W12,2024-03-18,Nyamasheke,Cyato,45,261,0.172,58.6,20.7,66,90
2024-W12,2024-03-18,Nyamasheke,Karambi,23,114,0.202,58.6,20.7,66,90
2024-W12,2024-03-18,Nyamasheke,Karengera,43,262,0.164,58.6,20.7,66,90
2024-W12,2024-03-18,Nyamasheke,Nyabitekeri,38,243,0.156,58.6,20.7,66,90
2024-W12,2024-03-18,Nyamasheke,Rangiro,22,171,0.129,58.6,20.7,66,90
2024-W12,2024-03-18,Nyamasheke,Ruharambuga,23,171,0.135,58.6,20.7,66,90
2024-W12,2024-03-18,Nyamasheke,Shangi,43,303,0.142,58.6,20.7,66,90
2024-W13,2024-03-25,Nyamasheke,Mahembe,46,271,0.17,71.1,21.3,66,91
2024-W13,2024-03-25,Nyamasheke,Kagano,35,156,0.224,71.1,21.3,66,91
2024-W13,2024-03-25,Nyamasheke,Macuba,28,183,0.153,71.1,21.3,66,91
2024-W13,2024-03-25,Nyamasheke,Kanjongo,37,171,0.216,71.1,21.3,66,91
2024-W13,2024-03-25,Nyamasheke,Kirimbi,41,262,0.156,71.1,21.3,66,91
2024-W13,2024-03-25,Nyamasheke,Gihombo,56,295,0.19,71.1,21.3,66,91
2024-W13,2024-03-25,Nyamasheke,Bushekeri,30,184,0.163,71.1,21.3,66,91
2024-W13,2024-03-25,Nyamasheke,Bushenge,21,101,0.208,71.1,21.3,66,91
2024-W13,2024-03-25,Nyamasheke,Cyato,50,269,0.186,71.1,21.3,66,91
2024-W13,2024-03-25,Nyamasheke,Karambi,25,126,0.198,71.1,21.3,66,91
2024-W13,2024-03-25,Nyamasheke,Karengera,49,273,0.179,71.1,21.3,66,91
2024-W13,2024-03-25,Nyamasheke,Nyabitekeri,42,249,0.169,71.1,21.3,66,91
2024-W13,2024-03-25,Nyamasheke,Rangiro,21,106,0.198,71.1,21.3,66,91
2024-W13,2024-03-25,Nyamasheke,Ruharambuga,24,135,0.178,71.1,21.3,66,91
2024-W13,2024-03-25,Nyamasheke,Shangi,34,191,0.178,71.1,21.3,66,91
2024-W14,2024-04-01,Nyamasheke,Mahembe,56,298,0.188,88.0,20.8,66,88
2024-W14,2024-04-01,Nyamasheke,Kagano,32,150,0.213,88.0,20.8,66,88
2024-W14,2024-04-01,Nyamasheke,Macuba,39,220,0.177,88.0,20.8,66,88
2024-W14,2024-04-01,Nyamasheke,Kanjongo,37,220,0.168,88.0,20.8,66,88
2024-W14,2024-04-01,Nyamasheke,Kirimbi,45,258,0.174,88.0,20.8,66,88
2024-W14,2024-04-01,Nyamasheke,Gihombo,58,260,0.223,88.0,20.8,66,88
2024-W14,2024-04-01,Nyamasheke,Bushekeri,31,143,0.217,88.0,20.8,66,88
2024-W14,2024-04-01,Nyamasheke,Bushenge,25,121,0.207,88.0,20.8,66,88
2024-W14,2024-04-01,Nyamasheke,Cyato,38,227,0.167,88.0,20.8,66,88
2024-W14,2024-04-01,Nyamasheke,Karambi,24,155,0.155,88.0,20.8,66,88
2024-W14,2024-04-01,Nyamasheke,Karengera,50,326,0.153,88.0,20.8,66,88
2024-W14,2024-04-01,Nyamasheke,Nyabitekeri,27,137,0.197,88.0,20.8,66,88
2024-W14,2024-04-01,Nyamasheke,Rangiro,23,112,0.205,88.0,20.8,66,88
2024-W14,2024-04-01,Nyamasheke,Ruharambuga,23,153,0.15,88.0,20.8,66,88
2024-W14,2024-04-01,Nyamasheke,Shangi,35,211,0.166,88.0,20.8,66,88
2024-W15,2024-04-08,Nyamasheke,Mahembe,45,214,0.21,70.3,20.9,66,92
2024-W15,2024-04-08,Nyamasheke,Kagano,33,173,0.191,70.3,20.9,66,92
2024-W15,2024-04-08,Nyamasheke,Macuba,43,186,0.231,70.3,20.9,66,92
2024-W15,2024-04-08,Nyamasheke,Kanjongo,48,216,0.222,70.3,20.9,66,92
2024-W15,2024-04-08,Nyamasheke,Kirimbi,47,238,0.197,70.3,20.9,66,92
2024-W15,2024-04-08,Nyamasheke,Gihombo,54,254,0.213,70.3,20.9,66,92
2024-W15,2024-04-08,Nyamasheke,Bushekeri,38,213,0.178,70.3,20.9,66,92
2024-W15,2024-04-08,Nyamasheke,Bushenge,26,150,0.173,70.3,20.9,66,92
2024-W15,2024-04-08,Nyamasheke,Cyato,43,177,0.243,70.3,20.9,66,92
2024-W15,2024-04-08,Nyamasheke,Karambi,27,138,0.196,70.3,20.9,66,92
2024-W15,2024-04-08,Nyamasheke,Karengera,62,313,0.198,70.3,20.9,66,92
2024-W15,2024-04-08,Nyamasheke,Nyabitekeri,42,247,0.17,70.3,20.9,66,92
2024-W15,2024-04-08,Nyamasheke,Rangiro,26,145,0.179,70.3,20.9,66,92
2024-W15,2024-04-08,Nyamasheke,Ruharambuga,25,102,0.245,70.3,20.9,66,92
2024-W15,2024-04-08,Nyamasheke,Shangi,44,200,0.22,70.3,20.9,66,92
2024-W16,2024-04-15,Nyamasheke,Mahembe,51,206,0.248,86.5,21.3,66,90
2024-W16,2024-04-15,Nyamasheke,Kagano,40,148,0.27,86.5,21.3,66,90
2024-W16,2024-04-15,Nyamasheke,Macuba,42,177,0.237,86.5,21.3,66,90
2024-W16,2024-04-15,Nyamasheke,Kanjongo,53,244,0.217,86.5,21.3,66,90
2024-W16,2024-04-15,Nyamasheke,Kirimbi,62,268,0.231,86.5,21.3,66,90
2024-W16,2024-04-15,Nyamasheke,Gihombo,63,301,0.209,86.5,21.3,66,90
2024-W16,2024-04-15,Nyamasheke,Bushekeri,35,160,0.219,86.5,21.3,66,90
2024-W16,2024-04-15,Nyamasheke,Bushenge,28,130,0.215,86.5,21.3,66,90
2024-W16,2024-04-15,Nyamasheke,Cyato,50,197,0.254,86.5,21.3,66,90
2024-W16,2024-04-15,Nyamasheke,Karambi,29,116,0.25,86.5,21.3,66,90
2024-W16,2024-04-15,Nyamasheke,Karengera,60,292,0.205,86.5,21.3,66,90
2024-W16,2024-04-15,Nyamasheke,Nyabitekeri,50,206,0.243,86.5,21.3,66,90
2024-W16,2024-04-15,Nyamasheke,Rangiro,25,95,0.263,86.5,21.3,66,90
2024-W16,2024-04-15,Nyamasheke,Ruharambuga,20,76,0.263,86.5,21.3,66,90
2024-W16,2024-04-15,Nyamasheke,Shangi,47,198,0.237,86.5,21.3,66,90
2024-W17,2024-04-22,Nyamasheke,Mahembe,75,307,0.244,79.0,21.9,66,91
2024-W17,2024-04-22,Nyamasheke,Kagano,38,170,0.224,79.0,21.9,66,91
2024-W17,2024-04-22,Nyamasheke,Macuba,46,196,0.235,79.0,21.9,66,91
2024-W17,2024-04-22,Nyamasheke,Kanjongo,52,171,0.304,79.0,21.9,66,91
2024-W17,2024-04-22,Nyamasheke,Kirimbi,62,217,0.286,79.0,21.9,66,91
2024-W17,2024-04-22,Nyamasheke,Gihombo,73,279,0.262,79.0,21.9,66,91
2024-W17,2024-04-22,Nyamasheke,Bushekeri,42,183,0.23,79.0,21.9,66,91
2024-W17,2024-04-22,Nyamasheke,Bushenge,34,135,0.252,79.0,21.9,66,91
2024-W17,2024-04-22,Nyamasheke,Cyato,58,206,0.282,79.0,21.9,66,91
2024-W17,2024-04-22,Nyamasheke,Karambi,34,116,0.293,79.0,21.9,66,91
2024-W17,2024-04-22,Nyamasheke,Karengera,58,241,0.241,79.0,21.9,66,91
2024-W17,2024-04-22,Nyamasheke,Nyabitekeri,55,228,0.241,79.0,21.9,66,91
2024-W17,2024-04-22,Nyamasheke,Rangiro,27,108,0.25,79.0,21.9,66,91
2024-W17,2024-04-22,Nyamasheke,Ruharambuga,29,116,0.25,79.0,21.9,66,91
2024-W17,2024-04-22,Nyamasheke,Shangi,58,197,0.294,79.0,21.9,66,91
2024-W18,2024-04-29,Nyamasheke,Mahembe,81,231,0.351,51.4,22.1,66,91
2024-W18,2024-04-29,Nyamasheke,Kagano,48,146,0.329,51.4,22.1,66,91
2024-W18,2024-04-29,Nyamasheke,Macuba,66,209,0.316,51.4,22.1,66,91
2024-W18,2024-04-29,Nyamasheke,Kanjongo,74,233,0.318,51.4,22.1,66,91
2024-W18,2024-04-29,Nyamasheke,Kirimbi,82,232,0.353,51.4,22.1,66,91
2024-W18,2024-04-29,Nyamasheke,Gihombo,91,295,0.308,51.4,22.1,66,91
2024-W18,2024-04-29,Nyamasheke,Bushekeri,43,129,0.333,51.4,22.1,66,91
2024-W18,2024-04-29,Nyamasheke,Bushenge,42,122,0.344,51.4,22.1,66,91
2024-W18,2024-04-29,Nyamasheke,Cyato,77,231,0.333,51.4,22.1,66,91
2024-W18,2024-04-29,Nyamasheke,Karambi,44,134,0.328,51.4,22.1,66,91
2024-W18,2024-04-29,Nyamasheke,Karengera,95,310,0.306,51.4,22.1,66,91
2024-W18,2024-04-29,Nyamasheke,Nyabitekeri,65,188,0.346,51.4,22.1,66,91
2024-W18,2024-04-29,Nyamasheke,Rangiro,34,109,0.312,51.4,22.1,66,91
2024-W18,2024-04-29,Nyamasheke,Ruharambuga,39,130,0.3,51.4,22.1,66,91
2024-W18,2024-04-29,Nyamasheke,Shangi,68,203,0.335,51.4,22.1,66,91
2024-W19,2024-05-06,Nyamasheke,Mahembe,69,177,0.39,65.8,21.7,66,91
2024-W19,2024-05-06,Nyamasheke,Kagano,53,165,0.321,65.8,21.7,66,91
2024-W19,2024-05-06,Nyamasheke,Macuba,59,171,0.345,65.8,21.7,66,91
2024-W19,2024-05-06,Nyamasheke,Kanjongo,68,192,0.354,65.8,21.7,66,91
2024-W19,2024-05-06,Nyamasheke,Kirimbi,81,243,0.333,65.8,21.7,66,91
2024-W19,2024-05-06,Nyamasheke,Gihombo,100,282,0.355,65.8,21.7,66,91
2024-W19,2024-05-06,Nyamasheke,Bushekeri,53,137,0.387,65.8,21.7,66,91
2024-W19,2024-05-06,Nyamasheke,Bushenge,36,106,0.34,65.8,21.7,66,91
2024-W19,2024-05-06,Nyamasheke,Cyato,90,251,0.359,65.8,21.7,66,91
2024-W19,2024-05-06,Nyamasheke,Karambi,31,90,0.344,65.8,21.7,66,91
2024-W19,2024-05-06,Nyamasheke,Karengera,85,230,0.37,65.8,21.7,66,91
2024-W19,2024-05-06,Nyamasheke,Nyabitekeri,52,162,0.321,65.8,21.7,66,91
2024-W19,2024-05-06,Nyamasheke,Rangiro,36,103,0.35,65.8,21.7,66,91
2024-W19,2024-05-06,Nyamasheke,Ruharambuga,39,105,0.371,65.8,21.7,66,91
2024-W19,2024-05-06,Nyamasheke,Shangi,55,143,0.385,65.8,21.7,66,91
2024-W20,2024-05-13,Nyamasheke,Mahembe,111,277,0.401,35.0,21.3,66,89
2024-W20,2024-05-13,Nyamasheke,Kagano,64,164,0.39,35.0,21.3,66,89
2024-W20,2024-05-13,Nyamasheke,Macuba,75,196,0.383,35.0,21.3,66,89
2024-W20,2024-05-13,Nyamasheke,Kanjongo,81,200,0.405,35.0,21.3,66,89
2024-W20,2024-05-13,Nyamasheke,Kirimbi,114,291,0.392,35.0,21.3,66,89
2024-W20,2024-05-13,Nyamasheke,Gihombo,98,260,0.377,35.0,21.3,66,89
2024-W20,2024-05-13,Nyamasheke,Bushekeri,58,154,0.377,35.0,21.3,66,89
2024-W20,2024-05-13,Nyamasheke,Bushenge,43,127,0.339,35.0,21.3,66,89
2024-W20,2024-05-13,Nyamasheke,Cyato,90,240,0.375,35.0,21.3,66,89
2024-W20,2024-05-13,Nyamasheke,Karambi,47,134,0.351,35.0,21.3,66,89
2024-W20,2024-05-13,Nyamasheke,Karengera,117,292,0.401,35.0,21.3,66,89
2024-W20,2024-05-13,Nyamasheke,Nyabitekeri,72,182,0.396,35.0,21.3,66,89
2024-W20,2024-05-13,Nyamasheke,Rangiro,42,119,0.353,35.0,21.3,66,89
2024-W20,2024-05-13,Nyamasheke,Ruharambuga,56,148,0.378,35.0,21.3,66,89
2024-W20,2024-05-13,Nyamasheke,Shangi,93,253,0.368,35.0,21.3,66,89
2024-W21,2024-05-20,Nyamasheke,Mahembe,120,294,0.408,38.9,21.5,66,90
2024-W21,2024-05-20,Nyamasheke,Kagano,73,168,0.435,38.9,21.5,66,90
2024-W21,2024-05-20,Nyamasheke,Macuba,99,238,0.416,38.9,21.5,66,90
2024-W21,2024-05-20,Nyamasheke,Kanjongo,94,230,0.409,38.9,21.5,66,90
2024-W21,2024-05-20,Nyamasheke,Kirimbi,116,247,0.47,38.9,21.5,66,90
2024-W21,2024-05-20,Nyamasheke,Gihombo,106,268,0.396,38.9,21.5,66,90
2024-W21,2024-05-20,Nyamasheke,Bushekeri,74,168,0.44,38.9,21.5,66,90
2024-W21,2024-05-20,Nyamasheke,Bushenge,55,139,0.396,38.9,21.5,66,90
2024-W21,2024-05-20,Nyamasheke,Cyato,100,254,0.394,38.9,21.5,66,90
2024-W21,2024-05-20,Nyamasheke,Karambi,51,111,0.459,38.9,21.5,66,90
2024-W21,2024-05-20,Nyamasheke,Karengera,98,227,0.432,38.9,21.5,66,90
2024-W21,2024-05-20,Nyamasheke,Nyabitekeri,93,235,0.396,38.9,21.5,66,90
2024-W21,2024-05-20,Nyamasheke,Rangiro,58,132,0.439,38.9,21.5,66,90
2024-W21,2024-05-20,Nyamasheke,Ruharambuga,57,132,0.432,38.9,21.5,66,90
2024-W21,2024-05-20,Nyamasheke,Shangi,75,166,0.452,38.9,21.5,66,90
2024-W22,2024-05-27,Nyamasheke,Mahembe,151,322,0.469,36.3,21.4,66,89
2024-W22,2024-05-27,Nyamasheke,Kagano,85,161,0.528,36.3,21.4,66,89
2024-W22,2024-05-27,Nyamasheke,Macuba,84,180,0.467,36.3,21.4,66,89
2024-W22,2024-05-27,Nyamasheke,Kanjongo,116,220,0.527,36.3,21.4,66,89
2024-W22,2024-05-27,Nyamasheke,Kirimbi,130,249,0.522,36.3,21.4,66,89
2024-W22,2024-05-27,Nyamasheke,Gihombo,128,266,0.481,36.3,21.4,66,89
2024-W22,2024-05-27,Nyamasheke,Bushekeri,72,142,0.507,36.3,21.4,66,89
2024-W22,2024-05-27,Nyamasheke,Bushenge,50,105,0.476,36.3,21.4,66,89
2024-W22,2024-05-27,Nyamasheke,Cyato,136,269,0.506,36.3,21.4,66,89
2024-W22,2024-05-27,Nyamasheke,Karambi,59,115,0.513,36.3,21.4,66,89
2024-W22,2024-05-27,Nyamasheke,Karengera,133,279,0.477,36.3,21.4,66,89
2024-W22,2024-05-27,Nyamasheke,Nyabitekeri,78,152,0.513,36.3,21.4,66,89
2024-W22,2024-05-27,Nyamasheke,Rangiro,57,119,0.479,36.3,21.4,66,89
2024-W22,2024-05-27,Nyamasheke,Ruharambuga,59,126,0.468,36.3,21.4,66,89
2024-W22,2024-05-27,Nyamasheke,Shangi,97,182,0.533,36.3,21.4,66,89
2024-W23,2024-06-03,Nyamasheke,Mahembe,122,248,0.492,38.6,21.7,66,89
2024-W23,2024-06-03,Nyamasheke,Kagano,93,194,0.479,38.6,21.7,66,89
2024-W23,2024-06-03,Nyamasheke,Macuba,106,228,0.465,38.6,21.7,66,89
2024-W23,2024-06-03,Nyamasheke,Kanjongo,127,266,0.477,38.6,21.7,66,89
2024-W23,2024-06-03,Nyamasheke,Kirimbi,135,276,0.489,38.6,21.7,66,89
2024-W23,2024-06-03,Nyamasheke,Gihombo,132,259,0.51,38.6,21.7,66,89
2024-W23,2024-06-03,Nyamasheke,Bushekeri,64,119,0.538,38.6,21.7,66,89
2024-W23,2024-06-03,Nyamasheke,Bushenge,52,96,0.542,38.6,21.7,66,89
2024-W23,2024-06-03,Nyamasheke,Cyato,117,232,0.504,38.6,21.7,66,89
2024-W23,2024-06-03,Nyamasheke,Karambi,71,144,0.493,38.6,21.7,66,89
2024-W23,2024-06-03,Nyamasheke,Karengera,130,254,0.512,38.6,21.7,66,89
2024-W23,2024-06-03,Nyamasheke,Nyabitekeri,84,160,0.525,38.6,21.7,66,89
2024-W23,2024-06-03,Nyamasheke,Rangiro,65,140,0.464,38.6,21.7,66,89
2024-W23,2024-06-03,Nyamasheke,Ruharambuga,54,113,0.478,38.6,21.7,66,89
2024-W23,2024-06-03,Nyamasheke,Shangi,95,178,0.534,38.6,21.7,66,89
2024-W24,2024-06-10,Nyamasheke,Mahembe,144,271,0.531,29.2,20.8,66,92
2024-W24,2024-06-10,Nyamasheke,Kagano,89,170,0.524,29.2,20.8,66,92
2024-W24,2024-06-10,Nyamasheke,Macuba,86,186,0.462,29.2,20.8,66,92
2024-W24,2024-06-10,Nyamasheke,Kanjongo,104,210,0.495,29.2,20.8,66,92
2024-W24,2024-06-10,Nyamasheke,Kirimbi,147,283,0.519,29.2,20.8,66,92
2024-W24,2024-06-10,Nyamasheke,Gihombo,151,295,0.512,29.2,20.8,66,92
2024-W24,2024-06-10,Nyamasheke,Bushekeri,87,177,0.492,29.2,20.8,66,92
2024-W24,2024-06-10,Nyamasheke,Bushenge,56,106,0.528,29.2,20.8,66,92
2024-W24,2024-06-10,Nyamasheke,Cyato,145,285,0.509,29.2,20.8,66,92
2024-W24,2024-06-10,Nyamasheke,Karambi,74,160,0.463,29.2,20.8,66,92
2024-W24,2024-06-10,Nyamasheke,Karengera,144,311,0.463,29.2,20.8,66,92
2024-W24,2024-06-10,Nyamasheke,Nyabitekeri,93,175,0.531,29.2,20.8,66,92
2024-W24,2024-06-10,Nyamasheke,Rangiro,74,158,0.468,29.2,20.8,66,92
2024-W24,2024-06-10,Nyamasheke,Ruharambuga,57,107,0.533,29.2,20.8,66,92
2024-W24,2024-06-10,Nyamasheke,Shangi,104,193,0.539,29.2,20.8,66,92
2024-W25,2024-06-17,Nyamasheke,Mahembe,125,257,0.486,17.7,20.9,66,89
2024-W25,2024-06-17,Nyamasheke,Kagano,87,170,0.512,17.7,20.9,66,89
2024-W25,2024-06-17,Nyamasheke,Macuba,82,169,0.485,17.7,20.9,66,89
2024-W25,2024-06-17,Nyamasheke,Kanjongo,126,274,0.46,17.7,20.9,66,89
2024-W25,2024-06-17,Nyamasheke,Kirimbi,123,260,0.473,17.7,20.9,66,89
2024-W25,2024-06-17,Nyamasheke,Gihombo,131,272,0.482,17.7,20.9,66,89
2024-W25,2024-06-17,Nyamasheke,Bushekeri,70,134,0.522,17.7,20.9,66,89
2024-W25,2024-06-17,Nyamasheke,Bushenge,49,107,0.458,17.7,20.9,66,89
2024-W25,2024-06-17,Nyamasheke,Cyato,112,226,0.496,17.7,20.9,66,89
2024-W25,2024-06-17,Nyamasheke,Karambi,64,135,0.474,17.7,20.9,66,89
2024-W25,2024-06-17,Nyamasheke,Karengera,128,284,0.451,17.7,20.9,66,89
2024-W25,2024-06-17,Nyamasheke,Nyabitekeri,86,172,0.5,17.7,20.9,66,89
2024-W25,2024-06-17,Nyamasheke,Rangiro,57,119,0.479,17.7,20.9,66,89
2024-W25,2024-06-17,Nyamasheke,Ruharambuga,66,136,0.485,17.7,20.9,66,89
2024-W25,2024-06-17,Nyamasheke,Shangi,114,245,0.465,17.7,20.9,66,89
2024-W26,2024-06-24,Nyamasheke,Mahembe,126,244,0.516,13.1,20.6,63,89
2024-W26,2024-06-24,Nyamasheke,Kagano,96,203,0.473,13.1,20.6,63,89
2024-W26,2024-06-24,Nyamasheke,Macuba,96,192,0.5,13.1,20.6,63,89
2024-W26,2024-06-24,Nyamasheke,Kanjongo,98,211,0.464,13.1,20.6,63,89
2024-W26,2024-06-24,Nyamasheke,Kirimbi,139,266,0.523,13.1,20.6,63,89
2024-W26,2024-06-24,Nyamasheke,Gihombo,148,312,0.474,13.1,20.6,63,89
2024-W26,2024-06-24,Nyamasheke,Bushekeri,72,139,0.518,13.1,20.6,63,89
2024-W26,2024-06-24,Nyamasheke,Bushenge,60,116,0.517,13.1,20.6,63,89
2024-W26,2024-06-24,Nyamasheke,Cyato,128,240,0.533,13.1,20.6,63,89
2024-W26,2024-06-24,Nyamasheke,Karambi,70,136,0.515,13.1,20.6,63,89
2024-W26,2024-06-24,Nyamasheke,Karengera,147,278,0.529,13.1,20.6,63,89
2024-W26,2024-06-24,Nyamasheke,Nyabitekeri,100,188,0.532,13.1,20.6,63,89
2024-W26,2024-06-24,Nyamasheke,Rangiro,63,136,0.463,13.1,20.6,63,89
2024-W26,2024-06-24,Nyamasheke,Ruharambuga,65,131,0.496,13.1,20.6,63,89
2024-W26,2024-06-24,Nyamasheke,Shangi,108,216,0.5,13.1,20.6,63,89
2024-W27,2024-07-01,Nyamasheke,Mahembe,137,317,0.432,12.6,20.5,63,89
2024-W27,2024-07-01,Nyamasheke,Kagano,72,159,0.453,12.6,20.5,63,89
2024-W27,2024-07-01,Nyamasheke,Macuba,80,190,0.421,12.6,20.5,63,89
2024-W27,2024-07-01,Nyamasheke,Kanjongo,114,272,0.419,12.6,20.5,63,89
2024-W27,2024-07-01,Nyamasheke,Kirimbi,127,269,0.472,12.6,20.5,63,89
2024-W27,2024-07-01,Nyamasheke,Gihombo,142,300,0.473,12.6,20.5,63,89
2024-W27,2024-07-01,Nyamasheke,Bushekeri,72,159,0.453,12.6,20.5,63,89
2024-W27,2024-07-01,Nyamasheke,Bushenge,59,140,0.421,12.6,20.5,63,89
2024-W27,2024-07-01,Nyamasheke,Cyato,113,283,0.399,12.6,20.5,63,89
2024-W27,2024-07-01,Nyamasheke,Karambi,58,131,0.443,12.6,20.5,63,89
2024-W27,2024-07-01,Nyamasheke,Karengera,118,251,0.47,12.6,20.5,63,89
2024-W27,2024-07-01,Nyamasheke,Nyabitekeri,86,181,0.475,12.6,20.5,63,89
2024-W27,2024-07-01,Nyamasheke,Rangiro,59,141,0.418,12.6,20.5,63,89
2024-W27,2024-07-01,Nyamasheke,Ruharambuga,51,124,0.411,12.6,20.5,63,89
2024-W27,2024-07-01,Nyamasheke,Shangi,96,216,0.444,12.6,20.5,63,89
2024-W28,2024-07-08,Nyamasheke,Mahembe,119,341,0.349,14.8,20.4,63,88
2024-W28,2024-07-08,Nyamasheke,Kagano,70,170,0.412,14.8,20.4,63,88
2024-W28,2024-07-08,Nyamasheke,Macuba,85,211,0.403,14.8,20.4,63,88
2024-W28,2024-07-08,Nyamasheke,Kanjongo,77,189,0.407,14.8,20.4,63,88
2024-W28,2024-07-08,Nyamasheke,Kirimbi,112,266,0.421,14.8,20.4,63,88
2024-W28,2024-07-08,Nyamasheke,Gihombo,143,340,0.421,14.8,20.4,63,88
2024-W28,2024-07-08,Nyamasheke,Bushekeri,61,158,0.386,14.8,20.4,63,88
2024-W28,2024-07-08,Nyamasheke,Bushenge,46,119,0.387,14.8,20.4,63,88
2024-W28,2024-07-08,Nyamasheke,Cyato,119,294,0.405,14.8,20.4,63,88
2024-W28,2024-07-08,Nyamasheke,Karambi,54,143,0.378,14.8,20.4,63,88
2024-W28,2024-07-08,Nyamasheke,Karengera,87,215,0.405,14.8,20.4,63,88
2024-W28,2024-07-08,Nyamasheke,Nyabitekeri,81,201,0.403,14.8,20.4,63,88
2024-W28,2024-07-08,Nyamasheke,Rangiro,49,129,0.38,14.8,20.4,63,88
2024-W28,2024-07-08,Nyamasheke,Ruharambuga,58,146,0.397,14.8,20.4,63,88
2024-W28,2024-07-08,Nyamasheke,Shangi,85,216,0.394,14.8,20.4,63,88
2024-W29,2024-07-15,Nyamasheke,Mahembe,108,326,0.331,16.0,20.2,63,90
2024-W29,2024-07-15,Nyamasheke,Kagano,63,194,0.325,16.0,20.2,63,90
2024-W29,2024-07-15,Nyamasheke,Macuba,66,226,0.292,16.0,20.2,63,90
2024-W29,2024-07-15,Nyamasheke,Kanjongo,83,267,0.311,16.0,20.2,63,90
2024-W29,2024-07-15,Nyamasheke,Kirimbi,102,290,0.352,16.0,20.2,63,90
2024-W29,2024-07-15,Nyamasheke,Gihombo,106,333,0.318,16.0,20.2,63,90
2024-W29,2024-07-15,Nyamasheke,Bushekeri,67,232,0.289,16.0,20.2,63,90
2024-W29,2024-07-15,Nyamasheke,Bushenge,47,132,0.356,16.0,20.2,63,90
2024-W29,2024-07-15,Nyamasheke,Cyato,93,312,0.298,16.0,20.2,63,90
2024-W29,2024-07-15,Nyamasheke,Karambi,52,177,0.294,16.0,20.2,63,90
2024-W29,2024-07-15,Nyamasheke,Karengera,115,387,0.297,16.0,20.2,63,90
2024-W29,2024-07-15,Nyamasheke,Nyabitekeri,79,241,0.328,16.0,20.2,63,90
2024-W29,2024-07-15,Nyamasheke,Rangiro,44,140,0.314,16.0,20.2,63,90
2024-W29,2024-07-15,Nyamasheke,Ruharambuga,53,170,0.312,16.0,20.2,63,90
2024-W29,2024-07-15,Nyamasheke,Shangi,86,288,0.299,16.0,20.2,63,90
2024-W30,2024-07-22,Nyamasheke,Mahembe,80,248,0.323,15.8,20.5,63,88
2024-W30,2024-07-22,Nyamasheke,Kagano,57,189,0.302,15.8,20.5,63,88
2024-W30,2024-07-22,Nyamasheke,Macuba,67,234,0.286,15.8,20.5,63,88
2024-W30,2024-07-22,Nyamasheke,Kanjongo,81,264,0.307,15.8,20.5,63,88
2024-W30,2024-07-22,Nyamasheke,Kirimbi,95,337,0.282,15.8,20.5,63,88
2024-W30,2024-07-22,Nyamasheke,Gihombo,81,256,0.316,15.8,20.5,63,88
2024-W30,2024-07-22,Nyamasheke,Bushekeri,64,204,0.314,15.8,20.5,63,88
2024-W30,2024-07-22,Nyamasheke,Bushenge,45,152,0.296,15.8,20.5,63,88
2024-W30,2024-07-22,Nyamasheke,Cyato,86,262,0.328,15.8,20.5,63,88
2024-W30,2024-07-22,Nyamasheke,Karambi,40,132,0.303,15.8,20.5,63,88
2024-W30,2024-07-22,Nyamasheke,Karengera,98,318,0.308,15.8,20.5,63,88
2024-W30,2024-07-22,Nyamasheke,Nyabitekeri,61,205,0.298,15.8,20.5,63,88
2024-W30,2024-07-22,Nyamasheke,Rangiro,41,120,0.342,15.8,20.5,63,88
2024-W30,2024-07-22,Nyamasheke,Ruharambuga,39,130,0.3,15.8,20.5,63,88
2024-W30,2024-07-22,Nyamasheke,Shangi,63,219,0.288,15.8,20.5,63,88
2024-W31,2024-07-29,Nyamasheke,Mahembe,74,281,0.263,14.2,20.4,63,90
2024-W31,2024-07-29,Nyamasheke,Kagano,43,155,0.277,14.2,20.4,63,90
2024-W31,2024-07-29,Nyamasheke,Macuba,55,191,0.288,14.2,20.4,63,90
2024-W31,2024-07-29,Nyamasheke,Kanjongo,64,242,0.264,14.2,20.4,63,90
2024-W31,2024-07-29,Nyamasheke,Kirimbi,85,292,0.291,14.2,20.4,63,90
2024-W31,2024-07-29,Nyamasheke,Gihombo,69,207,0.333,14.2,20.4,63,90
2024-W31,2024-07-29,Nyamasheke,Bushekeri,46,150,0.307,14.2,20.4,63,90
2024-W31,2024-07-29,Nyamasheke,Bushenge,39,128,0.305,14.2,20.4,63,90
2024-W31,2024-07-29,Nyamasheke,Cyato,75,256,0.293,14.2,20.4,63,90
2024-W31,2024-07-29,Nyamasheke,Karambi,33,116,0.284,14.2,20.4,63,90
2024-W31,2024-07-29,Nyamasheke,Karengera,72,262,0.275,14.2,20.4,63,90
2024-W31,2024-07-29,Nyamasheke,Nyabitekeri,57,190,0.3,14.2,20.4,63,90
2024-W31,2024-07-29,Nyamasheke,Rangiro,38,146,0.26,14.2,20.4,63,90
2024-W31,2024-07-29,Nyamasheke,Ruharambuga,36,114,0.316,14.2,20.4,63,90
2024-W31,2024-07-29,Nyamasheke,Shangi,60,213,0.282,14.2,20.4,63,90
2024-W32,2024-08-05,Nyamasheke,Mahembe,68,253,0.269,17.9,20.6,63,88
2024-W32,2024-08-05,Nyamasheke,Kagano,45,169,0.266,17.9,20.6,63,88
2024-W32,2024-08-05,Nyamasheke,Macuba,54,216,0.25,17.9,20.6,63,88
2024-W32,2024-08-05,Nyamasheke,Kanjongo,58,216,0.269,17.9,20.6,63,88
2024-W32,2024-08-05,Nyamasheke,Kirimbi,67,280,0.239,17.9,20.6,63,88
2024-W32,2024-08-05,Nyamasheke,Gihombo,76,281,0.27,17.9,20.6,63,88
2024-W32,2024-08-05,Nyamasheke,Bushekeri,46,222,0.207,17.9,20.6,63,88
2024-W32,2024-08-05,Nyamasheke,Bushenge,32,126,0.254,17.9,20.6,63,88
2024-W32,2024-08-05,Nyamasheke,Cyato,73,302,0.242,17.9,20.6,63,88
2024-W32,2024-08-05,Nyamasheke,Karambi,30,121,0.248,17.9,20.6,63,88
2024-W32,2024-08-05,Nyamasheke,Karengera,67,237,0.283,17.9,20.6,63,88
2024-W32,2024-08-05,Nyamasheke,Nyabitekeri,46,212,0.217,17.9,20.6,63,88
2024-W32,2024-08-05,Nyamasheke,Rangiro,31,136,0.228,17.9,20.6,63,88
2024-W32,2024-08-05,Nyamasheke,Ruharambuga,35,124,0.282,17.9,20.6,63,88
2024-W32,2024-08-05,Nyamasheke,Shangi,57,261,0.218,17.9,20.6,63,88
2024-W33,2024-08-12,Nyamasheke,Mahembe,72,381,0.189,19.8,19.9,63,90
2024-W33,2024-08-12,Nyamasheke,Kagano,44,250,0.176,19.8,19.9,63,90
2024-W33,2024-08-12,Nyamasheke,Macuba,45,193,0.233,19.8,19.9,63,90
2024-W33,2024-08-12,Nyamasheke,Kanjongo,51,251,0.203,19.8,19.9,63,90
2024-W33,2024-08-12,Nyamasheke,Kirimbi,57,235,0.243,19.8,19.9,63,90
2024-W33,2024-08-12,Nyamasheke,Gihombo,60,296,0.203,19.8,19.9,63,90
2024-W33,2024-08-12,Nyamasheke,Bushekeri,36,165,0.218,19.8,19.9,63,90
2024-W33,2024-08-12,Nyamasheke,Bushenge,30,160,0.188,19.8,19.9,63,90
2024-W33,2024-08-12,Nyamasheke,Cyato,56,258,0.217,19.8,19.9,63,90
2024-W33,2024-08-12,Nyamasheke,Karambi,29,127,0.228,19.8,19.9,63,90
2024-W33,2024-08-12,Nyamasheke,Karengera,74,325,0.228,19.8,19.9,63,90
2024-W33,2024-08-12,Nyamasheke,Nyabitekeri,54,224,0.241,19.8,19.9,63,90
2024-W33,2024-08-12,Nyamasheke,Rangiro,29,135,0.215,19.8,19.9,63,90
2024-W33,2024-08-12,Nyamasheke,Ruharambuga,30,155,0.194,19.8,19.9,63,90
2024-W33,2024-08-12,Nyamasheke,Shangi,42,181,0.232,19.8,19.9,63,90
2024-W34,2024-08-19,Nyamasheke,Mahembe,66,313,0.211,34.8,19.8,63,89
2024-W34,2024-08-19,Nyamasheke,Kagano,42,198,0.212,34.8,19.8,63,89
2024-W34,2024-08-19,Nyamasheke,Macuba,47,272,0.173,34.8,19.8,63,89
2024-W34,2024-08-19,Nyamasheke,Kanjongo,56,276,0.203,34.8,19.8,63,89
2024-W34,2024-08-19,Nyamasheke,Kirimbi,71,438,0.162,34.8,19.8,63,89
2024-W34,2024-08-19,Nyamasheke,Gihombo,55,303,0.182,34.8,19.8,63,89
2024-W34,2024-08-19,Nyamasheke,Bushekeri,39,217,0.18,34.8,19.8,63,89
2024-W34,2024-08-19,Nyamasheke,Bushenge,30,180,0.167,34.8,19.8,63,89
2024-W34,2024-08-19,Nyamasheke,Cyato,60,400,0.15,34.8,19.8,63,89
2024-W34,2024-08-19,Nyamasheke,Karambi,27,168,0.161,34.8,19.8,63,89
2024-W34,2024-08-19,Nyamasheke,Karengera,56,326,0.172,34.8,19.8,63,89
2024-W34,2024-08-19,Nyamasheke,Nyabitekeri,52,248,0.21,34.8,19.8,63,89
2024-W34,2024-08-19,Nyamasheke,Rangiro,35,185,0.189,34.8,19.8,63,89
2024-W34,2024-08-19,Nyamasheke,Ruharambuga,33,162,0.204,34.8,19.8,63,89
2024-W34,2024-08-19,Nyamasheke,Shangi,49,296,0.166,34.8,19.8,63,89
2024-W35,2024-08-26,Nyamasheke,Mahembe,64,359,0.178,43.2,19.5,63,91
2024-W35,2024-08-26,Nyamasheke,Kagano,38,200,0.19,43.2,19.5,63,91
2024-W35,2024-08-26,Nyamasheke,Macuba,42,264,0.159,43.2,19.5,63,91
2024-W35,2024-08-26,Nyamasheke,Kanjongo,35,238,0.147,43.2,19.5,63,91
2024-W35,2024-08-26,Nyamasheke,Kirimbi,57,384,0.148,43.2,19.5,63,91
2024-W35,2024-08-26,Nyamasheke,Gihombo,58,382,0.152,43.2,19.5,63,91
2024-W35,2024-08-26,Nyamasheke,Bushekeri,32,195,0.164,43.2,19.5,63,91
2024-W35,2024-08-26,Nyamasheke,Bushenge,24,166,0.145,43.2,19.5,63,91
2024-W35,2024-08-26,Nyamasheke,Cyato,62,417,0.149,43.2,19.5,63,91
2024-W35,2024-08-26,Nyamasheke,Karambi,25,155,0.161,43.2,19.5,63,91
2024-W35,2024-08-26,Nyamasheke,Karengera,62,328,0.189,43.2,19.5,63,91
2024-W35,2024-08-26,Nyamasheke,Nyabitekeri,45,226,0.199,43.2,19.5,63,91
2024-W35,2024-08-26,Nyamasheke,Rangiro,29,144,0.201,43.2,19.5,63,91
2024-W35,2024-08-26,Nyamasheke,Ruharambuga,23,130,0.177,43.2,19.5,63,91
2024-W35,2024-08-26,Nyamasheke,Shangi,45,283,0.159,43.2,19.5,63,91
2024-W36,2024-09-02,Nyamasheke,Mahembe,60,333,0.18,36.5,19.8,63,91
2024-W36,2024-09-02,Nyamasheke,Kagano,39,269,0.145,36.5,19.8,63,91
2024-W36,2024-09-02,Nyamasheke,Macuba,43,254,0.169,36.5,19.8,63,91
2024-W36,2024-09-02,Nyamasheke,Kanjongo,48,219,0.219,36.5,19.8,63,91
2024-W36,2024-09-02,Nyamasheke,Kirimbi,50,305,0.164,36.5,19.8,63,91
2024-W36,2024-09-02,Nyamasheke,Gihombo,58,348,0.167,36.5,19.8,63,91
2024-W36,2024-09-02,Nyamasheke,Bushekeri,35,174,0.201,36.5,19.8,63,91
2024-W36,2024-09-02,Nyamasheke,Bushenge,29,136,0.213,36.5,19.8,63,91
2024-W36,2024-09-02,Nyamasheke,Cyato,48,230,0.209,36.5,19.8,63,91
2024-W36,2024-09-02,Nyamasheke,Karambi,27,143,0.189,36.5,19.8,63,91
2024-W36,2024-09-02,Nyamasheke,Karengera,52,322,0.161,36.5,19.8,63,91
2024-W36,2024-09-02,Nyamasheke,Nyabitekeri,40,179,0.223,36.5,19.8,63,91
2024-W36,2024-09-02,Nyamasheke,Rangiro,30,136,0.221,36.5,19.8,63,91
2024-W36,2024-09-02,Nyamasheke,Ruharambuga,27,131,0.206,36.5,19.8,63,91
2024-W36,2024-09-02,Nyamasheke,Shangi,44,263,0.167,36.5,19.8,63,91
2024-W37,2024-09-09,Nyamasheke,Mahembe,56,367,0.153,62.1,19.3,63,89
2024-W37,2024-09-09,Nyamasheke,Kagano,36,279,0.129,62.1,19.3,63,89
2024-W37,2024-09-09,Nyamasheke,Macuba,32,166,0.193,62.1,19.3,63,89
2024-W37,2024-09-09,Nyamasheke,Kanjongo,46,294,0.156,62.1,19.3,63,89
2024-W37,2024-09-09,Nyamasheke,Kirimbi,60,352,0.17,62.1,19.3,63,89
2024-W37,2024-09-09,Nyamasheke,Gihombo,50,272,0.184,62.1,19.3,63,89
2024-W37,2024-09-09,Nyamasheke,Bushekeri,32,209,0.153,62.1,19.3,63,89
2024-W37,2024-09-09,Nyamasheke,Bushenge,27,140,0.193,62.1,19.3,63,89
2024-W37,2024-09-09,Nyamasheke,Cyato,57,310,0.184,62.1,19.3,63,89
2024-W37,2024-09-09,Nyamasheke,Karambi,27,138,0.196,62.1,19.3,63,89
2024-W37,2024-09-09,Nyamasheke,Karengera,56,301,0.186,62.1,19.3,63,89
2024-W37,2024-09-09,Nyamasheke,Nyabitekeri,38,255,0.149,62.1,19.3,63,89
2024-W37,2024-09-09,Nyamasheke,Rangiro,30,198,0.152,62.1,19.3,63,89
2024-W37,2024-09-09,Nyamasheke,Ruharambuga,23,163,0.141,62.1,19.3,63,89
2024-W37,2024-09-09,Nyamasheke,Shangi,45,335,0.134,62.1,19.3,63,89
2024-W38,2024-09-16,Nyamasheke,Mahembe,47,243,0.193,61.8,18.7,63,90
2024-W38,2024-09-16,Nyamasheke,Kagano,36,163,0.221,61.8,18.7,63,90
2024-W38,2024-09-16,Nyamasheke,Macuba,31,195,0.159,61.8,18.7,63,90
2024-W38,2024-09-16,Nyamasheke,Kanjongo,38,193,0.197,61.8,18.7,63,90
2024-W38,2024-09-16,Nyamasheke,Kirimbi,45,283,0.159,61.8,18.7,63,90
2024-W38,2024-09-16,Nyamasheke,Gihombo,49,310,0.158,61.8,18.7,63,90
2024-W38,2024-09-16,Nyamasheke,Bushekeri,33,230,0.143,61.8,18.7,63,90
2024-W38,2024-09-16,Nyamasheke,Bushenge,22,134,0.164,61.8,18.7,63,90
2024-W38,2024-09-16,Nyamasheke,Cyato,53,346,0.153,61.8,18.7,63,90
2024-W38,2024-09-16,Nyamasheke,Karambi,25,140,0.179,61.8,18.7,63,90
2024-W38,2024-09-16,Nyamasheke,Karengera,40,218,0.183,61.8,18.7,63,90
2024-W38,2024-09-16,Nyamasheke,Nyabitekeri,30,194,0.155,61.8,18.7,63,90
2024-W38,2024-09-16,Nyamasheke,Rangiro,22,106,0.208,61.8,18.7,63,90
2024-W38,2024-09-16,Nyamasheke,Ruharambuga,25,142,0.176,61.8,18.7,63,90
2024-W38,2024-09-16,Nyamasheke,Shangi,35,235,0.149,61.8,18.7,63,90
2024-W39,2024-09-23,Nyamasheke,Mahembe,57,480,0.119,56.4,18.8,63,88
2024-W39,2024-09-23,Nyamasheke,Kagano,42,345,0.122,56.4,18.8,63,88
2024-W39,2024-09-23,Nyamasheke,Macuba,50,351,0.142,56.4,18.8,63,88
2024-W39,2024-09-23,Nyamasheke,Kanjongo,51,324,0.157,56.4,18.8,63,88
2024-W39,2024-09-23,Nyamasheke,Kirimbi,52,319,0.163,56.4,18.8,63,88
2024-W39,2024-09-23,Nyamasheke,Gihombo,57,417,0.137,56.4,18.8,63,88
2024-W39,2024-09-23,Nyamasheke,Bushekeri,38,350,0.109,56.4,18.8,63,88
2024-W39,2024-09-23,Nyamasheke,Bushenge,30,194,0.155,56.4,18.8,63,88
2024-W39,2024-09-23,Nyamasheke,Cyato,50,491,0.102,56.4,18.8,63,88
2024-W39,2024-09-23,Nyamasheke,Karambi,25,240,0.104,56.4,18.8,63,88
2024-W39,2024-09-23,Nyamasheke,Karengera,70,688,0.102,56.4,18.8,63,88
2024-W39,2024-09-23,Nyamasheke,Nyabitekeri,33,245,0.135,56.4,18.8,63,88
2024-W39,2024-09-23,Nyamasheke,Rangiro,28,199,0.141,56.4,18.8,63,88
2024-W39,2024-09-23,Nyamasheke,Ruharambuga,26,177,0.147,56.4,18.8,63,88
2024-W39,2024-09-23,Nyamasheke,Shangi,43,269,0.16,56.4,18.8,63,88
2024-W40,2024-09-30,Nyamasheke,Mahembe,49,244,0.201,79.3,18.7,63,92
2024-W40,2024-09-30,Nyamasheke,Kagano,36,179,0.201,79.3,18.7,63,92
2024-W40,2024-09-30,Nyamasheke,Macuba,43,199,0.216,79.3,18.7,63,92
2024-W40,2024-09-30,Nyamasheke,Kanjongo,39,250,0.156,79.3,18.7,63,92
2024-W40,2024-09-30,Nyamasheke,Kirimbi,58,315,0.184,79.3,18.7,63,92
2024-W40,2024-09-30,Nyamasheke,Gihombo,51,238,0.214,79.3,18.7,63,92
2024-W40,2024-09-30,Nyamasheke,Bushekeri,31,167,0.186,79.3,18.7,63,92
2024-W40,2024-09-30,Nyamasheke,Bushenge,25,134,0.187,79.3,18.7,63,92
2024-W40,2024-09-30,Nyamasheke,Cyato,41,213,0.192,79.3,18.7,63,92
2024-W40,2024-09-30,Nyamasheke,Karambi,23,146,0.158,79.3,18.7,63,92
2024-W40,2024-09-30,Nyamasheke,Karengera,51,235,0.217,79.3,18.7,63,92
2024-W40,2024-09-30,Nyamasheke,Nyabitekeri,38,210,0.181,79.3,18.7,63,92
2024-W40,2024-09-30,Nyamasheke,Rangiro,22,131,0.168,79.3,18.7,63,92
2024-W40,2024-09-30,Nyamasheke,Ruharambuga,24,121,0.198,79.3,18.7,63,92
2024-W40,2024-09-30,Nyamasheke,Shangi,42,180,0.233,79.3,18.7,63,92
2024-W41,2024-10-07,Nyamasheke,Mahembe,60,271,0.221,70.8,19.2,66,90
2024-W41,2024-10-07,Nyamasheke,Kagano,41,183,0.224,70.8,19.2,66,90
2024-W41,2024-10-07,Nyamasheke,Macuba,45,203,0.222,70.8,19.2,66,90
2024-W41,2024-10-07,Nyamasheke,Kanjongo,50,247,0.202,70.8,19.2,66,90
2024-W41,2024-10-07,Nyamasheke,Kirimbi,67,351,0.191,70.8,19.2,66,90
2024-W41,2024-10-07,Nyamasheke,Gihombo,60,309,0.194,70.8,19.2,66,90
2024-W41,2024-10-07,Nyamasheke,Bushekeri,42,222,0.189,70.8,19.2,66,90
2024-W41,2024-10-07,Nyamasheke,Bushenge,27,170,0.159,70.8,19.2,66,90
2024-W41,2024-10-07,Nyamasheke,Cyato,64,411,0.156,70.8,19.2,66,90
2024-W41,2024-10-07,Nyamasheke,Karambi,37,244,0.152,70.8,19.2,66,90
2024-W41,2024-10-07,Nyamasheke,Karengera,65,372,0.175,70.8,19.2,66,90
2024-W41,2024-10-07,Nyamasheke,Nyabitekeri,50,269,0.186,70.8,19.2,66,90
2024-W41,2024-10-07,Nyamasheke,Rangiro,31,159,0.195,70.8,19.2,66,90
2024-W41,2024-10-07,Nyamasheke,Ruharambuga,24,117,0.205,70.8,19.2,66,90
2024-W41,2024-10-07,Nyamasheke,Shangi,51,243,0.21,70.8,19.2,66,90
2024-W42,2024-10-14,Nyamasheke,Mahembe,73,390,0.187,62.2,18.3,66,90
2024-W42,2024-10-14,Nyamasheke,Kagano,41,255,0.161,62.2,18.3,66,90
2024-W42,2024-10-14,Nyamasheke,Macuba,35,178,0.197,62.2,18.3,66,90
2024-W42,2024-10-14,Nyamasheke,Kanjongo,57,320,0.178,62.2,18.3,66,90
2024-W42,2024-10-14,Nyamasheke,Kirimbi,47,259,0.181,62.2,18.3,66,90
2024-W42,2024-10-14,Nyamasheke,Gihombo,58,257,0.226,62.2,18.3,66,90
2024-W42,2024-10-14,Nyamasheke,Bushekeri,36,218,0.165,62.2,18.3,66,90
2024-W42,2024-10-14,Nyamasheke,Bushenge,33,153,0.216,62.2,18.3,66,90
2024-W42,2024-10-14,Nyamasheke,Cyato,50,288,0.174,62.2,18.3,66,90
2024-W42,2024-10-14,Nyamasheke,Karambi,31,144,0.215,62.2,18.3,66,90
2024-W42,2024-10-14,Nyamasheke,Karengera,56,328,0.171,62.2,18.3,66,90
2024-W42,2024-10-14,Nyamasheke,Nyabitekeri,40,249,0.161,62.2,18.3,66,90
2024-W42,2024-10-14,Nyamasheke,Rangiro,27,169,0.16,62.2,18.3,66,90
2024-W42,2024-10-14,Nyamasheke,Ruharambuga,22,102,0.216,62.2,18.3,66,90
2024-W42,2024-10-14,Nyamasheke,Shangi,41,264,0.155,62.2,18.3,66,90
2024-W43,2024-10-21,Nyamasheke,Mahembe,74,316,0.234,56.5,17.9,66,90
2024-W43,2024-10-21,Nyamasheke,Kagano,44,224,0.196,56.5,17.9,66,90
2024-W43,2024-10-21,Nyamasheke,Macuba,59,314,0.188,56.5,17.9,66,90
2024-W43,2024-10-21,Nyamasheke,Kanjongo,57,243,0.235,56.5,17.9,66,90
2024-W43,2024-10-21,Nyamasheke,Kirimbi,81,389,0.208,56.5,17.9,66,90
2024-W43,2024-10-21,Nyamasheke,Gihombo,67,254,0.264,56.5,17.9,66,90
2024-W43,2024-10-21,Nyamasheke,Bushekeri,42,176,0.239,56.5,17.9,66,90
2024-W43,2024-10-21,Nyamasheke,Bushenge,46,180,0.256,56.5,17.9,66,90
2024-W43,2024-10-21,Nyamasheke,Cyato,67,344,0.195,56.5,17.9,66,90
2024-W43,2024-10-21,Nyamasheke,Karambi,38,163,0.233,56.5,17.9,66,90
2024-W43,2024-10-21,Nyamasheke,Karengera,72,291,0.247,56.5,17.9,66,90
2024-W43,2024-10-21,Nyamasheke,Nyabitekeri,54,226,0.239,56.5,17.9,66,90
2024-W43,2024-10-21,Nyamasheke,Rangiro,36,192,0.188,56.5,17.9,66,90
2024-W43,2024-10-21,Nyamasheke,Ruharambuga,31,143,0.217,56.5,17.9,66,90
2024-W43,2024-10-21,Nyamasheke,Shangi,62,306,0.203,56.5,17.9,66,90
2024-W44,2024-10-28,Nyamasheke,Mahembe,68,214,0.318,51.8,18.8,66,88
2024-W44,2024-10-28,Nyamasheke,Kagano,66,275,0.24,51.8,18.8,66,88
2024-W44,2024-10-28,Nyamasheke,Macuba,57,217,0.263,51.8,18.8,66,88
2024-W44,2024-10-28,Nyamasheke,Kanjongo,62,223,0.278,51.8,18.8,66,88
2024-W44,2024-10-28,Nyamasheke,Kirimbi,85,280,0.304,51.8,18.8,66,88
2024-W44,2024-10-28,Nyamasheke,Gihombo,79,260,0.304,51.8,18.8,66,88
2024-W44,2024-10-28,Nyamasheke,Bushekeri,54,210,0.257,51.8,18.8,66,88
2024-W44,2024-10-28,Nyamasheke,Bushenge,34,131,0.26,51.8,18.8,66,88
2024-W44,2024-10-28,Nyamasheke,Cyato,75,269,0.279,51.8,18.8,66,88
2024-W44,2024-10-28,Nyamasheke,Karambi,36,122,0.295,51.8,18.8,66,88
2024-W44,2024-10-28,Nyamasheke,Karengera,79,292,0.271,51.8,18.8,66,88
2024-W44,2024-10-28,Nyamasheke,Nyabitekeri,60,237,0.253,51.8,18.8,66,88
2024-W44,2024-10-28,Nyamasheke,Rangiro,37,143,0.259,51.8,18.8,66,88
2024-W44,2024-10-28,Nyamasheke,Ruharambuga,48,192,0.25,51.8,18.8,66,88
2024-W44,2024-10-28,Nyamasheke,Shangi,61,205,0.298,51.8,18.8,66,88
2024-W45,2024-11-04,Nyamasheke,Mahembe,102,308,0.331,38.1,19.0,66,88
2024-W45,2024-11-04,Nyamasheke,Kagano,67,208,0.322,38.1,19.0,66,88
2024-W45,2024-11-04,Nyamasheke,Macuba,72,218,0.33,38.1,19.0,66,88
2024-W45,2024-11-04,Nyamasheke,Kanjongo,84,237,0.354,38.1,19.0,66,88
2024-W45,2024-11-04,Nyamasheke,Kirimbi,93,289,0.322,38.1,19.0,66,88
2024-W45,2024-11-04,Nyamasheke,Gihombo,113,326,0.347,38.1,19.0,66,88
2024-W45,2024-11-04,Nyamasheke,Bushekeri,65,185,0.351,38.1,19.0,66,88
2024-W45,2024-11-04,Nyamasheke,Bushenge,49,157,0.312,38.1,19.0,66,88
2024-W45,2024-11-04,Nyamasheke,Cyato,103,321,0.321,38.1,19.0,66,88
2024-W45,2024-11-04,Nyamasheke,Karambi,42,125,0.336,38.1,19.0,66,88
2024-W45,2024-11-04,Nyamasheke,Karengera,96,294,0.327,38.1,19.0,66,88
2024-W45,2024-11-04,Nyamasheke,Nyabitekeri,69,193,0.358,38.1,19.0,66,88
2024-W45,2024-11-04,Nyamasheke,Rangiro,45,131,0.344,38.1,19.0,66,88
2024-W45,2024-11-04,Nyamasheke,Ruharambuga,52,169,0.308,38.1,19.0,66,88
2024-W45,2024-11-04,Nyamasheke,Shangi,92,259,0.355,38.1,19.0,66,88
2024-W46,2024-11-11,Nyamasheke,Mahembe,136,359,0.379,44.2,18.1,66,92
2024-W46,2024-11-11,Nyamasheke,Kagano,74,193,0.383,44.2,18.1,66,92
2024-W46,2024-11-11,Nyamasheke,Macuba,86,239,0.36,44.2,18.1,66,92
2024-W46,2024-11-11,Nyamasheke,Kanjongo,95,264,0.36,44.2,18.1,66,92
2024-W46,2024-11-11,Nyamasheke,Kirimbi,130,341,0.381,44.2,18.1,66,92
2024-W46,2024-11-11,Nyamasheke,Gihombo,144,392,0.367,44.2,18.1,66,92
2024-W46,2024-11-11,Nyamasheke,Bushekeri,70,168,0.417,44.2,18.1,66,92
2024-W46,2024-11-11,Nyamasheke,Bushenge,53,137,0.387,44.2,18.1,66,92
2024-W46,2024-11-11,Nyamasheke,Cyato,105,267,0.393,44.2,18.1,66,92
2024-W46,2024-11-11,Nyamasheke,Karambi,62,149,0.416,44.2,18.1,66,92
2024-W46,2024-11-11,Nyamasheke,Karengera,126,344,0.366,44.2,18.1,66,92
2024-W46,2024-11-11,Nyamasheke,Nyabitekeri,86,213,0.404,44.2,18.1,66,92
2024-W46,2024-11-11,Nyamasheke,Rangiro,64,156,0.41,44.2,18.1,66,92
2024-W46,2024-11-11,Nyamasheke,Ruharambuga,57,147,0.388,44.2,18.1,66,92
2024-W46,2024-11-11,Nyamasheke,Shangi,90,239,0.377,44.2,18.1,66,92
2024-W47,2024-11-18,Nyamasheke,Mahembe,132,338,0.391,35.2,18.3,66,92
2024-W47,2024-11-18,Nyamasheke,Kagano,98,212,0.462,35.2,18.3,66,92
2024-W47,2024-11-18,Nyamasheke,Macuba,99,240,0.412,35.2,18.3,66,92
2024-W47,2024-11-18,Nyamasheke,Kanjongo,116,261,0.444,35.2,18.3,66,92
2024-W47,2024-11-18,Nyamasheke,Kirimbi,162,406,0.399,35.2,18.3,66,92
2024-W47,2024-11-18,Nyamasheke,Gihombo,141,319,0.442,35.2,18.3,66,92
2024-W47,2024-11-18,Nyamasheke,Bushekeri,92,216,0.426,35.2,18.3,66,92
2024-W47,2024-11-18,Nyamasheke,Bushenge,70,156,0.449,35.2,18.3,66,92
2024-W47,2024-11-18,Nyamasheke,Cyato,133,332,0.401,35.2,18.3,66,92
2024-W47,2024-11-18,Nyamasheke,Karambi,69,165,0.418,35.2,18.3,66,92
2024-W47,2024-11-18,Nyamasheke,Karengera,154,382,0.403,35.2,18.3,66,92
2024-W47,2024-11-18,Nyamasheke,Nyabitekeri,107,264,0.405,35.2,18.3,66,92
2024-W47,2024-11-18,Nyamasheke,Rangiro,65,162,0.401,35.2,18.3,66,92
2024-W47,2024-11-18,Nyamasheke,Ruharambuga,71,161,0.441,35.2,18.3,66,92
2024-W47,2024-11-18,Nyamasheke,Shangi,112,241,0.465,35.2,18.3,66,92
2024-W48,2024-11-25,Nyamasheke,Mahembe,140,282,0.496,37.7,19.0,66,90
2024-W48,2024-11-25,Nyamasheke,Kagano,110,233,0.472,37.7,19.0,66,90
2024-W48,2024-11-25,Nyamasheke,Macuba,105,219,0.479,37.7,19.0,66,90
2024-W48,2024-11-25,Nyamasheke,Kanjongo,137,263,0.521,37.7,19.0,66,90
2024-W48,2024-11-25,Nyamasheke,Kirimbi,117,235,0.498,37.7,19.0,66,90
2024-W48,2024-11-25,Nyamasheke,Gihombo,195,391,0.499,37.7,19.0,66,90
2024-W48,2024-11-25,Nyamasheke,Bushekeri,88,169,0.521,37.7,19.0,66,90
2024-W48,2024-11-25,Nyamasheke,Bushenge,75,155,0.484,37.7,19.0,66,90
2024-W48,2024-11-25,Nyamasheke,Cyato,122,261,0.467,37.7,19.0,66,90
2024-W48,2024-11-25,Nyamasheke,Karambi,77,161,0.478,37.7,19.0,66,90
2024-W48,2024-11-25,Nyamasheke,Karengera,147,302,0.487,37.7,19.0,66,90
2024-W48,2024-11-25,Nyamasheke,Nyabitekeri,118,234,0.504,37.7,19.0,66,90
2024-W48,2024-11-25,Nyamasheke,Rangiro,77,145,0.531,37.7,19.0,66,90
2024-W48,2024-11-25,Nyamasheke,Ruharambuga,83,162,0.512,37.7,19.0,66,90
2024-W48,2024-11-25,Nyamasheke,Shangi,126,274,0.46,37.7,19.0,66,90
2024-W49,2024-12-02,Nyamasheke,Mahembe,213,378,0.563,19.7,18.3,66,90
2024-W49,2024-12-02,Nyamasheke,Kagano,101,203,0.498,19.7,18.3,66,90
2024-W49,2024-12-02,Nyamasheke,Macuba,143,285,0.502,19.7,18.3,66,90
2024-W49,2024-12-02,Nyamasheke,Kanjongo,140,249,0.562,19.7,18.3,66,90
2024-W49,2024-12-02,Nyamasheke,Kirimbi,155,287,0.54,19.7,18.3,66,90
2024-W49,2024-12-02,Nyamasheke,Gihombo,214,408,0.525,19.7,18.3,66,90
2024-W49,2024-12-02,Nyamasheke,Bushekeri,85,159,0.535,19.7,18.3,66,90
2024-W49,2024-12-02,Nyamasheke,Bushenge,78,140,0.557,19.7,18.3,66,90
2024-W49,2024-12-02,Nyamasheke,Cyato,169,306,0.552,19.7,18.3,66,90
2024-W49,2024-12-02,Nyamasheke,Karambi,97,187,0.519,19.7,18.3,66,90
2024-W49,2024-12-02,Nyamasheke,Karengera,183,354,0.517,19.7,18.3,66,90
2024-W49,2024-12-02,Nyamasheke,Nyabitekeri,137,267,0.513,19.7,18.3,66,90
2024-W49,2024-12-02,Nyamasheke,Rangiro,77,152,0.507,19.7,18.3,66,90
2024-W49,2024-12-02,Nyamasheke,Ruharambuga,84,150,0.56,19.7,18.3,66,90
2024-W49,2024-12-02,Nyamasheke,Shangi,137,275,0.498,19.7,18.3,66,90
2024-W50,2024-12-09,Nyamasheke,Mahembe,154,282,0.546,14.0,18.4,66,89
2024-W50,2024-12-09,Nyamasheke,Kagano,114,209,0.545,14.0,18.4,66,89
2024-W50,2024-12-09,Nyamasheke,Macuba,123,234,0.526,14.0,18.4,66,89
2024-W50,2024-12-09,Nyamasheke,Kanjongo,139,239,0.582,14.0,18.4,66,89
2024-W50,2024-12-09,Nyamasheke,Kirimbi,155,292,0.531,14.0,18.4,66,89
2024-W50,2024-12-09,Nyamasheke,Gihombo,194,356,0.545,14.0,18.4,66,89
2024-W50,2024-12-09,Nyamasheke,Bushekeri,100,170,0.588,14.0,18.4,66,89
2024-W50,2024-12-09,Nyamasheke,Bushenge,74,139,0.532,14.0,18.4,66,89
2024-W50,2024-12-09,Nyamasheke,Cyato,174,310,0.561,14.0,18.4,66,89
2024-W50,2024-12-09,Nyamasheke,Karambi,90,172,0.523,14.0,18.4,66,89
2024-W50,2024-12-09,Nyamasheke,Karengera,170,299,0.569,14.0,18.4,66,89
2024-W50,2024-12-09,Nyamasheke,Nyabitekeri,123,212,0.58,14.0,18.4,66,89
2024-W50,2024-12-09,Nyamasheke,Rangiro,77,131,0.588,14.0,18.4,66,89
2024-W50,2024-12-09,Nyamasheke,Ruharambuga,74,135,0.548,14.0,18.4,66,89
2024-W50,2024-12-09,Nyamasheke,Shangi,141,239,0.59,14.0,18.4,66,89
2024-W51,2024-12-16,Nyamasheke,Mahembe,130,250,0.52,14.6,19.2,66,92
2024-W51,2024-12-16,Nyamasheke,Kagano,111,231,0.481,14.6,19.2,66,92
2024-W51,2024-12-16,Nyamasheke,Macuba,97,194,0.5,14.6,19.2,66,92
2024-W51,2024-12-16,Nyamasheke,Kanjongo,127,242,0.525,14.6,19.2,66,92
2024-W51,2024-12-16,Nyamasheke,Kirimbi,153,293,0.522,14.6,19.2,66,92
2024-W51,2024-12-16,Nyamasheke,Gihombo,181,374,0.484,14.6,19.2,66,92
2024-W51,2024-12-16,Nyamasheke,Bushekeri,112,218,0.514,14.6,19.2,66,92
2024-W51,2024-12-16,Nyamasheke,Bushenge,63,122,0.516,14.6,19.2,66,92
2024-W51,2024-12-16,Nyamasheke,Cyato,136,258,0.527,14.6,19.2,66,92
2024-W51,2024-12-16,Nyamasheke,Karambi,67,132,0.508,14.6,19.2,66,92
2024-W51,2024-12-16,Nyamasheke,Karengera,164,335,0.49,14.6,19.2,66,92
2024-W51,2024-12-16,Nyamasheke,Nyabitekeri,119,235,0.506,14.6,19.2,66,92
2024-W51,2024-12-16,Nyamasheke,Rangiro,75,157,0.478,14.6,19.2,66,92
2024-W51,2024-12-16,Nyamasheke,Ruharambuga,65,123,0.528,14.6,19.2,66,92
2024-W51,2024-12-16,Nyamasheke,Shangi,108,219,0.493,14.6,19.2,66,92
2024-W52,2024-12-23,Nyamasheke,Mahembe,147,304,0.484,22.5,19.4,66,91
2024-W52,2024-12-23,Nyamasheke,Kagano,106,212,0.5,22.5,19.4,66,91
2024-W52,2024-12-23,Nyamasheke,Macuba,116,249,0.466,22.5,19.4,66,91
2024-W52,2024-12-23,Nyamasheke,Kanjongo,125,252,0.496,22.5,19.4,66,91
2024-W52,2024-12-23,Nyamasheke,Kirimbi,136,308,0.442,22.5,19.4,66,91
2024-W52,2024-12-23,Nyamasheke,Gihombo,183,399,0.459,22.5,19.4,66,91
2024-W52,2024-12-23,Nyamasheke,Bushekeri,98,205,0.478,22.5,19.4,66,91
2024-W52,2024-12-23,Nyamasheke,Bushenge,61,123,0.496,22.5,19.4,66,91
2024-W52,2024-12-23,Nyamasheke,Cyato,160,356,0.449,22.5,19.4,66,91
2024-W52,2024-12-23,Nyamasheke,Karambi,82,183,0.448,22.5,19.4,66,91
2024-W52,2024-12-23,Nyamasheke,Karengera,144,309,0.466,22.5,19.4,66,91
2024-W52,2024-12-23,Nyamasheke,Nyabitekeri,111,242,0.459,22.5,19.4,66,91
2024-W52,2024-12-23,Nyamasheke,Rangiro,89,204,0.436,22.5,19.4,66,91
2024-W52,2024-12-23,Nyamasheke,Ruharambuga,76,178,0.427,22.5,19.4,66,91
2024-W52,2024-12-23,Nyamasheke,Shangi,147,313,0.47,22.5,19.4,66,91
2025-W01,2024-12-30,Nyamasheke,Mahembe,163,375,0.435,17.0,19.2,66,91
2025-W01,2024-12-30,Nyamasheke,Kagano,94,189,0.497,17.0,19.2,66,91
2025-W01,2024-12-30,Nyamasheke,Macuba,97,214,0.453,17.0,19.2,66,91
2025-W01,2024-12-30,Nyamasheke,Kanjongo,127,274,0.464,17.0,19.2,66,91
2025-W01,2024-12-30,Nyamasheke,Kirimbi,133,302,0.44,17.0,19.2,66,91
2025-W01,2024-12-30,Nyamasheke,Gihombo,142,318,0.447,17.0,19.2,66,91
2025-W01,2024-12-30,Nyamasheke,Bushekeri,86,173,0.497,17.0,19.2,66,91
2025-W01,2024-12-30,Nyamasheke,Bushenge,73,154,0.474,17.0,19.2,66,91
2025-W01,2024-12-30,Nyamasheke,Cyato,124,242,0.512,17.0,19.2,66,91
2025-W01,2024-12-30,Nyamasheke,Karambi,74,158,0.468,17.0,19.2,66,91
2025-W01,2024-12-30,Nyamasheke,Karengera,125,266,0.47,17.0,19.2,66,91
2025-W01,2024-12-30,Nyamasheke,Nyabitekeri,107,243,0.44,17.0,19.2,66,91
2025-W01,2024-12-30,Nyamasheke,Rangiro,69,152,0.454,17.0,19.2,66,91
2025-W01,2024-12-30,Nyamasheke,Ruharambuga,73,155,0.471,17.0,19.2,66,91
2025-W01,2024-12-30,Nyamasheke,Shangi,137,308,0.445,17.0,19.2,66,91
2025-W02,2025-01-06,Nyamasheke,Mahembe,153,347,0.441,12.4,19.2,66,90
2025-W02,2025-01-06,Nyamasheke,Kagano,82,186,0.441,12.4,19.2,66,90
2025-W02,2025-01-06,Nyamasheke,Macuba,88,228,0.386,12.4,19.2,66,90
2025-W02,2025-01-06,Nyamasheke,Kanjongo,108,261,0.414,12.4,19.2,66,90
2025-W02,2025-01-06,Nyamasheke,Kirimbi,145,324,0.448,12.4,19.2,66,90
2025-W02,2025-01-06,Nyamasheke,Gihombo,131,345,0.38,12.4,19.2,66,90
2025-W02,2025-01-06,Nyamasheke,Bushekeri,85,198,0.429,12.4,19.2,66,90
2025-W02,2025-01-06,Nyamasheke,Bushenge,56,138,0.406,12.4,19.2,66,90
2025-W02,2025-01-06,Nyamasheke,Cyato,124,295,0.42,12.4,19.2,66,90
2025-W02,2025-01-06,Nyamasheke,Karambi,83,206,0.403,12.4,19.2,66,90
2025-W02,2025-01-06,Nyamasheke,Karengera,166,405,0.41,12.4,19.2,66,90
2025-W02,2025-01-06,Nyamasheke,Nyabitekeri,99,250,0.396,12.4,19.2,66,90
2025-W02,2025-01-06,Nyamasheke,Rangiro,69,162,0.426,12.4,19.2,66,90
2025-W02,2025-01-06,Nyamasheke,Ruharambuga,71,178,0.399,12.4,19.2,66,90
2025-W02,2025-01-06,Nyamasheke,Shangi,117,260,0.45,12.4,19.2,66,90
2025-W03,2025-01-13,Nyamasheke,Mahembe,91,279,0.326,13.7,19.8,66,88
2025-W03,2025-01-13,Nyamasheke,Kagano,64,173,0.37,13.7,19.8,66,88
2025-W03,2025-01-13,Nyamasheke,Macuba,80,268,0.299,13.7,19.8,66,88
2025-W03,2025-01-13,Nyamasheke,Kanjongo,81,217,0.373,13.7,19.8,66,88
2025-W03,2025-01-13,Nyamasheke,Kirimbi,122,407,0.3,13.7,19.8,66,88
2025-W03,2025-01-13,Nyamasheke,Gihombo,115,358,0.321,13.7,19.8,66,88
2025-W03,2025-01-13,Nyamasheke,Bushekeri,68,229,0.297,13.7,19.8,66,88
2025-W03,2025-01-13,Nyamasheke,Bushenge,48,159,0.302,13.7,19.8,66,88
2025-W03,2025-01-13,Nyamasheke,Cyato,115,318,0.362,13.7,19.8,66,88
2025-W03,2025-01-13,Nyamasheke,Karambi,54,168,0.321,13.7,19.8,66,88
2025-W03,2025-01-13,Nyamasheke,Karengera,119,383,0.311,13.7,19.8,66,88
2025-W03,2025-01-13,Nyamasheke,Nyabitekeri,73,222,0.329,13.7,19.8,66,88
2025-W03,2025-01-13,Nyamasheke,Rangiro,54,149,0.362,13.7,19.8,66,88
2025-W03,2025-01-13,Nyamasheke,Ruharambuga,63,188,0.335,13.7,19.8,66,88
2025-W03,2025-01-13,Nyamasheke,Shangi,75,218,0.344,13.7,19.8,66,88
2025-W04,2025-01-20,Nyamasheke,Mahembe,111,391,0.284,14.8,19.4,66,90
2025-W04,2025-01-20,Nyamasheke,Kagano,64,250,0.256,14.8,19.4,66,90
2025-W04,2025-01-20,Nyamasheke,Macuba,74,319,0.232,14.8,19.4,66,90
2025-W04,2025-01-20,Nyamasheke,Kanjongo,74,286,0.259,14.8,19.4,66,90
2025-W04,2025-01-20,Nyamasheke,Kirimbi,128,462,0.277,14.8,19.4,66,90
2025-W04,2025-01-20,Nyamasheke,Gihombo,106,482,0.22,14.8,19.4,66,90
2025-W04,2025-01-20,Nyamasheke,Bushekeri,63,248,0.254,14.8,19.4,66,90
2025-W04,2025-01-20,Nyamasheke,Bushenge,48,185,0.259,14.8,19.4,66,90
2025-W04,2025-01-20,Nyamasheke,Cyato,95,325,0.292,14.8,19.4,66,90
2025-W04,2025-01-20,Nyamasheke,Karambi,58,243,0.239,14.8,19.4,66,90
2025-W04,2025-01-20,Nyamasheke,Karengera,117,536,0.218,14.8,19.4,66,90
2025-W04,2025-01-20,Nyamasheke,Nyabitekeri,81,351,0.231,14.8,19.4,66,90
2025-W04,2025-01-20,Nyamasheke,Rangiro,52,208,0.25,14.8,19.4,66,90
2025-W04,2025-01-20,Nyamasheke,Ruharambuga,51,181,0.282,14.8,19.4,66,90
2025-W04,2025-01-20,Nyamasheke,Shangi,84,341,0.246,14.8,19.4,66,90
2025-W05,2025-01-27,Nyamasheke,Mahembe,79,384,0.206,18.5,20.3,66,91
2025-W05,2025-01-27,Nyamasheke,Kagano,45,169,0.266,18.5,20.3,66,91
2025-W05,2025-01-27,Nyamasheke,Macuba,55,213,0.258,18.5,20.3,66,91
2025-W05,2025-01-27,Nyamasheke,Kanjongo,57,238,0.239,18.5,20.3,66,91
2025-W05,2025-01-27,Nyamasheke,Kirimbi,80,326,0.245,18.5,20.3,66,91
2025-W05,2025-01-27,Nyamasheke,Gihombo,95,466,0.204,18.5,20.3,66,91
2025-W05,2025-01-27,Nyamasheke,Bushekeri,55,227,0.242,18.5,20.3,66,91
2025-W05,2025-01-27,Nyamasheke,Bushenge,42,161,0.261,18.5,20.3,66,91
2025-W05,2025-01-27,Nyamasheke,Cyato,78,366,0.213,18.5,20.3,66,91
2025-W05,2025-01-27,Nyamasheke,Karambi,41,157,0.261,18.5,20.3,66,91
2025-W05,2025-01-27,Nyamasheke,Karengera,76,309,0.246,18.5,20.3,66,91
2025-W05,2025-01-27,Nyamasheke,Nyabitekeri,53,243,0.218,18.5,20.3,66,91
2025-W05,2025-01-27,Nyamasheke,Rangiro,46,218,0.211,18.5,20.3,66,91
2025-W05,2025-01-27,Nyamasheke,Ruharambuga,37,160,0.231,18.5,20.3,66,91
2025-W05,2025-01-27,Nyamasheke,Shangi,65,269,0.242,18.5,20.3,66,91
2025-W06,2025-02-03,Nyamasheke,Mahembe,79,296,0.267,24.1,20.5,66,90
2025-W06,2025-02-03,Nyamasheke,Kagano,53,201,0.264,24.1,20.5,66,90
2025-W06,2025-02-03,Nyamasheke,Macuba,73,385,0.19,24.1,20.5,66,90
2025-W06,2025-02-03,Nyamasheke,Kanjongo,65,306,0.212,24.1,20.5,66,90
2025-W06,2025-02-03,Nyamasheke,Kirimbi,78,393,0.198,24.1,20.5,66,90
2025-W06,2025-02-03,Nyamasheke,Gihombo,85,385,0.221,24.1,20.5,66,90
2025-W06,2025-02-03,Nyamasheke,Bushekeri,48,181,0.265,24.1,20.5,66,90
2025-W06,2025-02-03,Nyamasheke,Bushenge,39,175,0.223,24.1,20.5,66,90
2025-W06,2025-02-03,Nyamasheke,Cyato,81,328,0.247,24.1,20.5,66,90
2025-W06,2025-02-03,Nyamasheke,Karambi,41,169,0.243,24.1,20.5,66,90
2025-W06,2025-02-03,Nyamasheke,Karengera,78,341,0.229,24.1,20.5,66,90
2025-W06,2025-02-03,Nyamasheke,Nyabitekeri,60,310,0.194,24.1,20.5,66,90
2025-W06,2025-02-03,Nyamasheke,Rangiro,34,172,0.198,24.1,20.5,66,90
2025-W06,2025-02-03,Nyamasheke,Ruharambuga,34,140,0.243,24.1,20.5,66,90
2025-W06,2025-02-03,Nyamasheke,Shangi,59,263,0.224,24.1,20.5,66,90
2025-W07,2025-02-10,Nyamasheke,Mahembe,68,344,0.198,36.7,19.8,66,91
2025-W07,2025-02-10,Nyamasheke,Kagano,44,204,0.216,36.7,19.8,66,91
2025-W07,2025-02-10,Nyamasheke,Macuba,49,321,0.153,36.7,19.8,66,91
2025-W07,2025-02-10,Nyamasheke,Kanjongo,50,230,0.217,36.7,19.8,66,91
2025-W07,2025-02-10,Nyamasheke,Kirimbi,59,414,0.143,36.7,19.8,66,91
2025-W07,2025-02-10,Nyamasheke,Gihombo,79,521,0.152,36.7,19.8,66,91
2025-W07,2025-02-10,Nyamasheke,Bushekeri,39,230,0.17,36.7,19.8,66,91
2025-W07,2025-02-10,Nyamasheke,Bushenge,32,178,0.18,36.7,19.8,66,91
2025-W07,2025-02-10,Nyamasheke,Cyato,60,401,0.15,36.7,19.8,66,91
2025-W07,2025-02-10,Nyamasheke,Karambi,41,201,0.204,36.7,19.8,66,91
2025-W07,2025-02-10,Nyamasheke,Karengera,70,443,0.158,36.7,19.8,66,91
2025-W07,2025-02-10,Nyamasheke,Nyabitekeri,55,299,0.184,36.7,19.8,66,91
2025-W07,2025-02-10,Nyamasheke,Rangiro,28,132,0.212,36.7,19.8,66,91
2025-W07,2025-02-10,Nyamasheke,Ruharambuga,28,162,0.173,36.7,19.8,66,91
2025-W07,2025-02-10,Nyamasheke,Shangi,56,302,0.185,36.7,19.8,66,91
2025-W08,2025-02-17,Nyamasheke,Mahembe,66,345,0.191,46.9,20.6,66,89
2025-W08,2025-02-17,Nyamasheke,Kagano,42,308,0.136,46.9,20.6,66,89
2025-W08,2025-02-17,Nyamasheke,Macuba,43,298,0.144,46.9,20.6,66,89
2025-W08,2025-02-17,Nyamasheke,Kanjongo,54,352,0.153,46.9,20.6,66,89
2025-W08,2025-02-17,Nyamasheke,Kirimbi,82,563,0.146,46.9,20.6,66,89
2025-W08,2025-02-17,Nyamasheke,Gihombo,71,512,0.139,46.9,20.6,66,89
2025-W08,2025-02-17,Nyamasheke,Bushekeri,33,245,0.135,46.9,20.6,66,89
2025-W08,2025-02-17,Nyamasheke,Bushenge,33,238,0.139,46.9,20.6,66,89
2025-W08,2025-02-17,Nyamasheke,Cyato,61,311,0.196,46.9,20.6,66,89
2025-W08,2025-02-17,Nyamasheke,Karambi,28,147,0.19,46.9,20.6,66,89
2025-W08,2025-02-17,Nyamasheke,Karengera,66,472,0.14,46.9,20.6,66,89
2025-W08,2025-02-17,Nyamasheke,Nyabitekeri,36,182,0.198,46.9,20.6,66,89
2025-W08,2025-02-17,Nyamasheke,Rangiro,32,170,0.188,46.9,20.6,66,89
2025-W08,2025-02-17,Nyamasheke,Ruharambuga,35,188,0.186,46.9,20.6,66,89
2025-W08,2025-02-17,Nyamasheke,Shangi,58,385,0.151,46.9,20.6,66,89
2025-W09,2025-02-24,Nyamasheke,Mahembe,64,369,0.173,44.0,20.3,66,88
2025-W09,2025-02-24,Nyamasheke,Kagano,42,231,0.182,44.0,20.3,66,88
2025-W09,2025-02-24,Nyamasheke,Macuba,50,292,0.171,44.0,20.3,66,88
2025-W09,2025-02-24,Nyamasheke,Kanjongo,54,304,0.178,44.0,20.3,66,88
2025-W09,2025-02-24,Nyamasheke,Kirimbi,60,287,0.209,44.0,20.3,66,88
2025-W09,2025-02-24,Nyamasheke,Gihombo,81,394,0.206,44.0,20.3,66,88
2025-W09,2025-02-24,Nyamasheke,Bushekeri,36,158,0.228,44.0,20.3,66,88
2025-W09,2025-02-24,Nyamasheke,Bushenge,37,175,0.211,44.0,20.3,66,88
2025-W09,2025-02-24,Nyamasheke,Cyato,68,348,0.195,44.0,20.3,66,88
2025-W09,2025-02-24,Nyamasheke,Karambi,33,208,0.159,44.0,20.3,66,88
2025-W09,2025-02-24,Nyamasheke,Karengera,70,464,0.151,44.0,20.3,66,88
2025-W09,2025-02-24,Nyamasheke,Nyabitekeri,55,248,0.222,44.0,20.3,66,88
2025-W09,2025-02-24,Nyamasheke,Rangiro,32,153,0.209,44.0,20.3,66,88
2025-W09,2025-02-24,Nyamasheke,Ruharambuga,33,151,0.219,44.0,20.3,66,88
2025-W09,2025-02-24,Nyamasheke,Shangi,50,337,0.148,44.0,20.3,66,88
2025-W10,2025-03-03,Nyamasheke,Mahembe,72,349,0.206,75.5,21.3,66,89
2025-W10,2025-03-03,Nyamasheke,Kagano,36,227,0.159,75.5,21.3,66,89
2025-W10,2025-03-03,Nyamasheke,Macuba,45,284,0.158,75.5,21.3,66,89
2025-W10,2025-03-03,Nyamasheke,Kanjongo,49,238,0.206,75.5,21.3,66,89
2025-W10,2025-03-03,Nyamasheke,Kirimbi,66,365,0.181,75.5,21.3,66,89
2025-W10,2025-03-03,Nyamasheke,Gihombo,55,253,0.217,75.5,21.3,66,89
2025-W10,2025-03-03,Nyamasheke,Bushekeri,35,204,0.172,75.5,21.3,66,89
2025-W10,2025-03-03,Nyamasheke,Bushenge,26,118,0.22,75.5,21.3,66,89
2025-W10,2025-03-03,Nyamasheke,Cyato,55,285,0.193,75.5,21.3,66,89
2025-W10,2025-03-03,Nyamasheke,Karambi,32,183,0.175,75.5,21.3,66,89
2025-W10,2025-03-03,Nyamasheke,Karengera,52,295,0.176,75.5,21.3,66,89
2025-W10,2025-03-03,Nyamasheke,Nyabitekeri,39,201,0.194,75.5,21.3,66,89
2025-W10,2025-03-03,Nyamasheke,Rangiro,27,169,0.16,75.5,21.3,66,89
2025-W10,2025-03-03,Nyamasheke,Ruharambuga,24,139,0.173,75.5,21.3,66,89
2025-W10,2025-03-03,Nyamasheke,Shangi,44,235,0.187,75.5,21.3,66,89
2025-W11,2025-03-10,Nyamasheke,Mahembe,55,316,0.174,64.3,21.4,66,91
2025-W11,2025-03-10,Nyamasheke,Kagano,29,162,0.179,64.3,21.4,66,91
2025-W11,2025-03-10,Nyamasheke,Macuba,37,260,0.142,64.3,21.4,66,91
2025-W11,2025-03-10,Nyamasheke,Kanjongo,39,314,0.124,64.3,21.4,66,91
2025-W11,2025-03-10,Nyamasheke,Kirimbi,45,263,0.171,64.3,21.4,66,91
2025-W11,2025-03-10,Nyamasheke,Gihombo,64,357,0.179,64.3,21.4,66,91
2025-W11,2025-03-10,Nyamasheke,Bushekeri,31,234,0.132,64.3,21.4,66,91
2025-W11,2025-03-10,Nyamasheke,Bushenge,21,133,0.158,64.3,21.4,66,91
2025-W11,2025-03-10,Nyamasheke,Cyato,50,355,0.141,64.3,21.4,66,91
2025-W11,2025-03-10,Nyamasheke,Karambi,26,195,0.133,64.3,21.4,66,91
2025-W11,2025-03-10,Nyamasheke,Karengera,51,295,0.173,64.3,21.4,66,91
2025-W11,2025-03-10,Nyamasheke,Nyabitekeri,33,328,0.101,64.3,21.4,66,91
2025-W11,2025-03-10,Nyamasheke,Rangiro,24,151,0.159,64.3,21.4,66,91
2025-W11,2025-03-10,Nyamasheke,Ruharambuga,27,185,0.146,64.3,21.4,66,91
2025-W11,2025-03-10,Nyamasheke,Shangi,36,274,0.131,64.3,21.4,66,91
2025-W12,2025-03-17,Nyamasheke,Mahembe,67,411,0.163,63.7,21.5,66,92
2025-W12,2025-03-17,Nyamasheke,Kagano,46,314,0.146,63.7,21.5,66,92
2025-W12,2025-03-17,Nyamasheke,Macuba,50,290,0.172,63.7,21.5,66,92
2025-W12,2025-03-17,Nyamasheke,Kanjongo,54,337,0.16,63.7,21.5,66,92
2025-W12,2025-03-17,Nyamasheke,Kirimbi,54,386,0.14,63.7,21.5,66,92
2025-W12,2025-03-17,Nyamasheke,Gihombo,83,621,0.134,63.7,21.5,66,92
2025-W12,2025-03-17,Nyamasheke,Bushekeri,36,304,0.118,63.7,21.5,66,92
2025-W12,2025-03-17,Nyamasheke,Bushenge,28,152,0.184,63.7,21.5,66,92
2025-W12,2025-03-17,Nyamasheke,Cyato,58,459,0.126,63.7,21.5,66,92
2025-W12,2025-03-17,Nyamasheke,Karambi,33,230,0.143,63.7,21.5,66,92
2025-W12,2025-03-17,Nyamasheke,Karengera,57,313,0.182,63.7,21.5,66,92
2025-W12,2025-03-17,Nyamasheke,Nyabitekeri,43,291,0.148,63.7,21.5,66,92
2025-W12,2025-03-17,Nyamasheke,Rangiro,31,253,0.123,63.7,21.5,66,92
2025-W12,2025-03-17,Nyamasheke,Ruharambuga,33,169,0.195,63.7,21.5,66,92
2025-W12,2025-03-17,Nyamasheke,Shangi,55,300,0.183,63.7,21.5,66,92
2025-W13,2025-03-24,Nyamasheke,Mahembe,59,396,0.149,57.5,21.4,66,88
2025-W13,2025-03-24,Nyamasheke,Kagano,42,222,0.189,57.5,21.4,66,88
2025-W13,2025-03-24,Nyamasheke,Macuba,47,251,0.187,57.5,21.4,66,88
2025-W13,2025-03-24,Nyamasheke,Kanjongo,48,360,0.133,57.5,21.4,66,88
2025-W13,2025-03-24,Nyamasheke,Kirimbi,53,411,0.129,57.5,21.4,66,88
2025-W13,2025-03-24,Nyamasheke,Gihombo,62,519,0.119,57.5,21.4,66,88
2025-W13,2025-03-24,Nyamasheke,Bushekeri,39,216,0.181,57.5,21.4,66,88
2025-W13,2025-03-24,Nyamasheke,Bushenge,30,163,0.184,57.5,21.4,66,88
2025-W13,2025-03-24,Nyamasheke,Cyato,63,342,0.184,57.5,21.4,66,88
2025-W13,2025-03-24,Nyamasheke,Karambi,36,223,0.161,57.5,21.4,66,88
2025-W13,2025-03-24,Nyamasheke,Karengera,66,455,0.145,57.5,21.4,66,88
2025-W13,2025-03-24,Nyamasheke,Nyabitekeri,50,287,0.174,57.5,21.4,66,88
2025-W13,2025-03-24,Nyamasheke,Rangiro,33,210,0.157,57.5,21.4,66,88
2025-W13,2025-03-24,Nyamasheke,Ruharambuga,30,161,0.186,57.5,21.4,66,88
2025-W13,2025-03-24,Nyamasheke,Shangi,52,352,0.148,57.5,21.4,66,88
2025-W14,2025-03-31,Nyamasheke,Mahembe,68,295,0.231,74.1,21.8,66,91
2025-W14,2025-03-31,Nyamasheke,Kagano,41,245,0.167,74.1,21.8,66,91
2025-W14,2025-03-31,Nyamasheke,Macuba,46,263,0.175,74.1,21.8,66,91
2025-W14,2025-03-31,Nyamasheke,Kanjongo,55,323,0.17,74.1,21.8,66,91
2025-W14,2025-03-31,Nyamasheke,Kirimbi,57,281,0.203,74.1,21.8,66,91
2025-W14,2025-03-31,Nyamasheke,Gihombo,70,341,0.205,74.1,21.8,66,91
2025-W14,2025-03-31,Nyamasheke,Bushekeri,34,205,0.166,74.1,21.8,66,91
2025-W14,2025-03-31,Nyamasheke,Bushenge,27,160,0.169,74.1,21.8,66,91
2025-W14,2025-03-31,Nyamasheke,Cyato,56,297,0.189,74.1,21.8,66,91
2025-W14,2025-03-31,Nyamasheke,Karambi,24,120,0.2,74.1,21.8,66,91
2025-W14,2025-03-31,Nyamasheke,Karengera,71,371,0.191,74.1,21.8,66,91
2025-W14,2025-03-31,Nyamasheke,Nyabitekeri,49,225,0.218,74.1,21.8,66,91
2025-W14,2025-03-31,Nyamasheke,Rangiro,35,190,0.184,74.1,21.8,66,91
2025-W14,2025-03-31,Nyamasheke,Ruharambuga,26,136,0.191,74.1,21.8,66,91
2025-W14,2025-03-31,Nyamasheke,Shangi,56,294,0.19,74.1,21.8,66,91
2025-W15,2025-04-07,Nyamasheke,Mahembe,76,384,0.198,60.5,21.2,66,91
2025-W15,2025-04-07,Nyamasheke,Kagano,42,263,0.16,60.5,21.2,66,91
2025-W15,2025-04-07,Nyamasheke,Macuba,54,272,0.199,60.5,21.2,66,91
2025-W15,2025-04-07,Nyamasheke,Kanjongo,75,396,0.189,60.5,21.2,66,91
2025-W15,2025-04-07,Nyamasheke,Kirimbi,80,464,0.172,60.5,21.2,66,91
2025-W15,2025-04-07,Nyamasheke,Gihombo,68,463,0.147,60.5,21.2,66,91
2025-W15,2025-04-07,Nyamasheke,Bushekeri,50,333,0.15,60.5,21.2,66,91
2025-W15,2025-04-07,Nyamasheke,Bushenge,42,239,0.176,60.5,21.2,66,91
2025-W15,2025-04-07,Nyamasheke,Cyato,77,358,0.215,60.5,21.2,66,91
2025-W15,2025-04-07,Nyamasheke,Karambi,31,146,0.212,60.5,21.2,66,91
2025-W15,2025-04-07,Nyamasheke,Karengera,90,497,0.181,60.5,21.2,66,91
2025-W15,2025-04-07,Nyamasheke,Nyabitekeri,56,259,0.216,60.5,21.2,66,91
2025-W15,2025-04-07,Nyamasheke,Rangiro,36,239,0.151,60.5,21.2,66,91
2025-W15,2025-04-07,Nyamasheke,Ruharambuga,38,183,0.208,60.5,21.2,66,91
2025-W15,2025-04-07,Nyamasheke,Shangi,59,296,0.199,60.5,21.2,66,91
2025-W16,2025-04-14,Nyamasheke,Mahembe,81,387,0.209,89.2,21.3,66,91
2025-W16,2025-04-14,Nyamasheke,Kagano,52,238,0.218,89.2,21.3,66,91
2025-W16,2025-04-14,Nyamasheke,Macuba,52,211,0.246,89.2,21.3,66,91
2025-W16,2025-04-14,Nyamasheke,Kanjongo,52,208,0.25,89.2,21.3,66,91
2025-W16,2025-04-14,Nyamasheke,Kirimbi,66,271,0.244,89.2,21.3,66,91
2025-W16,2025-04-14,Nyamasheke,Gihombo,68,306,0.222,89.2,21.3,66,91
2025-W16,2025-04-14,Nyamasheke,Bushekeri,50,234,0.214,89.2,21.3,66,91
2025-W16,2025-04-14,Nyamasheke,Bushenge,34,137,0.248,89.2,21.3,66,91
2025-W16,2025-04-14,Nyamasheke,Cyato,75,286,0.262,89.2,21.3,66,91
2025-W16,2025-04-14,Nyamasheke,Karambi,34,129,0.264,89.2,21.3,66,91
2025-W16,2025-04-14,Nyamasheke,Karengera,73,318,0.23,89.2,21.3,66,91
2025-W16,2025-04-14,Nyamasheke,Nyabitekeri,50,225,0.222,89.2,21.3,66,91
2025-W16,2025-04-14,Nyamasheke,Rangiro,36,152,0.237,89.2,21.3,66,91
2025-W16,2025-04-14,Nyamasheke,Ruharambuga,43,183,0.235,89.2,21.3,66,91
2025-W16,2025-04-14,Nyamasheke,Shangi,56,232,0.241,89.2,21.3,66,91
2025-W17,2025-04-21,Nyamasheke,Mahembe,91,360,0.253,94.7,22.1,66,91
2025-W17,2025-04-21,Nyamasheke,Kagano,66,258,0.256,94.7,22.1,66,91
2025-W17,2025-04-21,Nyamasheke,Macuba,66,300,0.22,94.7,22.1,66,91
2025-W17,2025-04-21,Nyamasheke,Kanjongo,73,341,0.214,94.7,22.1,66,91
2025-W17,2025-04-21,Nyamasheke,Kirimbi,90,409,0.22,94.7,22.1,66,91
2025-W17,2025-04-21,Nyamasheke,Gihombo,85,316,0.269,94.7,22.1,66,91
2025-W17,2025-04-21,Nyamasheke,Bushekeri,58,242,0.24,94.7,22.1,66,91
2025-W17,2025-04-21,Nyamasheke,Bushenge,42,160,0.263,94.7,22.1,66,91
2025-W17,2025-04-21,Nyamasheke,Cyato,109,460,0.237,94.7,22.1,66,91
2025-W17,2025-04-21,Nyamasheke,Karambi,45,165,0.273,94.7,22.1,66,91
2025-W17,2025-04-21,Nyamasheke,Karengera,101,362,0.279,94.7,22.1,66,91
2025-W17,2025-04-21,Nyamasheke,Nyabitekeri,84,357,0.235,94.7,22.1,66,91
2025-W17,2025-04-21,Nyamasheke,Rangiro,50,194,0.258,94.7,22.1,66,91
2025-W17,2025-04-21,Nyamasheke,Ruharambuga,47,169,0.278,94.7,22.1,66,91
2025-W17,2025-04-21,Nyamasheke,Shangi,71,256,0.277,94.7,22.1,66,91
2025-W18,2025-04-28,Nyamasheke,Mahembe,93,291,0.32,62.9,22.0,66,88
2025-W18,2025-04-28,Nyamasheke,Kagano,51,168,0.304,62.9,22.0,66,88
2025-W18,2025-04-28,Nyamasheke,Macuba,68,234,0.291,62.9,22.0,66,88
2025-W18,2025-04-28,Nyamasheke,Kanjongo,71,220,0.323,62.9,22.0,66,88
2025-W18,2025-04-28,Nyamasheke,Kirimbi,91,320,0.284,62.9,22.0,66,88
2025-W18,2025-04-28,Nyamasheke,Gihombo,92,314,0.293,62.9,22.0,66,88
2025-W18,2025-04-28,Nyamasheke,Bushekeri,56,198,0.283,62.9,22.0,66,88
2025-W18,2025-04-28,Nyamasheke,Bushenge,39,130,0.3,62.9,22.0,66,88
2025-W18,2025-04-28,Nyamasheke,Cyato,85,293,0.29,62.9,22.0,66,88
2025-W18,2025-04-28,Nyamasheke,Karambi,52,185,0.281,62.9,22.0,66,88
2025-W18,2025-04-28,Nyamasheke,Karengera,82,297,0.276,62.9,22.0,66,88
2025-W18,2025-04-28,Nyamasheke,Nyabitekeri,66,216,0.306,62.9,22.0,66,88
2025-W18,2025-04-28,Nyamasheke,Rangiro,37,123,0.301,62.9,22.0,66,88
2025-W18,2025-04-28,Nyamasheke,Ruharambuga,39,143,0.273,62.9,22.0,66,88
2025-W18,2025-04-28,Nyamasheke,Shangi,73,221,0.33,62.9,22.0,66,88
2025-W19,2025-05-05,Nyamasheke,Mahembe,99,299,0.331,48.8,21.1,66,90
2025-W19,2025-05-05,Nyamasheke,Kagano,67,197,0.34,48.8,21.1,66,90
2025-W19,2025-05-05,Nyamasheke,Macuba,78,236,0.331,48.8,21.1,66,90
2025-W19,2025-05-05,Nyamasheke,Kanjongo,83,256,0.324,48.8,21.1,66,90
2025-W19,2025-05-05,Nyamasheke,Kirimbi,122,394,0.31,48.8,21.1,66,90
2025-W19,2025-05-05,Nyamasheke,Gihombo,110,333,0.33,48.8,21.1,66,90
2025-W19,2025-05-05,Nyamasheke,Bushekeri,64,172,0.372,48.8,21.1,66,90
2025-W19,2025-05-05,Nyamasheke,Bushenge,52,146,0.356,48.8,21.1,66,90
2025-W19,2025-05-05,Nyamasheke,Cyato,100,317,0.315,48.8,21.1,66,90
2025-W19,2025-05-05,Nyamasheke,Karambi,66,180,0.367,48.8,21.1,66,90
2025-W19,2025-05-05,Nyamasheke,Karengera,117,369,0.317,48.8,21.1,66,90
2025-W19,2025-05-05,Nyamasheke,Nyabitekeri,72,195,0.369,48.8,21.1,66,90
2025-W19,2025-05-05,Nyamasheke,Rangiro,52,148,0.351,48.8,21.1,66,90
2025-W19,2025-05-05,Nyamasheke,Ruharambuga,51,145,0.352,48.8,21.1,66,90
2025-W19,2025-05-05,Nyamasheke,Shangi,99,273,0.363,48.8,21.1,66,90
2025-W20,2025-05-12,Nyamasheke,Mahembe,128,345,0.371,54.3,22.1,66,92
2025-W20,2025-05-12,Nyamasheke,Kagano,86,203,0.424,54.3,22.1,66,92
2025-W20,2025-05-12,Nyamasheke,Macuba,91,210,0.433,54.3,22.1,66,92
2025-W20,2025-05-12,Nyamasheke,Kanjongo,102,271,0.376,54.3,22.1,66,92
2025-W20,2025-05-12,Nyamasheke,Kirimbi,114,280,0.407,54.3,22.1,66,92
2025-W20,2025-05-12,Nyamasheke,Gihombo,114,270,0.422,54.3,22.1,66,92
2025-W20,2025-05-12,Nyamasheke,Bushekeri,79,198,0.399,54.3,22.1,66,92
2025-W20,2025-05-12,Nyamasheke,Bushenge,59,145,0.407,54.3,22.1,66,92
2025-W20,2025-05-12,Nyamasheke,Cyato,127,331,0.384,54.3,22.1,66,92
2025-W20,2025-05-12,Nyamasheke,Karambi,60,157,0.382,54.3,22.1,66,92
2025-W20,2025-05-12,Nyamasheke,Karengera,138,362,0.381,54.3,22.1,66,92
2025-W20,2025-05-12,Nyamasheke,Nyabitekeri,93,227,0.41,54.3,22.1,66,92
2025-W20,2025-05-12,Nyamasheke,Rangiro,63,146,0.432,54.3,22.1,66,92
2025-W20,2025-05-12,Nyamasheke,Ruharambuga,62,140,0.443,54.3,22.1,66,92
2025-W20,2025-05-12,Nyamasheke,Shangi,117,262,0.447,54.3,22.1,66,92
2025-W21,2025-05-19,Nyamasheke,Mahembe,167,424,0.394,58.5,21.2,66,88
2025-W21,2025-05-19,Nyamasheke,Kagano,89,224,0.397,58.5,21.2,66,88
2025-W21,2025-05-19,Nyamasheke,Macuba,101,225,0.449,58.5,21.2,66,88
2025-W21,2025-05-19,Nyamasheke,Kanjongo,130,303,0.429,58.5,21.2,66,88
2025-W21,2025-05-19,Nyamasheke,Kirimbi,130,329,0.395,58.5,21.2,66,88
2025-W21,2025-05-19,Nyamasheke,Gihombo,160,382,0.419,58.5,21.2,66,88
2025-W21,2025-05-19,Nyamasheke,Bushekeri,87,206,0.422,58.5,21.2,66,88
2025-W21,2025-05-19,Nyamasheke,Bushenge,85,215,0.395,58.5,21.2,66,88
2025-W21,2025-05-19,Nyamasheke,Cyato,136,347,0.392,58.5,21.2,66,88
2025-W21,2025-05-19,Nyamasheke,Karambi,71,178,0.399,58.5,21.2,66,88
2025-W21,2025-05-19,Nyamasheke,Karengera,150,381,0.394,58.5,21.2,66,88
2025-W21,2025-05-19,Nyamasheke,Nyabitekeri,111,266,0.417,58.5,21.2,66,88
2025-W21,2025-05-19,Nyamasheke,Rangiro,73,160,0.456,58.5,21.2,66,88
2025-W21,2025-05-19,Nyamasheke,Ruharambuga,62,142,0.437,58.5,21.2,66,88
2025-W21,2025-05-19,Nyamasheke,Shangi,127,333,0.381,58.5,21.2,66,88
2025-W22,2025-05-26,Nyamasheke,Mahembe,185,380,0.487,40.2,21.8,66,90
2025-W22,2025-05-26,Nyamasheke,Kagano,103,218,0.472,40.2,21.8,66,90
2025-W22,2025-05-26,Nyamasheke,Macuba,110,231,0.476,40.2,21.8,66,90
2025-W22,2025-05-26,Nyamasheke,Kanjongo,134,274,0.489,40.2,21.8,66,90
2025-W22,2025-05-26,Nyamasheke,Kirimbi,158,305,0.518,40.2,21.8,66,90
2025-W22,2025-05-26,Nyamasheke,Gihombo,164,302,0.543,40.2,21.8,66,90
2025-W22,2025-05-26,Nyamasheke,Bushekeri,103,217,0.475,40.2,21.8,66,90
2025-W22,2025-05-26,Nyamasheke,Bushenge,58,107,0.542,40.2,21.8,66,90
2025-W22,2025-05-26,Nyamasheke,Cyato,141,289,0.488,40.2,21.8,66,90
2025-W22,2025-05-26,Nyamasheke,Karambi,78,156,0.5,40.2,21.8,66,90
2025-W22,2025-05-26,Nyamasheke,Karengera,148,306,0.484,40.2,21.8,66,90
2025-W22,2025-05-26,Nyamasheke,Nyabitekeri,113,231,0.489,40.2,21.8,66,90
2025-W22,2025-05-26,Nyamasheke,Rangiro,88,168,0.524,40.2,21.8,66,90
2025-W22,2025-05-26,Nyamasheke,Ruharambuga,68,133,0.511,40.2,21.8,66,90
2025-W22,2025-05-26,Nyamasheke,Shangi,121,245,0.494,40.2,21.8,66,90
2025-W23,2025-06-02,Nyamasheke,Mahembe,113,218,0.518,39.7,21.4,66,91
2025-W23,2025-06-02,Nyamasheke,Kagano,107,198,0.54,39.7,21.4,66,91
2025-W23,2025-06-02,Nyamasheke,Macuba,121,224,0.54,39.7,21.4,66,91
2025-W23,2025-06-02,Nyamasheke,Kanjongo,128,235,0.545,39.7,21.4,66,91
2025-W23,2025-06-02,Nyamasheke,Kirimbi,137,252,0.544,39.7,21.4,66,91
2025-W23,2025-06-02,Nyamasheke,Gihombo,164,325,0.505,39.7,21.4,66,91
2025-W23,2025-06-02,Nyamasheke,Bushekeri,98,197,0.497,39.7,21.4,66,91
2025-W23,2025-06-02,Nyamasheke,Bushenge,73,147,0.497,39.7,21.4,66,91
2025-W23,2025-06-02,Nyamasheke,Cyato,153,275,0.556,39.7,21.4,66,91
2025-W23,2025-06-02,Nyamasheke,Karambi,80,153,0.523,39.7,21.4,66,91
2025-W23,2025-06-02,Nyamasheke,Karengera,159,280,0.568,39.7,21.4,66,91
2025-W23,2025-06-02,Nyamasheke,Nyabitekeri,114,205,0.556,39.7,21.4,66,91
2025-W23,2025-06-02,Nyamasheke,Rangiro,77,137,0.562,39.7,21.4,66,91
2025-W23,2025-06-02,Nyamasheke,Ruharambuga,87,173,0.503,39.7,21.4,66,91
2025-W23,2025-06-02,Nyamasheke,Shangi,121,241,0.502,39.7,21.4,66,91
2025-W24,2025-06-09,Nyamasheke,Mahembe,172,348,0.494,23.5,20.8,66,90
2025-W24,2025-06-09,Nyamasheke,Kagano,102,196,0.52,23.5,20.8,66,90
2025-W24,2025-06-09,Nyamasheke,Macuba,110,220,0.5,23.5,20.8,66,90
2025-W24,2025-06-09,Nyamasheke,Kanjongo,146,281,0.52,23.5,20.8,66,90
2025-W24,2025-06-09,Nyamasheke,Kirimbi,167,330,0.506,23.5,20.8,66,90
2025-W24,2025-06-09,Nyamasheke,Gihombo,168,319,0.527,23.5,20.8,66,90
2025-W24,2025-06-09,Nyamasheke,Bushekeri,74,139,0.532,23.5,20.8,66,90
2025-W24,2025-06-09,Nyamasheke,Bushenge,79,151,0.523,23.5,20.8,66,90
2025-W24,2025-06-09,Nyamasheke,Cyato,141,281,0.502,23.5,20.8,66,90
2025-W24,2025-06-09,Nyamasheke,Karambi,84,163,0.515,23.5,20.8,66,90
2025-W24,2025-06-09,Nyamasheke,Karengera,179,336,0.533,23.5,20.8,66,90
2025-W24,2025-06-09,Nyamasheke,Nyabitekeri,130,274,0.474,23.5,20.8,66,90
2025-W24,2025-06-09,Nyamasheke,Rangiro,78,143,0.545,23.5,20.8,66,90
2025-W24,2025-06-09,Nyamasheke,Ruharambuga,77,145,0.531,23.5,20.8,66,90
2025-W24,2025-06-09,Nyamasheke,Shangi,104,198,0.525,23.5,20.8,66,90
2025-W25,2025-06-16,Nyamasheke,Mahembe,176,354,0.497,26.1,20.8,66,89
2025-W25,2025-06-16,Nyamasheke,Kagano,123,225,0.547,26.1,20.8,66,89
2025-W25,2025-06-16,Nyamasheke,Macuba,109,205,0.532,26.1,20.8,66,89
2025-W25,2025-06-16,Nyamasheke,Kanjongo,133,232,0.573,26.1,20.8,66,89
2025-W25,2025-06-16,Nyamasheke,Kirimbi,151,282,0.535,26.1,20.8,66,89
2025-W25,2025-06-16,Nyamasheke,Gihombo,180,315,0.571,26.1,20.8,66,89
2025-W25,2025-06-16,Nyamasheke,Bushekeri,91,158,0.576,26.1,20.8,66,89
2025-W25,2025-06-16,Nyamasheke,Bushenge,88,172,0.512,26.1,20.8,66,89
2025-W25,2025-06-16,Nyamasheke,Cyato,169,298,0.567,26.1,20.8,66,89
2025-W25,2025-06-16,Nyamasheke,Karambi,85,155,0.548,26.1,20.8,66,89
2025-W25,2025-06-16,Nyamasheke,Karengera,169,315,0.537,26.1,20.8,66,89
2025-W25,2025-06-16,Nyamasheke,Nyabitekeri,134,255,0.525,26.1,20.8,66,89
2025-W25,2025-06-16,Nyamasheke,Rangiro,91,170,0.535,26.1,20.8,66,89
2025-W25,2025-06-16,Nyamasheke,Ruharambuga,72,135,0.533,26.1,20.8,66,89
2025-W25,2025-06-16,Nyamasheke,Shangi,126,245,0.514,26.1,20.8,66,89
2025-W26,2025-06-23,Nyamasheke,Mahembe,176,375,0.469,14.4,20.6,63,92
2025-W26,2025-06-23,Nyamasheke,Kagano,111,252,0.44,14.4,20.6,63,92
2025-W26,2025-06-23,Nyamasheke,Macuba,137,313,0.438,14.4,20.6,63,92
2025-W26,2025-06-23,Nyamasheke,Kanjongo,138,309,0.447,14.4,20.6,63,92
2025-W26,2025-06-23,Nyamasheke,Kirimbi,143,296,0.483,14.4,20.6,63,92
2025-W26,2025-06-23,Nyamasheke,Gihombo,169,374,0.452,14.4,20.6,63,92
2025-W26,2025-06-23,Nyamasheke,Bushekeri,97,200,0.485,14.4,20.6,63,92
2025-W26,2025-06-23,Nyamasheke,Bushenge,75,157,0.478,14.4,20.6,63,92
2025-W26,2025-06-23,Nyamasheke,Cyato,154,304,0.507,14.4,20.6,63,92
2025-W26,2025-06-23,Nyamasheke,Karambi,70,146,0.479,14.4,20.6,63,92
2025-W26,2025-06-23,Nyamasheke,Karengera,168,381,0.441,14.4,20.6,63,92
2025-W26,2025-06-23,Nyamasheke,Nyabitekeri,130,272,0.478,14.4,20.6,63,92
2025-W26,2025-06-23,Nyamasheke,Rangiro,76,156,0.487,14.4,20.6,63,92
2025-W26,2025-06-23,Nyamasheke,Ruharambuga,75,167,0.449,14.4,20.6,63,92
2025-W26,2025-06-23,Nyamasheke,Shangi,125,274,0.456,14.4,20.6,63,92
2025-W27,2025-06-30,Nyamasheke,Mahembe,173,361,0.479,13.5,20.4,63,90
2025-W27,2025-06-30,Nyamasheke,Kagano,86,195,0.441,13.5,20.4,63,90
2025-W27,2025-06-30,Nyamasheke,Macuba,97,214,0.453,13.5,20.4,63,90
2025-W27,2025-06-30,Nyamasheke,Kanjongo,109,252,0.433,13.5,20.4,63,90
2025-W27,2025-06-30,Nyamasheke,Kirimbi,136,287,0.474,13.5,20.4,63,90
2025-W27,2025-06-30,Nyamasheke,Gihombo,163,386,0.422,13.5,20.4,63,90
2025-W27,2025-06-30,Nyamasheke,Bushekeri,101,215,0.47,13.5,20.4,63,90
2025-W27,2025-06-30,Nyamasheke,Bushenge,71,165,0.43,13.5,20.4,63,90
2025-W27,2025-06-30,Nyamasheke,Cyato,127,301,0.422,13.5,20.4,63,90
2025-W27,2025-06-30,Nyamasheke,Karambi,79,182,0.434,13.5,20.4,63,90
2025-W27,2025-06-30,Nyamasheke,Karengera,156,340,0.459,13.5,20.4,63,90
2025-W27,2025-06-30,Nyamasheke,Nyabitekeri,111,261,0.425,13.5,20.4,63,90
2025-W27,2025-06-30,Nyamasheke,Rangiro,74,159,0.465,13.5,20.4,63,90
2025-W27,2025-06-30,Nyamasheke,Ruharambuga,61,142,0.43,13.5,20.4,63,90
2025-W27,2025-06-30,Nyamasheke,Shangi,103,215,0.479,13.5,20.4,63,90
2025-W28,2025-07-07,Nyamasheke,Mahembe,107,274,0.391,13.3,21.0,63,92
2025-W28,2025-07-07,Nyamasheke,Kagano,78,190,0.411,13.3,21.0,63,92
2025-W28,2025-07-07,Nyamasheke,Macuba,95,242,0.393,13.3,21.0,63,92
2025-W28,2025-07-07,Nyamasheke,Kanjongo,97,245,0.396,13.3,21.0,63,92
2025-W28,2025-07-07,Nyamasheke,Kirimbi,128,334,0.383,13.3,21.0,63,92
2025-W28,2025-07-07,Nyamasheke,Gihombo,126,327,0.385,13.3,21.0,63,92
2025-W28,2025-07-07,Nyamasheke,Bushekeri,76,174,0.437,13.3,21.0,63,92
2025-W28,2025-07-07,Nyamasheke,Bushenge,55,142,0.387,13.3,21.0,63,92
2025-W28,2025-07-07,Nyamasheke,Cyato,124,283,0.438,13.3,21.0,63,92
2025-W28,2025-07-07,Nyamasheke,Karambi,53,136,0.39,13.3,21.0,63,92
2025-W28,2025-07-07,Nyamasheke,Karengera,145,383,0.379,13.3,21.0,63,92
2025-W28,2025-07-07,Nyamasheke,Nyabitekeri,85,193,0.44,13.3,21.0,63,92
2025-W28,2025-07-07,Nyamasheke,Rangiro,60,135,0.444,13.3,21.0,63,92
2025-W28,2025-07-07,Nyamasheke,Ruharambuga,58,137,0.423,13.3,21.0,63,92
2025-W28,2025-07-07,Nyamasheke,Shangi,93,245,0.38,13.3,21.0,63,92
2025-W29,2025-07-14,Nyamasheke,Mahembe,129,336,0.384,23.2,21.1,63,92
2025-W29,2025-07-14,Nyamasheke,Kagano,71,190,0.374,23.2,21.1,63,92
2025-W29,2025-07-14,Nyamasheke,Macuba,64,200,0.32,23.2,21.1,63,92
2025-W29,2025-07-14,Nyamasheke,Kanjongo,94,259,0.363,23.2,21.1,63,92
2025-W29,2025-07-14,Nyamasheke,Kirimbi,106,291,0.364,23.2,21.1,63,92
2025-W29,2025-07-14,Nyamasheke,Gihombo,103,292,0.353,23.2,21.1,63,92
2025-W29,2025-07-14,Nyamasheke,Bushekeri,56,171,0.327,23.2,21.1,63,92
2025-W29,2025-07-14,Nyamasheke,Bushenge,45,140,0.321,23.2,21.1,63,92
2025-W29,2025-07-14,Nyamasheke,Cyato,109,291,0.375,23.2,21.1,63,92
2025-W29,2025-07-14,Nyamasheke,Karambi,52,141,0.369,23.2,21.1,63,92
2025-W29,2025-07-14,Nyamasheke,Karengera,99,306,0.324,23.2,21.1,63,92
2025-W29,2025-07-14,Nyamasheke,Nyabitekeri,79,216,0.366,23.2,21.1,63,92
2025-W29,2025-07-14,Nyamasheke,Rangiro,54,143,0.378,23.2,21.1,63,92
2025-W29,2025-07-14,Nyamasheke,Ruharambuga,51,146,0.349,23.2,21.1,63,92
2025-W29,2025-07-14,Nyamasheke,Shangi,85,258,0.329,23.2,21.1,63,92
2025-W30,2025-07-21,Nyamasheke,Mahembe,98,318,0.308,14.4,19.8,63,88
2025-W30,2025-07-21,Nyamasheke,Kagano,67,201,0.333,14.4,19.8,63,88
2025-W30,2025-07-21,Nyamasheke,Macuba,78,245,0.318,14.4,19.8,63,88
2025-W30,2025-07-21,Nyamasheke,Kanjongo,74,234,0.316,14.4,19.8,63,88
2025-W30,2025-07-21,Nyamasheke,Kirimbi,96,262,0.366,14.4,19.8,63,88
2025-W30,2025-07-21,Nyamasheke,Gihombo,94,309,0.304,14.4,19.8,63,88
2025-W30,2025-07-21,Nyamasheke,Bushekeri,63,203,0.31,14.4,19.8,63,88
2025-W30,2025-07-21,Nyamasheke,Bushenge,50,161,0.311,14.4,19.8,63,88
2025-W30,2025-07-21,Nyamasheke,Cyato,87,249,0.349,14.4,19.8,63,88
2025-W30,2025-07-21,Nyamasheke,Karambi,66,211,0.313,14.4,19.8,63,88
2025-W30,2025-07-21,Nyamasheke,Karengera,86,273,0.315,14.4,19.8,63,88
2025-W30,2025-07-21,Nyamasheke,Nyabitekeri,72,229,0.314,14.4,19.8,63,88
2025-W30,2025-07-21,Nyamasheke,Rangiro,64,190,0.337,14.4,19.8,63,88
2025-W30,2025-07-21,Nyamasheke,Ruharambuga,54,150,0.36,14.4,19.8,63,88
2025-W30,2025-07-21,Nyamasheke,Shangi,87,244,0.357,14.4,19.8,63,88
2025-W31,2025-07-28,Nyamasheke,Mahembe,107,480,0.223,20.5,19.8,63,90
2025-W31,2025-07-28,Nyamasheke,Kagano,61,222,0.275,20.5,19.8,63,90
2025-W31,2025-07-28,Nyamasheke,Macuba,92,353,0.261,20.5,19.8,63,90
2025-W31,2025-07-28,Nyamasheke,Kanjongo,80,289,0.277,20.5,19.8,63,90
2025-W31,2025-07-28,Nyamasheke,Kirimbi,105,384,0.273,20.5,19.8,63,90
2025-W31,2025-07-28,Nyamasheke,Gihombo,105,410,0.256,20.5,19.8,63,90
2025-W31,2025-07-28,Nyamasheke,Bushekeri,70,324,0.216,20.5,19.8,63,90
2025-W31,2025-07-28,Nyamasheke,Bushenge,52,210,0.248,20.5,19.8,63,90
2025-W31,2025-07-28,Nyamasheke,Cyato,89,363,0.245,20.5,19.8,63,90
2025-W31,2025-07-28,Nyamasheke,Karambi,63,223,0.283,20.5,19.8,63,90
2025-W31,2025-07-28,Nyamasheke,Karengera,113,459,0.246,20.5,19.8,63,90
2025-W31,2025-07-28,Nyamasheke,Nyabitekeri,74,330,0.224,20.5,19.8,63,90
2025-W31,2025-07-28,Nyamasheke,Rangiro,55,236,0.233,20.5,19.8,63,90
2025-W31,2025-07-28,Nyamasheke,Ruharambuga,60,275,0.218,20.5,19.8,63,90
2025-W31,2025-07-28,Nyamasheke,Shangi,76,302,0.252,20.5,19.8,63,90
2025-W32,2025-08-04,Nyamasheke,Mahembe,80,338,0.237,18.4,20.1,63,89
2025-W32,2025-08-04,Nyamasheke,Kagano,62,232,0.267,18.4,20.1,63,89
2025-W32,2025-08-04,Nyamasheke,Macuba,67,255,0.263,18.4,20.1,63,89
2025-W32,2025-08-04,Nyamasheke,Kanjongo,81,314,0.258,18.4,20.1,63,89
2025-W32,2025-08-04,Nyamasheke,Kirimbi,90,424,0.212,18.4,20.1,63,89
2025-W32,2025-08-04,Nyamasheke,Gihombo,89,466,0.191,18.4,20.1,63,89
2025-W32,2025-08-04,Nyamasheke,Bushekeri,57,216,0.264,18.4,20.1,63,89
2025-W32,2025-08-04,Nyamasheke,Bushenge,37,181,0.204,18.4,20.1,63,89
2025-W32,2025-08-04,Nyamasheke,Cyato,80,312,0.256,18.4,20.1,63,89
2025-W32,2025-08-04,Nyamasheke,Karambi,45,184,0.245,18.4,20.1,63,89
2025-W32,2025-08-04,Nyamasheke,Karengera,78,406,0.192,18.4,20.1,63,89
2025-W32,2025-08-04,Nyamasheke,Nyabitekeri,57,250,0.228,18.4,20.1,63,89
2025-W32,2025-08-04,Nyamasheke,Rangiro,43,225,0.191,18.4,20.1,63,89
2025-W32,2025-08-04,Nyamasheke,Ruharambuga,44,191,0.23,18.4,20.1,63,89
2025-W32,2025-08-04,Nyamasheke,Shangi,59,264,0.223,18.4,20.1,63,89
2025-W33,2025-08-11,Nyamasheke,Mahembe,72,409,0.176,35.3,19.9,63,92
2025-W33,2025-08-11,Nyamasheke,Kagano,42,257,0.163,35.3,19.9,63,92
2025-W33,2025-08-11,Nyamasheke,Macuba,54,223,0.242,35.3,19.9,63,92
2025-W33,2025-08-11,Nyamasheke,Kanjongo,51,236,0.216,35.3,19.9,63,92
2025-W33,2025-08-11,Nyamasheke,Kirimbi,50,265,0.189,35.3,19.9,63,92
2025-W33,2025-08-11,Nyamasheke,Gihombo,68,338,0.201,35.3,19.9,63,92
2025-W33,2025-08-11,Nyamasheke,Bushekeri,36,214,0.168,35.3,19.9,63,92
2025-W33,2025-08-11,Nyamasheke,Bushenge,29,137,0.212,35.3,19.9,63,92
2025-W33,2025-08-11,Nyamasheke,Cyato,57,329,0.173,35.3,19.9,63,92
2025-W33,2025-08-11,Nyamasheke,Karambi,25,105,0.238,35.3,19.9,63,92
2025-W33,2025-08-11,Nyamasheke,Karengera,65,318,0.204,35.3,19.9,63,92
2025-W33,2025-08-11,Nyamasheke,Nyabitekeri,34,142,0.239,35.3,19.9,63,92
2025-W33,2025-08-11,Nyamasheke,Rangiro,33,182,0.181,35.3,19.9,63,92
2025-W33,2025-08-11,Nyamasheke,Ruharambuga,30,175,0.171,35.3,19.9,63,92
2025-W33,2025-08-11,Nyamasheke,Shangi,55,286,0.192,35.3,19.9,63,92
2025-W34,2025-08-18,Nyamasheke,Mahembe,62,347,0.179,29.1,19.8,63,91
2025-W34,2025-08-18,Nyamasheke,Kagano,44,202,0.218,29.1,19.8,63,91
2025-W34,2025-08-18,Nyamasheke,Macuba,50,227,0.22,29.1,19.8,63,91
2025-W34,2025-08-18,Nyamasheke,Kanjongo,56,248,0.226,29.1,19.8,63,91
2025-W34,2025-08-18,Nyamasheke,Kirimbi,63,359,0.175,29.1,19.8,63,91
2025-W34,2025-08-18,Nyamasheke,Gihombo,67,329,0.204,29.1,19.8,63,91
2025-W34,2025-08-18,Nyamasheke,Bushekeri,43,179,0.24,29.1,19.8,63,91
2025-W34,2025-08-18,Nyamasheke,Bushenge,30,173,0.173,29.1,19.8,63,91
2025-W34,2025-08-18,Nyamasheke,Cyato,65,322,0.202,29.1,19.8,63,91
2025-W34,2025-08-18,Nyamasheke,Karambi,27,118,0.229,29.1,19.8,63,91
2025-W34,2025-08-18,Nyamasheke,Karengera,65,284,0.229,29.1,19.8,63,91
2025-W34,2025-08-18,Nyamasheke,Nyabitekeri,40,201,0.199,29.1,19.8,63,91
2025-W34,2025-08-18,Nyamasheke,Rangiro,33,167,0.198,29.1,19.8,63,91
2025-W34,2025-08-18,Nyamasheke,Ruharambuga,27,112,0.241,29.1,19.8,63,91
2025-W34,2025-08-18,Nyamasheke,Shangi,59,267,0.221,29.1,19.8,63,91
2025-W35,2025-08-25,Nyamasheke,Mahembe,60,279,0.215,32.5,19.1,63,90
2025-W35,2025-08-25,Nyamasheke,Kagano,31,193,0.161,32.5,19.1,63,90
2025-W35,2025-08-25,Nyamasheke,Macuba,47,213,0.221,32.5,19.1,63,90
2025-W35,2025-08-25,Nyamasheke,Kanjongo,47,215,0.219,32.5,19.1,63,90
2025-W35,2025-08-25,Nyamasheke,Kirimbi,55,344,0.16,32.5,19.1,63,90
2025-W35,2025-08-25,Nyamasheke,Gihombo,58,378,0.153,32.5,19.1,63,90
2025-W35,2025-08-25,Nyamasheke,Bushekeri,38,224,0.17,32.5,19.1,63,90
2025-W35,2025-08-25,Nyamasheke,Bushenge,33,151,0.219,32.5,19.1,63,90
2025-W35,2025-08-25,Nyamasheke,Cyato,61,404,0.151,32.5,19.1,63,90
2025-W35,2025-08-25,Nyamasheke,Karambi,29,130,0.223,32.5,19.1,63,90
2025-W35,2025-08-25,Nyamasheke,Karengera,61,319,0.191,32.5,19.1,63,90
2025-W35,2025-08-25,Nyamasheke,Nyabitekeri,40,226,0.177,32.5,19.1,63,90
2025-W35,2025-08-25,Nyamasheke,Rangiro,31,185,0.168,32.5,19.1,63,90
2025-W35,2025-08-25,Nyamasheke,Ruharambuga,26,121,0.215,32.5,19.1,63,90
2025-W35,2025-08-25,Nyamasheke,Shangi,51,336,0.152,32.5,19.1,63,90
2025-W36,2025-09-01,Nyamasheke,Mahembe,62,354,0.175,59.4,19.6,63,89
2025-W36,2025-09-01,Nyamasheke,Kagano,36,222,0.162,59.4,19.6,63,89
2025-W36,2025-09-01,Nyamasheke,Macuba,54,340,0.159,59.4,19.6,63,89
2025-W36,2025-09-01,Nyamasheke,Kanjongo,62,325,0.191,59.4,19.6,63,89
2025-W36,2025-09-01,Nyamasheke,Kirimbi,60,360,0.167,59.4,19.6,63,89
2025-W36,2025-09-01,Nyamasheke,Gihombo,90,575,0.157,59.4,19.6,63,89
2025-W36,2025-09-01,Nyamasheke,Bushekeri,44,199,0.221,59.4,19.6,63,89
2025-W36,2025-09-01,Nyamasheke,Bushenge,28,158,0.177,59.4,19.6,63,89
2025-W36,2025-09-01,Nyamasheke,Cyato,53,242,0.219,59.4,19.6,63,89
2025-W36,2025-09-01,Nyamasheke,Karambi,31,157,0.197,59.4,19.6,63,89
2025-W36,2025-09-01,Nyamasheke,Karengera,58,335,0.173,59.4,19.6,63,89
2025-W36,2025-09-01,Nyamasheke,Nyabitekeri,43,208,0.207,59.4,19.6,63,89
2025-W36,2025-09-01,Nyamasheke,Rangiro,32,176,0.182,59.4,19.6,63,89
2025-W36,2025-09-01,Nyamasheke,Ruharambuga,33,156,0.212,59.4,19.6,63,89
2025-W36,2025-09-01,Nyamasheke,Shangi,53,327,0.162,59.4,19.6,63,89
2025-W37,2025-09-08,Nyamasheke,Mahembe,64,310,0.206,48.9,19.2,63,88
2025-W37,2025-09-08,Nyamasheke,Kagano,43,268,0.16,48.9,19.2,63,88
2025-W37,2025-09-08,Nyamasheke,Macuba,48,268,0.179,48.9,19.2,63,88
2025-W37,2025-09-08,Nyamasheke,Kanjongo,55,293,0.188,48.9,19.2,63,88
2025-W37,2025-09-08,Nyamasheke,Kirimbi,54,255,0.212,48.9,19.2,63,88
2025-W37,2025-09-08,Nyamasheke,Gihombo,76,450,0.169,48.9,19.2,63,88
2025-W37,2025-09-08,Nyamasheke,Bushekeri,34,211,0.161,48.9,19.2,63,88
2025-W37,2025-09-08,Nyamasheke,Bushenge,27,188,0.144,48.9,19.2,63,88
2025-W37,2025-09-08,Nyamasheke,Cyato,64,308,0.208,48.9,19.2,63,88
2025-W37,2025-09-08,Nyamasheke,Karambi,34,183,0.186,48.9,19.2,63,88
2025-W37,2025-09-08,Nyamasheke,Karengera,59,269,0.219,48.9,19.2,63,88
2025-W37,2025-09-08,Nyamasheke,Nyabitekeri,46,252,0.183,48.9,19.2,63,88
2025-W37,2025-09-08,Nyamasheke,Rangiro,31,177,0.175,48.9,19.2,63,88
2025-W37,2025-09-08,Nyamasheke,Ruharambuga,28,141,0.199,48.9,19.2,63,88
2025-W37,2025-09-08,Nyamasheke,Shangi,57,336,0.17,48.9,19.2,63,88
2025-W38,2025-09-15,Nyamasheke,Mahembe,65,322,0.202,53.0,18.5,63,89
2025-W38,2025-09-15,Nyamasheke,Kagano,32,188,0.17,53.0,18.5,63,89
2025-W38,2025-09-15,Nyamasheke,Macuba,41,209,0.196,53.0,18.5,63,89
2025-W38,2025-09-15,Nyamasheke,Kanjongo,44,236,0.186,53.0,18.5,63,89
2025-W38,2025-09-15,Nyamasheke,Kirimbi,61,366,0.167,53.0,18.5,63,89
2025-W38,2025-09-15,Nyamasheke,Gihombo,59,357,0.165,53.0,18.5,63,89
2025-W38,2025-09-15,Nyamasheke,Bushekeri,31,145,0.214,53.0,18.5,63,89
2025-W38,2025-09-15,Nyamasheke,Bushenge,29,138,0.21,53.0,18.5,63,89
2025-W38,2025-09-15,Nyamasheke,Cyato,50,328,0.152,53.0,18.5,63,89
2025-W38,2025-09-15,Nyamasheke,Karambi,29,137,0.212,53.0,18.5,63,89
2025-W38,2025-09-15,Nyamasheke,Karengera,59,290,0.203,53.0,18.5,63,89
2025-W38,2025-09-15,Nyamasheke,Nyabitekeri,43,212,0.203,53.0,18.5,63,89
2025-W38,2025-09-15,Nyamasheke,Rangiro,27,179,0.151,53.0,18.5,63,89
2025-W38,2025-09-15,Nyamasheke,Ruharambuga,30,141,0.213,53.0,18.5,63,89
2025-W38,2025-09-15,Nyamasheke,Shangi,56,284,0.197,53.0,18.5,63,89
2025-W39,2025-09-22,Nyamasheke,Mahembe,49,317,0.155,69.8,19.0,63,88
2025-W39,2025-09-22,Nyamasheke,Kagano,34,229,0.148,69.8,19.0,63,88
2025-W39,2025-09-22,Nyamasheke,Macuba,32,205,0.156,69.8,19.0,63,88
2025-W39,2025-09-22,Nyamasheke,Kanjongo,39,226,0.173,69.8,19.0,63,88
2025-W39,2025-09-22,Nyamasheke,Kirimbi,36,216,0.167,69.8,19.0,63,88
2025-W39,2025-09-22,Nyamasheke,Gihombo,49,217,0.226,69.8,19.0,63,88
2025-W39,2025-09-22,Nyamasheke,Bushekeri,29,178,0.163,69.8,19.0,63,88
2025-W39,2025-09-22,Nyamasheke,Bushenge,22,99,0.222,69.8,19.0,63,88
2025-W39,2025-09-22,Nyamasheke,Cyato,40,193,0.207,69.8,19.0,63,88
2025-W39,2025-09-22,Nyamasheke,Karambi,24,137,0.175,69.8,19.0,63,88
2025-W39,2025-09-22,Nyamasheke,Karengera,54,298,0.181,69.8,19.0,63,88
2025-W39,2025-09-22,Nyamasheke,Nyabitekeri,30,139,0.216,69.8,19.0,63,88
2025-W39,2025-09-22,Nyamasheke,Rangiro,25,130,0.192,69.8,19.0,63,88
2025-W39,2025-09-22,Nyamasheke,Ruharambuga,20,119,0.168,69.8,19.0,63,88
2025-W39,2025-09-22,Nyamasheke,Shangi,42,215,0.195,69.8,19.0,63,88
2025-W40,2025-09-29,Nyamasheke,Mahembe,67,414,0.162,89.6,19.2,63,89
2025-W40,2025-09-29,Nyamasheke,Kagano,38,194,0.196,89.6,19.2,63,89
2025-W40,2025-09-29,Nyamasheke,Macuba,54,254,0.213,89.6,19.2,63,89
2025-W40,2025-09-29,Nyamasheke,Kanjongo,61,451,0.135,89.6,19.2,63,89
2025-W40,2025-09-29,Nyamasheke,Kirimbi,72,341,0.211,89.6,19.2,63,89
2025-W40,2025-09-29,Nyamasheke,Gihombo,79,399,0.198,89.6,19.2,63,89
2025-W40,2025-09-29,Nyamasheke,Bushekeri,39,233,0.167,89.6,19.2,63,89
2025-W40,2025-09-29,Nyamasheke,Bushenge,33,185,0.178,89.6,19.2,63,89
2025-W40,2025-09-29,Nyamasheke,Cyato,63,320,0.197,89.6,19.2,63,89
2025-W40,2025-09-29,Nyamasheke,Karambi,30,214,0.14,89.6,19.2,63,89
2025-W40,2025-09-29,Nyamasheke,Karengera,73,503,0.145,89.6,19.2,63,89
2025-W40,2025-09-29,Nyamasheke,Nyabitekeri,54,299,0.181,89.6,19.2,63,89
2025-W40,2025-09-29,Nyamasheke,Rangiro,35,219,0.16,89.6,19.2,63,89
2025-W40,2025-09-29,Nyamasheke,Ruharambuga,35,199,0.176,89.6,19.2,63,89
2025-W40,2025-09-29,Nyamasheke,Shangi,57,396,0.144,89.6,19.2,63,89
2025-W41,2025-10-06,Nyamasheke,Mahembe,101,454,0.222,64.9,18.9,66,89
2025-W41,2025-10-06,Nyamasheke,Kagano,46,240,0.192,64.9,18.9,66,89
2025-W41,2025-10-06,Nyamasheke,Macuba,59,292,0.202,64.9,18.9,66,89
2025-W41,2025-10-06,Nyamasheke,Kanjongo,58,245,0.237,64.9,18.9,66,89
2025-W41,2025-10-06,Nyamasheke,Kirimbi,68,329,0.207,64.9,18.9,66,89
2025-W41,2025-10-06,Nyamasheke,Gihombo,80,459,0.174,64.9,18.9,66,89
2025-W41,2025-10-06,Nyamasheke,Bushekeri,50,217,0.23,64.9,18.9,66,89
2025-W41,2025-10-06,Nyamasheke,Bushenge,35,208,0.168,64.9,18.9,66,89
2025-W41,2025-10-06,Nyamasheke,Cyato,71,323,0.22,64.9,18.9,66,89
2025-W41,2025-10-06,Nyamasheke,Karambi,39,165,0.236,64.9,18.9,66,89
2025-W41,2025-10-06,Nyamasheke,Karengera,74,395,0.187,64.9,18.9,66,89
2025-W41,2025-10-06,Nyamasheke,Nyabitekeri,51,271,0.188,64.9,18.9,66,89
2025-W41,2025-10-06,Nyamasheke,Rangiro,34,189,0.18,64.9,18.9,66,89
2025-W41,2025-10-06,Nyamasheke,Ruharambuga,36,157,0.229,64.9,18.9,66,89
2025-W41,2025-10-06,Nyamasheke,Shangi,60,300,0.2,64.9,18.9,66,89
2025-W42,2025-10-13,Nyamasheke,Mahembe,84,491,0.171,69.7,18.8,66,91
2025-W42,2025-10-13,Nyamasheke,Kagano,60,254,0.236,69.7,18.8,66,91
2025-W42,2025-10-13,Nyamasheke,Macuba,65,297,0.219,69.7,18.8,66,91
2025-W42,2025-10-13,Nyamasheke,Kanjongo,59,300,0.197,69.7,18.8,66,91
2025-W42,2025-10-13,Nyamasheke,Kirimbi,80,426,0.188,69.7,18.8,66,91
2025-W42,2025-10-13,Nyamasheke,Gihombo,92,459,0.2,69.7,18.8,66,91
2025-W42,2025-10-13,Nyamasheke,Bushekeri,45,255,0.176,69.7,18.8,66,91
2025-W42,2025-10-13,Nyamasheke,Bushenge,34,143,0.238,69.7,18.8,66,91
2025-W42,2025-10-13,Nyamasheke,Cyato,77,371,0.208,69.7,18.8,66,91
2025-W42,2025-10-13,Nyamasheke,Karambi,46,231,0.199,69.7,18.8,66,91
2025-W42,2025-10-13,Nyamasheke,Karengera,81,375,0.216,69.7,18.8,66,91
2025-W42,2025-10-13,Nyamasheke,Nyabitekeri,57,304,0.188,69.7,18.8,66,91
2025-W42,2025-10-13,Nyamasheke,Rangiro,31,169,0.183,69.7,18.8,66,91
2025-W42,2025-10-13,Nyamasheke,Ruharambuga,30,134,0.224,69.7,18.8,66,91
2025-W42,2025-10-13,Nyamasheke,Shangi,62,313,0.198,69.7,18.8,66,91
2025-W43,2025-10-20,Nyamasheke,Mahembe,99,437,0.227,79.1,18.8,66,92
2025-W43,2025-10-20,Nyamasheke,Kagano,49,222,0.221,79.1,18.8,66,92
2025-W43,2025-10-20,Nyamasheke,Macuba,70,269,0.26,79.1,18.8,66,92
2025-W43,2025-10-20,Nyamasheke,Kanjongo,65,321,0.202,79.1,18.8,66,92
2025-W43,2025-10-20,Nyamasheke,Kirimbi,92,421,0.219,79.1,18.8,66,92
2025-W43,2025-10-20,Nyamasheke,Gihombo,84,384,0.219,79.1,18.8,66,92
2025-W43,2025-10-20,Nyamasheke,Bushekeri,60,256,0.234,79.1,18.8,66,92
2025-W43,2025-10-20,Nyamasheke,Bushenge,45,203,0.222,79.1,18.8,66,92
2025-W43,2025-10-20,Nyamasheke,Cyato,91,430,0.212,79.1,18.8,66,92
2025-W43,2025-10-20,Nyamasheke,Karambi,46,195,0.236,79.1,18.8,66,92
2025-W43,2025-10-20,Nyamasheke,Karengera,103,489,0.211,79.1,18.8,66,92
2025-W43,2025-10-20,Nyamasheke,Nyabitekeri,66,266,0.248,79.1,18.8,66,92
2025-W43,2025-10-20,Nyamasheke,Rangiro,39,149,0.262,79.1,18.8,66,92
2025-W43,2025-10-20,Nyamasheke,Ruharambuga,48,194,0.247,79.1,18.8,66,92
2025-W43,2025-10-20,Nyamasheke,Shangi,76,278,0.273,79.1,18.8,66,92
2025-W44,2025-10-27,Nyamasheke,Mahembe,114,378,0.302,56.5,18.3,66,92
2025-W44,2025-10-27,Nyamasheke,Kagano,68,266,0.256,56.5,18.3,66,92
2025-W44,2025-10-27,Nyamasheke,Macuba,82,250,0.328,56.5,18.3,66,92
2025-W44,2025-10-27,Nyamasheke,Kanjongo,83,327,0.254,56.5,18.3,66,92
2025-W44,2025-10-27,Nyamasheke,Kirimbi,96,370,0.259,56.5,18.3,66,92
2025-W44,2025-10-27,Nyamasheke,Gihombo,136,445,0.306,56.5,18.3,66,92
2025-W44,2025-10-27,Nyamasheke,Bushekeri,69,215,0.321,56.5,18.3,66,92
2025-W44,2025-10-27,Nyamasheke,Bushenge,48,169,0.284,56.5,18.3,66,92
2025-W44,2025-10-27,Nyamasheke,Cyato,103,400,0.258,56.5,18.3,66,92
2025-W44,2025-10-27,Nyamasheke,Karambi,53,203,0.261,56.5,18.3,66,92
2025-W44,2025-10-27,Nyamasheke,Karengera,117,399,0.293,56.5,18.3,66,92
2025-W44,2025-10-27,Nyamasheke,Nyabitekeri,79,260,0.304,56.5,18.3,66,92
2025-W44,2025-10-27,Nyamasheke,Rangiro,54,197,0.274,56.5,18.3,66,92
2025-W44,2025-10-27,Nyamasheke,Ruharambuga,49,160,0.306,56.5,18.3,66,92
2025-W44,2025-10-27,Nyamasheke,Shangi,81,292,0.277,56.5,18.3,66,92
2025-W45,2025-11-03,Nyamasheke,Mahembe,123,335,0.367,67.5,18.5,66,91
2025-W45,2025-11-03,Nyamasheke,Kagano,69,178,0.388,67.5,18.5,66,91
2025-W45,2025-11-03,Nyamasheke,Macuba,89,248,0.359,67.5,18.5,66,91
2025-W45,2025-11-03,Nyamasheke,Kanjongo,88,239,0.368,67.5,18.5,66,91
2025-W45,2025-11-03,Nyamasheke,Kirimbi,125,327,0.382,67.5,18.5,66,91
2025-W45,2025-11-03,Nyamasheke,Gihombo,107,331,0.323,67.5,18.5,66,91
2025-W45,2025-11-03,Nyamasheke,Bushekeri,58,152,0.382,67.5,18.5,66,91
2025-W45,2025-11-03,Nyamasheke,Bushenge,48,122,0.393,67.5,18.5,66,91
2025-W45,2025-11-03,Nyamasheke,Cyato,115,303,0.38,67.5,18.5,66,91
2025-W45,2025-11-03,Nyamasheke,Karambi,59,164,0.36,67.5,18.5,66,91
2025-W45,2025-11-03,Nyamasheke,Karengera,112,337,0.332,67.5,18.5,66,91
2025-W45,2025-11-03,Nyamasheke,Nyabitekeri,81,212,0.382,67.5,18.5,66,91
2025-W45,2025-11-03,Nyamasheke,Rangiro,55,174,0.316,67.5,18.5,66,91
2025-W45,2025-11-03,Nyamasheke,Ruharambuga,48,142,0.338,67.5,18.5,66,91
2025-W45,2025-11-03,Nyamasheke,Shangi,81,209,0.388,67.5,18.5,66,91
2025-W46,2025-11-10,Nyamasheke,Mahembe,135,335,0.403,53.2,18.5,66,89
2025-W46,2025-11-10,Nyamasheke,Kagano,83,216,0.384,53.2,18.5,66,89
2025-W46,2025-11-10,Nyamasheke,Macuba,108,315,0.343,53.2,18.5,66,89
2025-W46,2025-11-10,Nyamasheke,Kanjongo,121,326,0.371,53.2,18.5,66,89
2025-W46,2025-11-10,Nyamasheke,Kirimbi,154,441,0.349,53.2,18.5,66,89
2025-W46,2025-11-10,Nyamasheke,Gihombo,132,357,0.37,53.2,18.5,66,89
2025-W46,2025-11-10,Nyamasheke,Bushekeri,75,221,0.339,53.2,18.5,66,89
2025-W46,2025-11-10,Nyamasheke,Bushenge,55,140,0.393,53.2,18.5,66,89
2025-W46,2025-11-10,Nyamasheke,Cyato,131,337,0.389,53.2,18.5,66,89
2025-W46,2025-11-10,Nyamasheke,Karambi,56,163,0.344,53.2,18.5,66,89
2025-W46,2025-11-10,Nyamasheke,Karengera,135,394,0.343,53.2,18.5,66,89
2025-W46,2025-11-10,Nyamasheke,Nyabitekeri,96,264,0.364,53.2,18.5,66,89
2025-W46,2025-11-10,Nyamasheke,Rangiro,54,142,0.38,53.2,18.5,66,89
2025-W46,2025-11-10,Nyamasheke,Ruharambuga,65,168,0.387,53.2,18.5,66,89
2025-W46,2025-11-10,Nyamasheke,Shangi,126,318,0.396,53.2,18.5,66,89
2025-W47,2025-11-17,Nyamasheke,Mahembe,115,243,0.473,22.2,18.2,66,91
2025-W47,2025-11-17,Nyamasheke,Kagano,92,218,0.422,22.2,18.2,66,91
2025-W47,2025-11-17,Nyamasheke,Macuba,98,211,0.464,22.2,18.2,66,91
2025-W47,2025-11-17,Nyamasheke,Kanjongo,103,230,0.448,22.2,18.2,66,91
2025-W47,2025-11-17,Nyamasheke,Kirimbi,136,312,0.436,22.2,18.2,66,91
2025-W47,2025-11-17,Nyamasheke,Gihombo,156,366,0.426,22.2,18.2,66,91
2025-W47,2025-11-17,Nyamasheke,Bushekeri,86,184,0.467,22.2,18.2,66,91
2025-W47,2025-11-17,Nyamasheke,Bushenge,56,136,0.412,22.2,18.2,66,91
2025-W47,2025-11-17,Nyamasheke,Cyato,139,316,0.44,22.2,18.2,66,91
2025-W47,2025-11-17,Nyamasheke,Karambi,77,165,0.467,22.2,18.2,66,91
2025-W47,2025-11-17,Nyamasheke,Karengera,170,389,0.437,22.2,18.2,66,91
2025-W47,2025-11-17,Nyamasheke,Nyabitekeri,98,224,0.438,22.2,18.2,66,91
2025-W47,2025-11-17,Nyamasheke,Rangiro,72,162,0.444,22.2,18.2,66,91
2025-W47,2025-11-17,Nyamasheke,Ruharambuga,58,123,0.472,22.2,18.2,66,91
2025-W47,2025-11-17,Nyamasheke,Shangi,105,227,0.463,22.2,18.2,66,91
2025-W48,2025-11-24,Nyamasheke,Mahembe,131,243,0.539,29.1,18.3,66,89
2025-W48,2025-11-24,Nyamasheke,Kagano,90,184,0.489,29.1,18.3,66,89
2025-W48,2025-11-24,Nyamasheke,Macuba,104,211,0.493,29.1,18.3,66,89
2025-W48,2025-11-24,Nyamasheke,Kanjongo,128,249,0.514,29.1,18.3,66,89
2025-W48,2025-11-24,Nyamasheke,Kirimbi,107,208,0.514,29.1,18.3,66,89
2025-W48,2025-11-24,Nyamasheke,Gihombo,179,355,0.504,29.1,18.3,66,89
2025-W48,2025-11-24,Nyamasheke,Bushekeri,103,198,0.52,29.1,18.3,66,89
2025-W48,2025-11-24,Nyamasheke,Bushenge,67,127,0.528,29.1,18.3,66,89
2025-W48,2025-11-24,Nyamasheke,Cyato,119,236,0.504,29.1,18.3,66,89
2025-W48,2025-11-24,Nyamasheke,Karambi,78,166,0.47,29.1,18.3,66,89
2025-W48,2025-11-24,Nyamasheke,Karengera,151,307,0.492,29.1,18.3,66,89
2025-W48,2025-11-24,Nyamasheke,Nyabitekeri,94,184,0.511,29.1,18.3,66,89
2025-W48,2025-11-24,Nyamasheke,Rangiro,70,151,0.464,29.1,18.3,66,89
2025-W48,2025-11-24,Nyamasheke,Ruharambuga,54,103,0.524,29.1,18.3,66,89
2025-W48,2025-11-24,Nyamasheke,Shangi,125,267,0.468,29.1,18.3,66,89
2025-W49,2025-12-01,Nyamasheke,Mahembe,165,314,0.525,29.4,18.2,66,91
2025-W49,2025-12-01,Nyamasheke,Kagano,106,189,0.561,29.4,18.2,66,91
2025-W49,2025-12-01,Nyamasheke,Macuba,120,209,0.574,29.4,18.2,66,91
2025-W49,2025-12-01,Nyamasheke,Kanjongo,165,331,0.498,29.4,18.2,66,91
2025-W49,2025-12-01,Nyamasheke,Kirimbi,161,298,0.54,29.4,18.2,66,91
2025-W49,2025-12-01,Nyamasheke,Gihombo,175,309,0.566,29.4,18.2,66,91
2025-W49,2025-12-01,Nyamasheke,Bushekeri,124,216,0.574,29.4,18.2,66,91
2025-W49,2025-12-01,Nyamasheke,Bushenge,85,159,0.535,29.4,18.2,66,91
2025-W49,2025-12-01,Nyamasheke,Cyato,147,256,0.574,29.4,18.2,66,91
2025-W49,2025-12-01,Nyamasheke,Karambi,96,171,0.561,29.4,18.2,66,91
2025-W49,2025-12-01,Nyamasheke,Karengera,170,297,0.572,29.4,18.2,66,91
2025-W49,2025-12-01,Nyamasheke,Nyabitekeri,136,240,0.567,29.4,18.2,66,91
2025-W49,2025-12-01,Nyamasheke,Rangiro,84,154,0.545,29.4,18.2,66,91
2025-W49,2025-12-01,Nyamasheke,Ruharambuga,91,181,0.503,29.4,18.2,66,91
2025-W49,2025-12-01,Nyamasheke,Shangi,147,260,0.565,29.4,18.2,66,91
2025-W50,2025-12-08,Nyamasheke,Mahembe,154,305,0.505,18.9,18.2,66,91
2025-W50,2025-12-08,Nyamasheke,Kagano,114,211,0.54,18.9,18.2,66,91
2025-W50,2025-12-08,Nyamasheke,Macuba,119,229,0.52,18.9,18.2,66,91
2025-W50,2025-12-08,Nyamasheke,Kanjongo,128,240,0.533,18.9,18.2,66,91
2025-W50,2025-12-08,Nyamasheke,Kirimbi,199,364,0.547,18.9,18.2,66,91
2025-W50,2025-12-08,Nyamasheke,Gihombo,187,351,0.533,18.9,18.2,66,91
2025-W50,2025-12-08,Nyamasheke,Bushekeri,122,234,0.521,18.9,18.2,66,91
2025-W50,2025-12-08,Nyamasheke,Bushenge,72,140,0.514,18.9,18.2,66,91
2025-W50,2025-12-08,Nyamasheke,Cyato,150,270,0.556,18.9,18.2,66,91
2025-W50,2025-12-08,Nyamasheke,Karambi,102,183,0.557,18.9,18.2,66,91
2025-W50,2025-12-08,Nyamasheke,Karengera,153,292,0.524,18.9,18.2,66,91
2025-W50,2025-12-08,Nyamasheke,Nyabitekeri,121,214,0.565,18.9,18.2,66,91
2025-W50,2025-12-08,Nyamasheke,Rangiro,92,163,0.564,18.9,18.2,66,91
2025-W50,2025-12-08,Nyamasheke,Ruharambuga,93,171,0.544,18.9,18.2,66,91
2025-W50,2025-12-08,Nyamasheke,Shangi,147,264,0.557,18.9,18.2,66,91
2025-W51,2025-12-15,Nyamasheke,Mahembe,187,342,0.547,22.4,19.0,66,91
2025-W51,2025-12-15,Nyamasheke,Kagano,106,213,0.498,22.4,19.0,66,91
2025-W51,2025-12-15,Nyamasheke,Macuba,143,275,0.52,22.4,19.0,66,91
2025-W51,2025-12-15,Nyamasheke,Kanjongo,125,237,0.527,22.4,19.0,66,91
2025-W51,2025-12-15,Nyamasheke,Kirimbi,166,316,0.525,22.4,19.0,66,91
2025-W51,2025-12-15,Nyamasheke,Gihombo,204,379,0.538,22.4,19.0,66,91
2025-W51,2025-12-15,Nyamasheke,Bushekeri,101,203,0.498,22.4,19.0,66,91
2025-W51,2025-12-15,Nyamasheke,Bushenge,92,178,0.517,22.4,19.0,66,91
2025-W51,2025-12-15,Nyamasheke,Cyato,178,357,0.499,22.4,19.0,66,91
2025-W51,2025-12-15,Nyamasheke,Karambi,73,134,0.545,22.4,19.0,66,91
2025-W51,2025-12-15,Nyamasheke,Karengera,153,300,0.51,22.4,19.0,66,91
2025-W51,2025-12-15,Nyamasheke,Nyabitekeri,136,252,0.54,22.4,19.0,66,91
2025-W51,2025-12-15,Nyamasheke,Rangiro,75,145,0.517,22.4,19.0,66,91
2025-W51,2025-12-15,Nyamasheke,Ruharambuga,96,179,0.536,22.4,19.0,66,91
2025-W51,2025-12-15,Nyamasheke,Shangi,139,248,0.56,22.4,19.0,66,91
2025-W52,2025-12-22,Nyamasheke,Mahembe,159,338,0.47,17.6,18.6,66,91
2025-W52,2025-12-22,Nyamasheke,Kagano,118,243,0.486,17.6,18.6,66,91
2025-W52,2025-12-22,Nyamasheke,Macuba,103,215,0.479,17.6,18.6,66,91
2025-W52,2025-12-22,Nyamasheke,Kanjongo,119,261,0.456,17.6,18.6,66,91
2025-W52,2025-12-22,Nyamasheke,Kirimbi,191,407,0.469,17.6,18.6,66,91
2025-W52,2025-12-22,Nyamasheke,Gihombo,206,417,0.494,17.6,18.6,66,91
2025-W52,2025-12-22,Nyamasheke,Bushekeri,109,212,0.514,17.6,18.6,66,91
2025-W52,2025-12-22,Nyamasheke,Bushenge,66,133,0.496,17.6,18.6,66,91
2025-W52,2025-12-22,Nyamasheke,Cyato,159,334,0.476,17.6,18.6,66,91
2025-W52,2025-12-22,Nyamasheke,Karambi,84,166,0.506,17.6,18.6,66,91
2025-W52,2025-12-22,Nyamasheke,Karengera,179,376,0.476,17.6,18.6,66,91
2025-W52,2025-12-22,Nyamasheke,Nyabitekeri,111,253,0.439,17.6,18.6,66,91
2025-W52,2025-12-22,Nyamasheke,Rangiro,70,142,0.493,17.6,18.6,66,91
2025-W52,2025-12-22,Nyamasheke,Ruharambuga,88,195,0.451,17.6,18.6,66,91
2025-W52,2025-12-22,Nyamasheke,Shangi,107,241,0.444,17.6,18.6,66,91
2026-W01,2025-12-29,Nyamasheke,Mahembe,149,335,0.445,12.5,18.9,66,90
2026-W01,2025-12-29,Nyamasheke,Kagano,110,258,0.426,12.5,18.9,66,90
2026-W01,2025-12-29,Nyamasheke,Macuba,107,277,0.386,12.5,18.9,66,90
2026-W01,2025-12-29,Nyamasheke,Kanjongo,159,376,0.423,12.5,18.9,66,90
2026-W01,2025-12-29,Nyamasheke,Kirimbi,147,327,0.45,12.5,18.9,66,90
2026-W01,2025-12-29,Nyamasheke,Gihombo,189,466,0.406,12.5,18.9,66,90
2026-W01,2025-12-29,Nyamasheke,Bushekeri,79,173,0.457,12.5,18.9,66,90
2026-W01,2025-12-29,Nyamasheke,Bushenge,62,137,0.453,12.5,18.9,66,90
2026-W01,2025-12-29,Nyamasheke,Cyato,165,368,0.448,12.5,18.9,66,90
2026-W01,2025-12-29,Nyamasheke,Karambi,69,174,0.397,12.5,18.9,66,90
2026-W01,2025-12-29,Nyamasheke,Karengera,153,363,0.421,12.5,18.9,66,90
2026-W01,2025-12-29,Nyamasheke,Nyabitekeri,126,306,0.412,12.5,18.9,66,90
2026-W01,2025-12-29,Nyamasheke,Rangiro,66,152,0.434,12.5,18.9,66,90
2026-W01,2025-12-29,Nyamasheke,Ruharambuga,84,211,0.398,12.5,18.9,66,90
2026-W01,2025-12-29,Nyamasheke,Shangi,130,313,0.415,12.5,18.9,66,90
2026-W02,2026-01-05,Nyamasheke,Mahembe,119,294,0.405,10.3,18.7,66,92
2026-W02,2026-01-05,Nyamasheke,Kagano,72,201,0.358,10.3,18.7,66,92
2026-W02,2026-01-05,Nyamasheke,Macuba,88,242,0.364,10.3,18.7,66,92
2026-W02,2026-01-05,Nyamasheke,Kanjongo,98,244,0.402,10.3,18.7,66,92
2026-W02,2026-01-05,Nyamasheke,Kirimbi,120,344,0.349,10.3,18.7,66,92
2026-W02,2026-01-05,Nyamasheke,Gihombo,124,308,0.403,10.3,18.7,66,92
2026-W02,2026-01-05,Nyamasheke,Bushekeri,72,211,0.341,10.3,18.7,66,92
2026-W02,2026-01-05,Nyamasheke,Bushenge,53,156,0.34,10.3,18.7,66,92
2026-W02,2026-01-05,Nyamasheke,Cyato,108,325,0.332,10.3,18.7,66,92
2026-W02,2026-01-05,Nyamasheke,Karambi,55,136,0.404,10.3,18.7,66,92
2026-W02,2026-01-05,Nyamasheke,Karengera,99,297,0.333,10.3,18.7,66,92
2026-W02,2026-01-05,Nyamasheke,Nyabitekeri,94,261,0.36,10.3,18.7,66,92
2026-W02,2026-01-05,Nyamasheke,Rangiro,52,144,0.361,10.3,18.7,66,92
2026-W02,2026-01-05,Nyamasheke,Ruharambuga,57,153,0.373,10.3,18.7,66,92
2026-W02,2026-01-05,Nyamasheke,Shangi,99,277,0.357,10.3,18.7,66,92
2026-W03,2026-01-12,Nyamasheke,Mahembe,98,272,0.36,14.0,19.6,66,91
2026-W03,2026-01-12,Nyamasheke,Kagano,60,174,0.345,14.0,19.6,66,91
2026-W03,2026-01-12,Nyamasheke,Macuba,68,188,0.362,14.0,19.6,66,91
2026-W03,2026-01-12,Nyamasheke,Kanjongo,75,244,0.307,14.0,19.6,66,91
2026-W03,2026-01-12,Nyamasheke,Kirimbi,98,282,0.348,14.0,19.6,66,91
2026-W03,2026-01-12,Nyamasheke,Gihombo,118,381,0.31,14.0,19.6,66,91
2026-W03,2026-01-12,Nyamasheke,Bushekeri,61,210,0.29,14.0,19.6,66,91
2026-W03,2026-01-12,Nyamasheke,Bushenge,37,109,0.339,14.0,19.6,66,91
2026-W03,2026-01-12,Nyamasheke,Cyato,78,217,0.359,14.0,19.6,66,91
2026-W03,2026-01-12,Nyamasheke,Karambi,41,121,0.339,14.0,19.6,66,91
2026-W03,2026-01-12,Nyamasheke,Karengera,91,313,0.291,14.0,19.6,66,91
2026-W03,2026-01-12,Nyamasheke,Nyabitekeri,56,155,0.361,14.0,19.6,66,91
2026-W03,2026-01-12,Nyamasheke,Rangiro,39,116,0.336,14.0,19.6,66,91
2026-W03,2026-01-12,Nyamasheke,Ruharambuga,43,146,0.295,14.0,19.6,66,91
2026-W03,2026-01-12,Nyamasheke,Shangi,83,245,0.339,14.0,19.6,66,91
2026-W04,2026-01-19,Nyamasheke,Mahembe,98,297,0.33,16.5,20.2,66,91
2026-W04,2026-01-19,Nyamasheke,Kagano,54,190,0.284,16.5,20.2,66,91
2026-W04,2026-01-19,Nyamasheke,Macuba,61,205,0.298,16.5,20.2,66,91
2026-W04,2026-01-19,Nyamasheke,Kanjongo,65,209,0.311,16.5,20.2,66,91
2026-W04,2026-01-19,Nyamasheke,Kirimbi,89,318,0.28,16.5,20.2,66,91
2026-W04,2026-01-19,Nyamasheke,Gihombo,118,371,0.318,16.5,20.2,66,91
2026-W04,2026-01-19,Nyamasheke,Bushekeri,65,201,0.323,16.5,20.2,66,91
2026-W04,2026-01-19,Nyamasheke,Bushenge,45,145,0.31,16.5,20.2,66,91
2026-W04,2026-01-19,Nyamasheke,Cyato,94,329,0.286,16.5,20.2,66,91
2026-W04,2026-01-19,Nyamasheke,Karambi,51,192,0.266,16.5,20.2,66,91
2026-W04,2026-01-19,Nyamasheke,Karengera,105,324,0.324,16.5,20.2,66,91
2026-W04,2026-01-19,Nyamasheke,Nyabitekeri,67,214,0.313,16.5,20.2,66,91
2026-W04,2026-01-19,Nyamasheke,Rangiro,50,190,0.263,16.5,20.2,66,91
2026-W04,2026-01-19,Nyamasheke,Ruharambuga,41,151,0.272,16.5,20.2,66,91
2026-W04,2026-01-19,Nyamasheke,Shangi,71,226,0.314,16.5,20.2,66,91
2026-W05,2026-01-26,Nyamasheke,Mahembe,74,283,0.261,23.2,19.3,66,92
2026-W05,2026-01-26,Nyamasheke,Kagano,61,202,0.302,23.2,19.3,66,92
2026-W05,2026-01-26,Nyamasheke,Macuba,58,248,0.234,23.2,19.3,66,92
2026-W05,2026-01-26,Nyamasheke,Kanjongo,69,263,0.262,23.2,19.3,66,92
2026-W05,2026-01-26,Nyamasheke,Kirimbi,73,292,0.25,23.2,19.3,66,92
2026-W05,2026-01-26,Nyamasheke,Gihombo,89,388,0.229,23.2,19.3,66,92
2026-W05,2026-01-26,Nyamasheke,Bushekeri,51,188,0.271,23.2,19.3,66,92
2026-W05,2026-01-26,Nyamasheke,Bushenge,38,142,0.268,23.2,19.3,66,92
2026-W05,2026-01-26,Nyamasheke,Cyato,84,318,0.264,23.2,19.3,66,92
2026-W05,2026-01-26,Nyamasheke,Karambi,40,156,0.256,23.2,19.3,66,92
2026-W05,2026-01-26,Nyamasheke,Karengera,94,345,0.272,23.2,19.3,66,92
2026-W05,2026-01-26,Nyamasheke,Nyabitekeri,56,188,0.298,23.2,19.3,66,92
2026-W05,2026-01-26,Nyamasheke,Rangiro,47,166,0.283,23.2,19.3,66,92
2026-W05,2026-01-26,Nyamasheke,Ruharambuga,41,138,0.297,23.2,19.3,66,92
2026-W05,2026-01-26,Nyamasheke,Shangi,76,266,0.286,23.2,19.3,66,92
2026-W06,2026-02-02,Nyamasheke,Mahembe,67,271,0.247,18.6,20.5,66,91
2026-W06,2026-02-02,Nyamasheke,Kagano,35,134,0.261,18.6,20.5,66,91
2026-W06,2026-02-02,Nyamasheke,Macuba,59,246,0.24,18.6,20.5,66,91
2026-W06,2026-02-02,Nyamasheke,Kanjongo,51,239,0.213,18.6,20.5,66,91
2026-W06,2026-02-02,Nyamasheke,Kirimbi,79,285,0.277,18.6,20.5,66,91
2026-W06,2026-02-02,Nyamasheke,Gihombo,69,280,0.246,18.6,20.5,66,91
2026-W06,2026-02-02,Nyamasheke,Bushekeri,45,222,0.203,18.6,20.5,66,91
2026-W06,2026-02-02,Nyamasheke,Bushenge,28,125,0.224,18.6,20.5,66,91
2026-W06,2026-02-02,Nyamasheke,Cyato,60,231,0.26,18.6,20.5,66,91
2026-W06,2026-02-02,Nyamasheke,Karambi,30,150,0.2,18.6,20.5,66,91
2026-W06,2026-02-02,Nyamasheke,Karengera,77,310,0.248,18.6,20.5,66,91
2026-W06,2026-02-02,Nyamasheke,Nyabitekeri,53,190,0.279,18.6,20.5,66,91
2026-W06,2026-02-02,Nyamasheke,Rangiro,45,165,0.273,18.6,20.5,66,91
2026-W06,2026-02-02,Nyamasheke,Ruharambuga,31,153,0.203,18.6,20.5,66,91
2026-W06,2026-02-02,Nyamasheke,Shangi,45,205,0.22,18.6,20.5,66,91
2026-W07,2026-02-09,Nyamasheke,Mahembe,56,318,0.176,24.3,20.0,66,90
2026-W07,2026-02-09,Nyamasheke,Kagano,37,201,0.184,24.3,20.0,66,90
2026-W07,2026-02-09,Nyamasheke,Macuba,47,221,0.213,24.3,20.0,66,90
2026-W07,2026-02-09,Nyamasheke,Kanjongo,57,359,0.159,24.3,20.0,66,90
2026-W07,2026-02-09,Nyamasheke,Kirimbi,63,293,0.215,24.3,20.0,66,90
2026-W07,2026-02-09,Nyamasheke,Gihombo,57,326,0.175,24.3,20.0,66,90
2026-W07,2026-02-09,Nyamasheke,Bushekeri,38,236,0.161,24.3,20.0,66,90
2026-W07,2026-02-09,Nyamasheke,Bushenge,25,126,0.198,24.3,20.0,66,90
2026-W07,2026-02-09,Nyamasheke,Cyato,62,393,0.158,24.3,20.0,66,90
2026-W07,2026-02-09,Nyamasheke,Karambi,27,161,0.168,24.3,20.0,66,90
2026-W07,2026-02-09,Nyamasheke,Karengera,55,302,0.182,24.3,20.0,66,90
2026-W07,2026-02-09,Nyamasheke,Nyabitekeri,39,209,0.187,24.3,20.0,66,90
2026-W07,2026-02-09,Nyamasheke,Rangiro,31,156,0.199,24.3,20.0,66,90
2026-W07,2026-02-09,Nyamasheke,Ruharambuga,28,136,0.206,24.3,20.0,66,90
2026-W07,2026-02-09,Nyamasheke,Shangi,51,269,0.19,24.3,20.0,66,90
2026-W08,2026-02-16,Nyamasheke,Mahembe,63,359,0.175,37.2,19.8,66,88
2026-W08,2026-02-16,Nyamasheke,Kagano,36,205,0.176,37.2,19.8,66,88
2026-W08,2026-02-16,Nyamasheke,Macuba,47,338,0.139,37.2,19.8,66,88
2026-W08,2026-02-16,Nyamasheke,Kanjongo,54,377,0.143,37.2,19.8,66,88
2026-W08,2026-02-16,Nyamasheke,Kirimbi,56,313,0.179,37.2,19.8,66,88
2026-W08,2026-02-16,Nyamasheke,Gihombo,62,464,0.134,37.2,19.8,66,88
2026-W08,2026-02-16,Nyamasheke,Bushekeri,35,191,0.183,37.2,19.8,66,88
2026-W08,2026-02-16,Nyamasheke,Bushenge,28,215,0.13,37.2,19.8,66,88
2026-W08,2026-02-16,Nyamasheke,Cyato,60,371,0.162,37.2,19.8,66,88
2026-W08,2026-02-16,Nyamasheke,Karambi,30,170,0.176,37.2,19.8,66,88
2026-W08,2026-02-16,Nyamasheke,Karengera,62,424,0.146,37.2,19.8,66,88
2026-W08,2026-02-16,Nyamasheke,Nyabitekeri,50,299,0.167,37.2,19.8,66,88
2026-W08,2026-02-16,Nyamasheke,Rangiro,30,159,0.189,37.2,19.8,66,88
2026-W08,2026-02-16,Nyamasheke,Ruharambuga,29,174,0.167,37.2,19.8,66,88
2026-W08,2026-02-16,Nyamasheke,Shangi,48,268,0.179,37.2,19.8,66,88
2026-W09,2026-02-23,Nyamasheke,Mahembe,48,371,0.129,34.6,20.3,66,92
2026-W09,2026-02-23,Nyamasheke,Kagano,37,229,0.162,34.6,20.3,66,92
2026-W09,2026-02-23,Nyamasheke,Macuba,35,243,0.144,34.6,20.3,66,92
2026-W09,2026-02-23,Nyamasheke,Kanjongo,46,372,0.124,34.6,20.3,66,92
2026-W09,2026-02-23,Nyamasheke,Kirimbi,55,391,0.141,34.6,20.3,66,92
2026-W09,2026-02-23,Nyamasheke,Gihombo,56,387,0.145,34.6,20.3,66,92
2026-W09,2026-02-23,Nyamasheke,Bushekeri,40,229,0.175,34.6,20.3,66,92
2026-W09,2026-02-23,Nyamasheke,Bushenge,27,231,0.117,34.6,20.3,66,92
2026-W09,2026-02-23,Nyamasheke,Cyato,55,323,0.17,34.6,20.3,66,92
2026-W09,2026-02-23,Nyamasheke,Karambi,27,210,0.129,34.6,20.3,66,92
2026-W09,2026-02-23,Nyamasheke,Karengera,65,504,0.129,34.6,20.3,66,92
2026-W09,2026-02-23,Nyamasheke,Nyabitekeri,47,368,0.128,34.6,20.3,66,92
2026-W09,2026-02-23,Nyamasheke,Rangiro,30,173,0.173,34.6,20.3,66,92
2026-W09,2026-02-23,Nyamasheke,Ruharambuga,26,141,0.184,34.6,20.3,66,92
2026-W09,2026-02-23,Nyamasheke,Shangi,46,413,0.111,34.6,20.3,66,92
2026-W10,2026-03-02,Nyamasheke,Mahembe,55,511,0.108,80.0,20.2,66,92
2026-W10,2026-03-02,Nyamasheke,Kagano,36,253,0.142,80.0,20.2,66,92
2026-W10,2026-03-02,Nyamasheke,Macuba,39,356,0.11,80.0,20.2,66,92
2026-W10,2026-03-02,Nyamasheke,Kanjongo,59,416,0.142,80.0,20.2,66,92
2026-W10,2026-03-02,Nyamasheke,Kirimbi,49,424,0.116,80.0,20.2,66,92
2026-W10,2026-03-02,Nyamasheke,Gihombo,67,468,0.143,80.0,20.2,66,92
2026-W10,2026-03-02,Nyamasheke,Bushekeri,34,231,0.147,80.0,20.2,66,92
2026-W10,2026-03-02,Nyamasheke,Bushenge,28,227,0.123,80.0,20.2,66,92
2026-W10,2026-03-02,Nyamasheke,Cyato,50,276,0.181,80.0,20.2,66,92
2026-W10,2026-03-02,Nyamasheke,Karambi,32,242,0.132,80.0,20.2,66,92
2026-W10,2026-03-02,Nyamasheke,Karengera,70,505,0.139,80.0,20.2,66,92
2026-W10,2026-03-02,Nyamasheke,Nyabitekeri,43,405,0.106,80.0,20.2,66,92
2026-W10,2026-03-02,Nyamasheke,Rangiro,33,223,0.148,80.0,20.2,66,92
2026-W10,2026-03-02,Nyamasheke,Ruharambuga,37,232,0.159,80.0,20.2,66,92
2026-W10,2026-03-02,Nyamasheke,Shangi,42,284,0.148,80.0,20.2,66,92
2026-W11,2026-03-09,Nyamasheke,Mahembe,56,278,0.201,63.1,21.0,66,89
2026-W11,2026-03-09,Nyamasheke,Kagano,30,167,0.18,63.1,21.0,66,89
2026-W11,2026-03-09,Nyamasheke,Macuba,38,243,0.156,63.1,21.0,66,89
2026-W11,2026-03-09,Nyamasheke,Kanjongo,49,334,0.147,63.1,21.0,66,89
2026-W11,2026-03-09,Nyamasheke,Kirimbi,47,277,0.17,63.1,21.0,66,89
2026-W11,2026-03-09,Nyamasheke,Gihombo,57,259,0.22,63.1,21.0,66,89
2026-W11,2026-03-09,Nyamasheke,Bushekeri,36,218,0.165,63.1,21.0,66,89
2026-W11,2026-03-09,Nyamasheke,Bushenge,25,133,0.188,63.1,21.0,66,89
2026-W11,2026-03-09,Nyamasheke,Cyato,54,370,0.146,63.1,21.0,66,89
2026-W11,2026-03-09,Nyamasheke,Karambi,27,168,0.161,63.1,21.0,66,89
2026-W11,2026-03-09,Nyamasheke,Karengera,49,263,0.186,63.1,21.0,66,89
2026-W11,2026-03-09,Nyamasheke,Nyabitekeri,37,219,0.169,63.1,21.0,66,89
2026-W11,2026-03-09,Nyamasheke,Rangiro,27,130,0.208,63.1,21.0,66,89
2026-W11,2026-03-09,Nyamasheke,Ruharambuga,27,157,0.172,63.1,21.0,66,89
2026-W11,2026-03-09,Nyamasheke,Shangi,43,236,0.182,63.1,21.0,66,89
2026-W12,2026-03-16,Nyamasheke,Mahembe,61,417,0.146,62.9,21.5,66,91
2026-W12,2026-03-16,Nyamasheke,Kagano,42,203,0.207,62.9,21.5,66,91
2026-W12,2026-03-16,Nyamasheke,Macuba,48,275,0.175,62.9,21.5,66,91
2026-W12,2026-03-16,Nyamasheke,Kanjongo,46,272,0.169,62.9,21.5,66,91
2026-W12,2026-03-16,Nyamasheke,Kirimbi,70,361,0.194,62.9,21.5,66,91
2026-W12,2026-03-16,Nyamasheke,Gihombo,75,480,0.156,62.9,21.5,66,91
2026-W12,2026-03-16,Nyamasheke,Bushekeri,43,231,0.186,62.9,21.5,66,91
2026-W12,2026-03-16,Nyamasheke,Bushenge,29,141,0.206,62.9,21.5,66,91
2026-W12,2026-03-16,Nyamasheke,Cyato,57,332,0.172,62.9,21.5,66,91
2026-W12,2026-03-16,Nyamasheke,Karambi,36,203,0.177,62.9,21.5,66,91
2026-W12,2026-03-16,Nyamasheke,Karengera,60,465,0.129,62.9,21.5,66,91
2026-W12,2026-03-16,Nyamasheke,Nyabitekeri,44,339,0.13,62.9,21.5,66,91
2026-W12,2026-03-16,Nyamasheke,Rangiro,38,282,0.135,62.9,21.5,66,91
2026-W12,2026-03-16,Nyamasheke,Ruharambuga,27,172,0.157,62.9,21.5,66,91
2026-W12,2026-03-16,Nyamasheke,Shangi,42,214,0.196,62.9,21.5,66,91
2026-W13,2026-03-23,Nyamasheke,Mahembe,65,449,0.145,70.9,21.1,66,92
2026-W13,2026-03-23,Nyamasheke,Kagano,34,165,0.206,70.9,21.1,66,92
2026-W13,2026-03-23,Nyamasheke,Macuba,48,281,0.171,70.9,21.1,66,92
2026-W13,2026-03-23,Nyamasheke,Kanjongo,55,281,0.196,70.9,21.1,66,92
2026-W13,2026-03-23,Nyamasheke,Kirimbi,46,209,0.22,70.9,21.1,66,92
2026-W13,2026-03-23,Nyamasheke,Gihombo,59,411,0.144,70.9,21.1,66,92
2026-W13,2026-03-23,Nyamasheke,Bushekeri,37,259,0.143,70.9,21.1,66,92
2026-W13,2026-03-23,Nyamasheke,Bushenge,27,166,0.163,70.9,21.1,66,92
2026-W13,2026-03-23,Nyamasheke,Cyato,55,268,0.205,70.9,21.1,66,92
2026-W13,2026-03-23,Nyamasheke,Karambi,28,138,0.203,70.9,21.1,66,92
2026-W13,2026-03-23,Nyamasheke,Karengera,56,286,0.196,70.9,21.1,66,92
2026-W13,2026-03-23,Nyamasheke,Nyabitekeri,50,253,0.198,70.9,21.1,66,92
2026-W13,2026-03-23,Nyamasheke,Rangiro,22,100,0.22,70.9,21.1,66,92
2026-W13,2026-03-23,Nyamasheke,Ruharambuga,24,157,0.153,70.9,21.1,66,92
2026-W13,2026-03-23,Nyamasheke,Shangi,44,215,0.205,70.9,21.1,66,92
2026-W14,2026-03-30,Nyamasheke,Mahembe,68,271,0.251,78.4,21.0,66,92
2026-W14,2026-03-30,Nyamasheke,Kagano,43,194,0.222,78.4,21.0,66,92
2026-W14,2026-03-30,Nyamasheke,Macuba,42,187,0.225,78.4,21.0,66,92
2026-W14,2026-03-30,Nyamasheke,Kanjongo,57,228,0.25,78.4,21.0,66,92
2026-W14,2026-03-30,Nyamasheke,Kirimbi,74,309,0.239,78.4,21.0,66,92
2026-W14,2026-03-30,Nyamasheke,Gihombo,63,345,0.183,78.4,21.0,66,92
2026-W14,2026-03-30,Nyamasheke,Bushekeri,37,196,0.189,78.4,21.0,66,92
2026-W14,2026-03-30,Nyamasheke,Bushenge,37,189,0.196,78.4,21.0,66,92
2026-W14,2026-03-30,Nyamasheke,Cyato,73,331,0.221,78.4,21.0,66,92
2026-W14,2026-03-30,Nyamasheke,Karambi,36,159,0.226,78.4,21.0,66,92
2026-W14,2026-03-30,Nyamasheke,Karengera,64,339,0.189,78.4,21.0,66,92
2026-W14,2026-03-30,Nyamasheke,Nyabitekeri,47,239,0.197,78.4,21.0,66,92
2026-W14,2026-03-30,Nyamasheke,Rangiro,30,145,0.207,78.4,21.0,66,92
2026-W14,2026-03-30,Nyamasheke,Ruharambuga,28,140,0.2,78.4,21.0,66,92
2026-W14,2026-03-30,Nyamasheke,Shangi,64,322,0.199,78.4,21.0,66,92
2026-W15,2026-04-06,Nyamasheke,Mahembe,62,324,0.191,87.0,21.2,66,91
2026-W15,2026-04-06,Nyamasheke,Kagano,42,221,0.19,87.0,21.2,66,91
2026-W15,2026-04-06,Nyamasheke,Macuba,48,280,0.171,87.0,21.2,66,91
2026-W15,2026-04-06,Nyamasheke,Kanjongo,64,294,0.218,87.0,21.2,66,91
2026-W15,2026-04-06,Nyamasheke,Kirimbi,66,348,0.19,87.0,21.2,66,91
2026-W15,2026-04-06,Nyamasheke,Gihombo,59,304,0.194,87.0,21.2,66,91
2026-W15,2026-04-06,Nyamasheke,Bushekeri,44,179,0.246,87.0,21.2,66,91
2026-W15,2026-04-06,Nyamasheke,Bushenge,33,189,0.175,87.0,21.2,66,91
2026-W15,2026-04-06,Nyamasheke,Cyato,70,299,0.234,87.0,21.2,66,91
2026-W15,2026-04-06,Nyamasheke,Karambi,36,167,0.216,87.0,21.2,66,91
2026-W15,2026-04-06,Nyamasheke,Karengera,70,395,0.177,87.0,21.2,66,91
2026-W15,2026-04-06,Nyamasheke,Nyabitekeri,52,214,0.243,87.0,21.2,66,91
2026-W15,2026-04-06,Nyamasheke,Rangiro,32,130,0.246,87.0,21.2,66,91
2026-W15,2026-04-06,Nyamasheke,Ruharambuga,41,227,0.181,87.0,21.2,66,91
2026-W15,2026-04-06,Nyamasheke,Shangi,56,310,0.181,87.0,21.2,66,91
2026-W16,2026-04-13,Nyamasheke,Mahembe,88,474,0.186,99.3,21.7,66,90
2026-W16,2026-04-13,Nyamasheke,Kagano,53,251,0.211,99.3,21.7,66,90
2026-W16,2026-04-13,Nyamasheke,Macuba,56,298,0.188,99.3,21.7,66,90
2026-W16,2026-04-13,Nyamasheke,Kanjongo,59,295,0.2,99.3,21.7,66,90
2026-W16,2026-04-13,Nyamasheke,Kirimbi,86,383,0.225,99.3,21.7,66,90
2026-W16,2026-04-13,Nyamasheke,Gihombo,85,424,0.2,99.3,21.7,66,90
2026-W16,2026-04-13,Nyamasheke,Bushekeri,49,203,0.241,99.3,21.7,66,90
2026-W16,2026-04-13,Nyamasheke,Bushenge,41,182,0.225,99.3,21.7,66,90
2026-W16,2026-04-13,Nyamasheke,Cyato,83,355,0.234,99.3,21.7,66,90
2026-W16,2026-04-13,Nyamasheke,Karambi,45,200,0.225,99.3,21.7,66,90
2026-W16,2026-04-13,Nyamasheke,Karengera,85,402,0.211,99.3,21.7,66,90
2026-W16,2026-04-13,Nyamasheke,Nyabitekeri,56,230,0.243,99.3,21.7,66,90
2026-W16,2026-04-13,Nyamasheke,Rangiro,39,158,0.247,99.3,21.7,66,90
2026-W16,2026-04-13,Nyamasheke,Ruharambuga,37,165,0.224,99.3,21.7,66,90
2026-W16,2026-04-13,Nyamasheke,Shangi,76,418,0.182,99.3,21.7,66,90
2026-W17,2026-04-20,Nyamasheke,Mahembe,102,476,0.214,58.6,21.6,66,89
2026-W17,2026-04-20,Nyamasheke,Kagano,60,246,0.244,58.6,21.6,66,89
2026-W17,2026-04-20,Nyamasheke,Macuba,79,363,0.218,58.6,21.6,66,89
2026-W17,2026-04-20,Nyamasheke,Kanjongo,74,291,0.254,58.6,21.6,66,89
2026-W17,2026-04-20,Nyamasheke,Kirimbi,80,314,0.255,58.6,21.6,66,89
2026-W17,2026-04-20,Nyamasheke,Gihombo,93,437,0.213,58.6,21.6,66,89
2026-W17,2026-04-20,Nyamasheke,Bushekeri,54,245,0.22,58.6,21.6,66,89
2026-W17,2026-04-20,Nyamasheke,Bushenge,50,199,0.251,58.6,21.6,66,89
2026-W17,2026-04-20,Nyamasheke,Cyato,80,345,0.232,58.6,21.6,66,89
2026-W17,2026-04-20,Nyamasheke,Karambi,51,178,0.287,58.6,21.6,66,89
2026-W17,2026-04-20,Nyamasheke,Karengera,90,365,0.247,58.6,21.6,66,89
2026-W17,2026-04-20,Nyamasheke,Nyabitekeri,59,266,0.222,58.6,21.6,66,89
2026-W17,2026-04-20,Nyamasheke,Rangiro,38,140,0.271,58.6,21.6,66,89
2026-W17,2026-04-20,Nyamasheke,Ruharambuga,39,183,0.213,58.6,21.6,66,89
2026-W17,2026-04-20,Nyamasheke,Shangi,77,358,0.215,58.6,21.6,66,89
2026-W18,2026-04-27,Nyamasheke,Mahembe,106,386,0.275,70.3,22.0,66,88
2026-W18,2026-04-27,Nyamasheke,Kagano,81,277,0.292,70.3,22.0,66,88
2026-W18,2026-04-27,Nyamasheke,Macuba,84,243,0.346,70.3,22.0,66,88
2026-W18,2026-04-27,Nyamasheke,Kanjongo,85,262,0.324,70.3,22.0,66,88
2026-W18,2026-04-27,Nyamasheke,Kirimbi,90,327,0.275,70.3,22.0,66,88
2026-W18,2026-04-27,Nyamasheke,Gihombo,90,302,0.298,70.3,22.0,66,88
2026-W18,2026-04-27,Nyamasheke,Bushekeri,59,188,0.314,70.3,22.0,66,88
2026-W18,2026-04-27,Nyamasheke,Bushenge,40,120,0.333,70.3,22.0,66,88
2026-W18,2026-04-27,Nyamasheke,Cyato,92,338,0.272,70.3,22.0,66,88
2026-W18,2026-04-27,Nyamasheke,Karambi,47,138,0.341,70.3,22.0,66,88
2026-W18,2026-04-27,Nyamasheke,Karengera,127,465,0.273,70.3,22.0,66,88
2026-W18,2026-04-27,Nyamasheke,Nyabitekeri,76,239,0.318,70.3,22.0,66,88
2026-W18,2026-04-27,Nyamasheke,Rangiro,51,149,0.342,70.3,22.0,66,88
2026-W18,2026-04-27,Nyamasheke,Ruharambuga,55,176,0.312,70.3,22.0,66,88
2026-W18,2026-04-27,Nyamasheke,Shangi,85,256,0.332,70.3,22.0,66,88
2026-W19,2026-05-04,Nyamasheke,Mahembe,100,275,0.364,67.0,22.0,66,91
2026-W19,2026-05-04,Nyamasheke,Kagano,72,203,0.355,67.0,22.0,66,91
2026-W19,2026-05-04,Nyamasheke,Macuba,74,197,0.376,67.0,22.0,66,91
2026-W19,2026-05-04,Nyamasheke,Kanjongo,80,210,0.381,67.0,22.0,66,91
2026-W19,2026-05-04,Nyamasheke,Kirimbi,101,272,0.371,67.0,22.0,66,91
2026-W19,2026-05-04,Nyamasheke,Gihombo,106,285,0.372,67.0,22.0,66,91
2026-W19,2026-05-04,Nyamasheke,Bushekeri,58,159,0.365,67.0,22.0,66,91
2026-W19,2026-05-04,Nyamasheke,Bushenge,52,137,0.38,67.0,22.0,66,91
2026-W19,2026-05-04,Nyamasheke,Cyato,108,316,0.342,67.0,22.0,66,91
2026-W19,2026-05-04,Nyamasheke,Karambi,58,169,0.343,67.0,22.0,66,91
2026-W19,2026-05-04,Nyamasheke,Karengera,111,279,0.398,67.0,22.0,66,91
2026-W19,2026-05-04,Nyamasheke,Nyabitekeri,72,211,0.341,67.0,22.0,66,91
2026-W19,2026-05-04,Nyamasheke,Rangiro,57,167,0.341,67.0,22.0,66,91
2026-W19,2026-05-04,Nyamasheke,Ruharambuga,50,153,0.327,67.0,22.0,66,91
2026-W19,2026-05-04,Nyamasheke,Shangi,82,211,0.389,67.0,22.0,66,91
2026-W20,2026-05-11,Nyamasheke,Mahembe,111,292,0.38,65.4,21.4,66,91
2026-W20,2026-05-11,Nyamasheke,Kagano,65,168,0.387,65.4,21.4,66,91
2026-W20,2026-05-11,Nyamasheke,Macuba,78,216,0.361,65.4,21.4,66,91
2026-W20,2026-05-11,Nyamasheke,Kanjongo,101,245,0.412,65.4,21.4,66,91
2026-W20,2026-05-11,Nyamasheke,Kirimbi,119,278,0.428,65.4,21.4,66,91
2026-W20,2026-05-11,Nyamasheke,Gihombo,114,262,0.435,65.4,21.4,66,91
2026-W20,2026-05-11,Nyamasheke,Bushekeri,67,176,0.381,65.4,21.4,66,91
2026-W20,2026-05-11,Nyamasheke,Bushenge,43,111,0.387,65.4,21.4,66,91
2026-W20,2026-05-11,Nyamasheke,Cyato,109,271,0.402,65.4,21.4,66,91
2026-W20,2026-05-11,Nyamasheke,Karambi,59,158,0.373,65.4,21.4,66,91
2026-W20,2026-05-11,Nyamasheke,Karengera,135,344,0.392,65.4,21.4,66,91
2026-W20,2026-05-11,Nyamasheke,Nyabitekeri,79,201,0.393,65.4,21.4,66,91
2026-W20,2026-05-11,Nyamasheke,Rangiro,44,110,0.4,65.4,21.4,66,91
2026-W20,2026-05-11,Nyamasheke,Ruharambuga,61,168,0.363,65.4,21.4,66,91
2026-W20,2026-05-11,Nyamasheke,Shangi,90,233,0.386,65.4,21.4,66,91
2026-W21,2026-05-18,Nyamasheke,Mahembe,120,284,0.423,49.5,21.3,66,88
2026-W21,2026-05-18,Nyamasheke,Kagano,87,184,0.473,49.5,21.3,66,88
2026-W21,2026-05-18,Nyamasheke,Macuba,100,216,0.463,49.5,21.3,66,88
2026-W21,2026-05-18,Nyamasheke,Kanjongo,93,192,0.484,49.5,21.3,66,88
2026-W21,2026-05-18,Nyamasheke,Kirimbi,127,272,0.467,49.5,21.3,66,88
2026-W21,2026-05-18,Nyamasheke,Gihombo,140,325,0.431,49.5,21.3,66,88
2026-W21,2026-05-18,Nyamasheke,Bushekeri,80,172,0.465,49.5,21.3,66,88
2026-W21,2026-05-18,Nyamasheke,Bushenge,63,130,0.485,49.5,21.3,66,88
2026-W21,2026-05-18,Nyamasheke,Cyato,134,273,0.491,49.5,21.3,66,88
2026-W21,2026-05-18,Nyamasheke,Karambi,68,151,0.45,49.5,21.3,66,88
2026-W21,2026-05-18,Nyamasheke,Karengera,136,324,0.42,49.5,21.3,66,88
2026-W21,2026-05-18,Nyamasheke,Nyabitekeri,95,212,0.448,49.5,21.3,66,88
2026-W21,2026-05-18,Nyamasheke,Rangiro,68,148,0.459,49.5,21.3,66,88
2026-W21,2026-05-18,Nyamasheke,Ruharambuga,70,151,0.464,49.5,21.3,66,88
2026-W21,2026-05-18,Nyamasheke,Shangi,112,268,0.418,49.5,21.3,66,88
2026-W22,2026-05-25,Nyamasheke,Mahembe,169,349,0.484,30.1,21.3,66,88
2026-W22,2026-05-25,Nyamasheke,Kagano,82,171,0.48,30.1,21.3,66,88
2026-W22,2026-05-25,Nyamasheke,Macuba,96,192,0.5,30.1,21.3,66,88
2026-W22,2026-05-25,Nyamasheke,Kanjongo,115,222,0.518,30.1,21.3,66,88
2026-W22,2026-05-25,Nyamasheke,Kirimbi,127,254,0.5,30.1,21.3,66,88
2026-W22,2026-05-25,Nyamasheke,Gihombo,186,416,0.447,30.1,21.3,66,88
2026-W22,2026-05-25,Nyamasheke,Bushekeri,98,190,0.516,30.1,21.3,66,88
2026-W22,2026-05-25,Nyamasheke,Bushenge,62,136,0.456,30.1,21.3,66,88
2026-W22,2026-05-25,Nyamasheke,Cyato,132,266,0.496,30.1,21.3,66,88
2026-W22,2026-05-25,Nyamasheke,Karambi,74,141,0.525,30.1,21.3,66,88
2026-W22,2026-05-25,Nyamasheke,Karengera,172,345,0.499,30.1,21.3,66,88
2026-W22,2026-05-25,Nyamasheke,Nyabitekeri,127,252,0.504,30.1,21.3,66,88
2026-W22,2026-05-25,Nyamasheke,Rangiro,80,175,0.457,30.1,21.3,66,88
2026-W22,2026-05-25,Nyamasheke,Ruharambuga,68,137,0.496,30.1,21.3,66,88
2026-W22,2026-05-25,Nyamasheke,Shangi,115,220,0.523,30.1,21.3,66,88
2026-W23,2026-06-01,Nyamasheke,Mahembe,167,353,0.473,30.0,20.9,66,88
2026-W23,2026-06-01,Nyamasheke,Kagano,108,229,0.472,30.0,20.9,66,88
2026-W23,2026-06-01,Nyamasheke,Macuba,135,287,0.47,30.0,20.9,66,88
2026-W23,2026-06-01,Nyamasheke,Kanjongo,122,253,0.482,30.0,20.9,66,88
2026-W23,2026-06-01,Nyamasheke,Kirimbi,170,359,0.474,30.0,20.9,66,88
2026-W23,2026-06-01,Nyamasheke,Gihombo,160,315,0.508,30.0,20.9,66,88
2026-W23,2026-06-01,Nyamasheke,Bushekeri,116,251,0.462,30.0,20.9,66,88
2026-W23,2026-06-01,Nyamasheke,Bushenge,77,156,0.494,30.0,20.9,66,88
2026-W23,2026-06-01,Nyamasheke,Cyato,131,282,0.465,30.0,20.9,66,88
2026-W23,2026-06-01,Nyamasheke,Karambi,84,169,0.497,30.0,20.9,66,88
2026-W23,2026-06-01,Nyamasheke,Karengera,165,360,0.458,30.0,20.9,66,88
2026-W23,2026-06-01,Nyamasheke,Nyabitekeri,126,272,0.463,30.0,20.9,66,88
2026-W23,2026-06-01,Nyamasheke,Rangiro,71,142,0.5,30.0,20.9,66,88
2026-W23,2026-06-01,Nyamasheke,Ruharambuga,70,140,0.5,30.0,20.9,66,88
2026-W23,2026-06-01,Nyamasheke,Shangi,120,244,0.492,30.0,20.9,66,88
2026-W24,2026-06-08,Nyamasheke,Mahembe,145,274,0.529,25.3,21.5,66,92
2026-W24,2026-06-08,Nyamasheke,Kagano,109,196,0.556,25.3,21.5,66,92
2026-W24,2026-06-08,Nyamasheke,Macuba,103,190,0.542,25.3,21.5,66,92
2026-W24,2026-06-08,Nyamasheke,Kanjongo,114,212,0.538,25.3,21.5,66,92
2026-W24,2026-06-08,Nyamasheke,Kirimbi,146,274,0.533,25.3,21.5,66,92
2026-W24,2026-06-08,Nyamasheke,Gihombo,130,248,0.524,25.3,21.5,66,92
2026-W24,2026-06-08,Nyamasheke,Bushekeri,84,169,0.497,25.3,21.5,66,92
2026-W24,2026-06-08,Nyamasheke,Bushenge,76,149,0.51,25.3,21.5,66,92
2026-W24,2026-06-08,Nyamasheke,Cyato,141,284,0.496,25.3,21.5,66,92
2026-W24,2026-06-08,Nyamasheke,Karambi,75,134,0.56,25.3,21.5,66,92
2026-W24,2026-06-08,Nyamasheke,Karengera,135,262,0.515,25.3,21.5,66,92
2026-W24,2026-06-08,Nyamasheke,Nyabitekeri,95,168,0.565,25.3,21.5,66,92
2026-W24,2026-06-08,Nyamasheke,Rangiro,75,135,0.556,25.3,21.5,66,92
2026-W24,2026-06-08,Nyamasheke,Ruharambuga,64,124,0.516,25.3,21.5,66,92
2026-W24,2026-06-08,Nyamasheke,Shangi,112,219,0.511,25.3,21.5,66,92
2026-W25,2026-06-15,Nyamasheke,Mahembe,151,310,0.487,19.3,20.7,66,88
2026-W25,2026-06-15,Nyamasheke,Kagano,84,169,0.497,19.3,20.7,66,88
2026-W25,2026-06-15,Nyamasheke,Macuba,103,218,0.472,19.3,20.7,66,88
2026-W25,2026-06-15,Nyamasheke,Kanjongo,124,249,0.498,19.3,20.7,66,88
2026-W25,2026-06-15,Nyamasheke,Kirimbi,164,333,0.492,19.3,20.7,66,88
2026-W25,2026-06-15,Nyamasheke,Gihombo,158,315,0.502,19.3,20.7,66,88
2026-W25,2026-06-15,Nyamasheke,Bushekeri,101,216,0.468,19.3,20.7,66,88
2026-W25,2026-06-15,Nyamasheke,Bushenge,64,127,0.504,19.3,20.7,66,88
2026-W25,2026-06-15,Nyamasheke,Cyato,129,271,0.476,19.3,20.7,66,88
2026-W25,2026-06-15,Nyamasheke,Karambi,61,122,0.5,19.3,20.7,66,88
2026-W25,2026-06-15,Nyamasheke,Karengera,157,289,0.543,19.3,20.7,66,88
2026-W25,2026-06-15,Nyamasheke,Nyabitekeri,116,230,0.504,19.3,20.7,66,88
2026-W25,2026-06-15,Nyamasheke,Rangiro,66,124,0.532,19.3,20.7,66,88
2026-W25,2026-06-15,Nyamasheke,Ruharambuga,62,133,0.466,19.3,20.7,66,88
2026-W25,2026-06-15,Nyamasheke,Shangi,114,227,0.502,19.3,20.7,66,88
2026-W26,2026-06-22,Nyamasheke,Mahembe,158,328,0.482,17.8,21.0,63,92
2026-W26,2026-06-22,Nyamasheke,Kagano,83,189,0.439,17.8,21.0,63,92
2026-W26,2026-06-22,Nyamasheke,Macuba,102,203,0.502,17.8,21.0,63,92
2026-W26,2026-06-22,Nyamasheke,Kanjongo,139,288,0.483,17.8,21.0,63,92
2026-W26,2026-06-22,Nyamasheke,Kirimbi,139,310,0.448,17.8,21.0,63,92
2026-W26,2026-06-22,Nyamasheke,Gihombo,142,287,0.495,17.8,21.0,63,92
2026-W26,2026-06-22,Nyamasheke,Bushekeri,107,238,0.45,17.8,21.0,63,92
2026-W26,2026-06-22,Nyamasheke,Bushenge,66,132,0.5,17.8,21.0,63,92
2026-W26,2026-06-22,Nyamasheke,Cyato,116,249,0.466,17.8,21.0,63,92
2026-W26,2026-06-22,Nyamasheke,Karambi,81,161,0.503,17.8,21.0,63,92
2026-W26,2026-06-22,Nyamasheke,Karengera,152,327,0.465,17.8,21.0,63,92
2026-W26,2026-06-22,Nyamasheke,Nyabitekeri,103,215,0.479,17.8,21.0,63,92
2026-W26,2026-06-22,Nyamasheke,Rangiro,70,141,0.496,17.8,21.0,63,92
2026-W26,2026-06-22,Nyamasheke,Ruharambuga,86,173,0.497,17.8,21.0,63,92
2026-W26,2026-06-22,Nyamasheke,Shangi,115,256,0.449,17.8,21.0,63,92
2026-W27,2026-06-29,Nyamasheke,Mahembe,148,316,0.468,14.3,21.0,63,89
2026-W27,2026-06-29,Nyamasheke,Kagano,77,174,0.443,14.3,21.0,63,89
2026-W27,2026-06-29,Nyamasheke,Macuba,92,183,0.503,14.3,21.0,63,89
2026-W27,2026-06-29,Nyamasheke,Kanjongo,117,242,0.483,14.3,21.0,63,89
2026-W27,2026-06-29,Nyamasheke,Kirimbi,131,268,0.489,14.3,21.0,63,89
2026-W27,2026-06-29,Nyamasheke,Gihombo,124,268,0.463,14.3,21.0,63,89
2026-W27,2026-06-29,Nyamasheke,Bushekeri,84,189,0.444,14.3,21.0,63,89
2026-W27,2026-06-29,Nyamasheke,Bushenge,66,150,0.44,14.3,21.0,63,89
2026-W27,2026-06-29,Nyamasheke,Cyato,125,247,0.506,14.3,21.0,63,89
2026-W27,2026-06-29,Nyamasheke,Karambi,78,154,0.506,14.3,21.0,63,89
2026-W27,2026-06-29,Nyamasheke,Karengera,152,333,0.456,14.3,21.0,63,89
2026-W27,2026-06-29,Nyamasheke,Nyabitekeri,89,195,0.456,14.3,21.0,63,89
2026-W27,2026-06-29,Nyamasheke,Rangiro,62,142,0.437,14.3,21.0,63,89
2026-W27,2026-06-29,Nyamasheke,Ruharambuga,70,159,0.44,14.3,21.0,63,89
2026-W27,2026-06-29,Nyamasheke,Shangi,93,216,0.431,14.3,21.0,63,89
2026-W28,2026-07-06,Nyamasheke,Mahembe,119,328,0.363,9.6,20.8,63,88
2026-W28,2026-07-06,Nyamasheke,Kagano,71,191,0.372,9.6,20.8,63,88
2026-W28,2026-07-06,Nyamasheke,Macuba,88,237,0.371,9.6,20.8,63,88
2026-W28,2026-07-06,Nyamasheke,Kanjongo,83,194,0.428,9.6,20.8,63,88
2026-W28,2026-07-06,Nyamasheke,Kirimbi,125,318,0.393,9.6,20.8,63,88
2026-W28,2026-07-06,Nyamasheke,Gihombo,102,249,0.41,9.6,20.8,63,88
2026-W28,2026-07-06,Nyamasheke,Bushekeri,83,211,0.393,9.6,20.8,63,88
2026-W28,2026-07-06,Nyamasheke,Bushenge,52,130,0.4,9.6,20.8,63,88
2026-W28,2026-07-06,Nyamasheke,Cyato,103,261,0.395,9.6,20.8,63,88
2026-W28,2026-07-06,Nyamasheke,Karambi,56,144,0.389,9.6,20.8,63,88
2026-W28,2026-07-06,Nyamasheke,Karengera,126,331,0.381,9.6,20.8,63,88
2026-W28,2026-07-06,Nyamasheke,Nyabitekeri,98,246,0.398,9.6,20.8,63,88
2026-W28,2026-07-06,Nyamasheke,Rangiro,53,130,0.408,9.6,20.8,63,88
2026-W28,2026-07-06,Nyamasheke,Ruharambuga,42,108,0.389,9.6,20.8,63,88
2026-W28,2026-07-06,Nyamasheke,Shangi,90,246,0.366,9.6,20.8,63,88
2026-W29,2026-07-13,Nyamasheke,Mahembe,104,295,0.353,13.1,21.1,63,92
2026-W29,2026-07-13,Nyamasheke,Kagano,71,220,0.323,13.1,21.1,63,92
2026-W29,2026-07-13,Nyamasheke,Macuba,73,238,0.307,13.1,21.1,63,92
2026-W29,2026-07-13,Nyamasheke,Kanjongo,84,273,0.308,13.1,21.1,63,92
2026-W29,2026-07-13,Nyamasheke,Kirimbi,110,336,0.327,13.1,21.1,63,92
2026-W29,2026-07-13,Nyamasheke,Gihombo,113,307,0.368,13.1,21.1,63,92
2026-W29,2026-07-13,Nyamasheke,Bushekeri,70,223,0.314,13.1,21.1,63,92
2026-W29,2026-07-13,Nyamasheke,Bushenge,50,169,0.296,13.1,21.1,63,92
2026-W29,2026-07-13,Nyamasheke,Cyato,100,274,0.365,13.1,21.1,63,92
2026-W29,2026-07-13,Nyamasheke,Karambi,59,191,0.309,13.1,21.1,63,92
2026-W29,2026-07-13,Nyamasheke,Karengera,123,395,0.311,13.1,21.1,63,92
2026-W29,2026-07-13,Nyamasheke,Nyabitekeri,87,289,0.301,13.1,21.1,63,92
2026-W29,2026-07-13,Nyamasheke,Rangiro,45,143,0.315,13.1,21.1,63,92
2026-W29,2026-07-13,Nyamasheke,Ruharambuga,42,115,0.365,13.1,21.1,63,92
2026-W29,2026-07-13,Nyamasheke,Shangi,78,230,0.339,13.1,21.1,63,92
2026-W30,2026-07-20,Nyamasheke,Mahembe,95,364,0.261,15.3,20.4,63,90
2026-W30,2026-07-20,Nyamasheke,Kagano,63,234,0.269,15.3,20.4,63,90
2026-W30,2026-07-20,Nyamasheke,Macuba,61,234,0.261,15.3,20.4,63,90
2026-W30,2026-07-20,Nyamasheke,Kanjongo,87,340,0.256,15.3,20.4,63,90
2026-W30,2026-07-20,Nyamasheke,Kirimbi,106,374,0.283,15.3,20.4,63,90
2026-W30,2026-07-20,Nyamasheke,Gihombo,93,302,0.308,15.3,20.4,63,90
2026-W30,2026-07-20,Nyamasheke,Bushekeri,54,209,0.258,15.3,20.4,63,90
2026-W30,2026-07-20,Nyamasheke,Bushenge,49,162,0.302,15.3,20.4,63,90
2026-W30,2026-07-20,Nyamasheke,Cyato,85,266,0.32,15.3,20.4,63,90
2026-W30,2026-07-20,Nyamasheke,Karambi,53,165,0.321,15.3,20.4,63,90
2026-W30,2026-07-20,Nyamasheke,Karengera,93,318,0.292,15.3,20.4,63,90
2026-W30,2026-07-20,Nyamasheke,Nyabitekeri,65,252,0.258,15.3,20.4,63,90
2026-W30,2026-07-20,Nyamasheke,Rangiro,35,114,0.307,15.3,20.4,63,90
2026-W30,2026-07-20,Nyamasheke,Ruharambuga,46,171,0.269,15.3,20.4,63,90
2026-W30,2026-07-20,Nyamasheke,Shangi,96,351,0.274,15.3,20.4,63,90
2026-W31,2026-07-27,Nyamasheke,Mahembe,100,367,0.272,15.7,20.3,63,90
2026-W31,2026-07-27,Nyamasheke,Kagano,60,221,0.271,15.7,20.3,63,90
2026-W31,2026-07-27,Nyamasheke,Macuba,56,200,0.28,15.7,20.3,63,90
2026-W31,2026-07-27,Nyamasheke,Kanjongo,79,296,0.267,15.7,20.3,63,90
2026-W31,2026-07-27,Nyamasheke,Kirimbi,83,338,0.246,15.7,20.3,63,90
2026-W31,2026-07-27,Nyamasheke,Gihombo,90,389,0.231,15.7,20.3,63,90
2026-W31,2026-07-27,Nyamasheke,Bushekeri,61,204,0.299,15.7,20.3,63,90
2026-W31,2026-07-27,Nyamasheke,Bushenge,49,176,0.278,15.7,20.3,63,90
2026-W31,2026-07-27,Nyamasheke,Cyato,73,259,0.282,15.7,20.3,63,90
2026-W31,2026-07-27,Nyamasheke,Karambi,46,200,0.23,15.7,20.3,63,90
2026-W31,2026-07-27,Nyamasheke,Karengera,104,362,0.287,15.7,20.3,63,90
2026-W31,2026-07-27,Nyamasheke,Nyabitekeri,65,240,0.271,15.7,20.3,63,90
2026-W31,2026-07-27,Nyamasheke,Rangiro,43,191,0.225,15.7,20.3,63,90
2026-W31,2026-07-27,Nyamasheke,Ruharambuga,43,154,0.279,15.7,20.3,63,90
2026-W31,2026-07-27,Nyamasheke,Shangi,69,234,0.295,15.7,20.3,63,90
2026-W32,2026-08-03,Nyamasheke,Mahembe,64,222,0.288,17.1,19.5,63,89
2026-W32,2026-08-03,Nyamasheke,Kagano,48,197,0.244,17.1,19.5,63,89
2026-W32,2026-08-03,Nyamasheke,Macuba,55,191,0.288,17.1,19.5,63,89
2026-W32,2026-08-03,Nyamasheke,Kanjongo,48,210,0.229,17.1,19.5,63,89
2026-W32,2026-08-03,Nyamasheke,Kirimbi,80,288,0.278,17.1,19.5,63,89
2026-W32,2026-08-03,Nyamasheke,Gihombo,80,272,0.294,17.1,19.5,63,89
2026-W32,2026-08-03,Nyamasheke,Bushekeri,38,172,0.221,17.1,19.5,63,89
2026-W32,2026-08-03,Nyamasheke,Bushenge,34,142,0.239,17.1,19.5,63,89
2026-W32,2026-08-03,Nyamasheke,Cyato,74,290,0.255,17.1,19.5,63,89
2026-W32,2026-08-03,Nyamasheke,Karambi,35,130,0.269,17.1,19.5,63,89
2026-W32,2026-08-03,Nyamasheke,Karengera,85,296,0.287,17.1,19.5,63,89
2026-W32,2026-08-03,Nyamasheke,Nyabitekeri,58,264,0.22,17.1,19.5,63,89
2026-W32,2026-08-03,Nyamasheke,Rangiro,40,148,0.27,17.1,19.5,63,89
2026-W32,2026-08-03,Nyamasheke,Ruharambuga,32,127,0.252,17.1,19.5,63,89
2026-W32,2026-08-03,Nyamasheke,Shangi,64,267,0.24,17.1,19.5,63,89
2026-W33,2026-08-10,Nyamasheke,Mahembe,70,351,0.199,26.2,19.7,63,90
2026-W33,2026-08-10,Nyamasheke,Kagano,44,212,0.208,26.2,19.7,63,90
2026-W33,2026-08-10,Nyamasheke,Macuba,39,204,0.191,26.2,19.7,63,90
2026-W33,2026-08-10,Nyamasheke,Kanjongo,57,283,0.201,26.2,19.7,63,90
2026-W33,2026-08-10,Nyamasheke,Kirimbi,65,318,0.204,26.2,19.7,63,90
2026-W33,2026-08-10,Nyamasheke,Gihombo,70,371,0.189,26.2,19.7,63,90
2026-W33,2026-08-10,Nyamasheke,Bushekeri,35,195,0.179,26.2,19.7,63,90
2026-W33,2026-08-10,Nyamasheke,Bushenge,37,176,0.21,26.2,19.7,63,90
2026-W33,2026-08-10,Nyamasheke,Cyato,62,388,0.16,26.2,19.7,63,90
2026-W33,2026-08-10,Nyamasheke,Karambi,32,198,0.162,26.2,19.7,63,90
2026-W33,2026-08-10,Nyamasheke,Karengera,70,372,0.188,26.2,19.7,63,90
2026-W33,2026-08-10,Nyamasheke,Nyabitekeri,43,196,0.219,26.2,19.7,63,90
2026-W33,2026-08-10,Nyamasheke,Rangiro,33,186,0.177,26.2,19.7,63,90
2026-W33,2026-08-10,Nyamasheke,Ruharambuga,24,162,0.148,26.2,19.7,63,90
2026-W33,2026-08-10,Nyamasheke,Shangi,53,240,0.221,26.2,19.7,63,90
2026-W34,2026-08-17,Nyamasheke,Mahembe,62,289,0.215,24.6,19.8,63,90
2026-W34,2026-08-17,Nyamasheke,Kagano,48,248,0.194,24.6,19.8,63,90
2026-W34,2026-08-17,Nyamasheke,Macuba,45,266,0.169,24.6,19.8,63,90
2026-W34,2026-08-17,Nyamasheke,Kanjongo,43,218,0.197,24.6,19.8,63,90
2026-W34,2026-08-17,Nyamasheke,Kirimbi,50,231,0.216,24.6,19.8,63,90
2026-W34,2026-08-17,Nyamasheke,Gihombo,66,350,0.189,24.6,19.8,63,90
2026-W34,2026-08-17,Nyamasheke,Bushekeri,38,163,0.233,24.6,19.8,63,90
2026-W34,2026-08-17,Nyamasheke,Bushenge,29,134,0.216,24.6,19.8,63,90
2026-W34,2026-08-17,Nyamasheke,Cyato,64,284,0.225,24.6,19.8,63,90
2026-W34,2026-08-17,Nyamasheke,Karambi,25,137,0.182,24.6,19.8,63,90
2026-W34,2026-08-17,Nyamasheke,Karengera,64,325,0.197,24.6,19.8,63,90
2026-W34,2026-08-17,Nyamasheke,Nyabitekeri,44,245,0.18,24.6,19.8,63,90
2026-W34,2026-08-17,Nyamasheke,Rangiro,26,133,0.195,24.6,19.8,63,90
2026-W34,2026-08-17,Nyamasheke,Ruharambuga,30,165,0.182,24.6,19.8,63,90
2026-W34,2026-08-17,Nyamasheke,Shangi,43,223,0.193,24.6,19.8,63,90
2026-W35,2026-08-24,Nyamasheke,Mahembe,67,309,0.217,39.2,19.5,63,89
2026-W35,2026-08-24,Nyamasheke,Kagano,34,237,0.143,39.2,19.5,63,89
2026-W35,2026-08-24,Nyamasheke,Macuba,43,242,0.178,39.2,19.5,63,89
2026-W35,2026-08-24,Nyamasheke,Kanjongo,44,222,0.198,39.2,19.5,63,89
2026-W35,2026-08-24,Nyamasheke,Kirimbi,56,262,0.214,39.2,19.5,63,89
2026-W35,2026-08-24,Nyamasheke,Gihombo,62,329,0.188,39.2,19.5,63,89
2026-W35,2026-08-24,Nyamasheke,Bushekeri,41,285,0.144,39.2,19.5,63,89
2026-W35,2026-08-24,Nyamasheke,Bushenge,26,121,0.215,39.2,19.5,63,89
2026-W35,2026-08-24,Nyamasheke,Cyato,56,259,0.216,39.2,19.5,63,89
2026-W35,2026-08-24,Nyamasheke,Karambi,26,153,0.17,39.2,19.5,63,89
2026-W35,2026-08-24,Nyamasheke,Karengera,63,423,0.149,39.2,19.5,63,89
2026-W35,2026-08-24,Nyamasheke,Nyabitekeri,42,196,0.214,39.2,19.5,63,89
2026-W35,2026-08-24,Nyamasheke,Rangiro,30,214,0.14,39.2,19.5,63,89
2026-W35,2026-08-24,Nyamasheke,Ruharambuga,32,170,0.188,39.2,19.5,63,89
2026-W35,2026-08-24,Nyamasheke,Shangi,56,291,0.192,39.2,19.5,63,89
2026-W36,2026-08-31,Nyamasheke,Mahembe,60,281,0.214,53.8,18.9,63,89
2026-W36,2026-08-31,Nyamasheke,Kagano,35,198,0.177,53.8,18.9,63,89
2026-W36,2026-08-31,Nyamasheke,Macuba,38,186,0.204,53.8,18.9,63,89
2026-W36,2026-08-31,Nyamasheke,Kanjongo,50,271,0.185,53.8,18.9,63,89
2026-W36,2026-08-31,Nyamasheke,Kirimbi,57,306,0.186,53.8,18.9,63,89
2026-W36,2026-08-31,Nyamasheke,Gihombo,61,414,0.147,53.8,18.9,63,89
2026-W36,2026-08-31,Nyamasheke,Bushekeri,35,186,0.188,53.8,18.9,63,89
2026-W36,2026-08-31,Nyamasheke,Bushenge,35,223,0.157,53.8,18.9,63,89
2026-W36,2026-08-31,Nyamasheke,Cyato,45,204,0.221,53.8,18.9,63,89
2026-W36,2026-08-31,Nyamasheke,Karambi,31,157,0.197,53.8,18.9,63,89
2026-W36,2026-08-31,Nyamasheke,Karengera,56,280,0.2,53.8,18.9,63,89
2026-W36,2026-08-31,Nyamasheke,Nyabitekeri,43,203,0.212,53.8,18.9,63,89
2026-W36,2026-08-31,Nyamasheke,Rangiro,27,151,0.179,53.8,18.9,63,89
2026-W36,2026-08-31,Nyamasheke,Ruharambuga,27,161,0.168,53.8,18.9,63,89
2026-W36,2026-08-31,Nyamasheke,Shangi,39,181,0.215,53.8,18.9,63,89
2026-W37,2026-09-07,Nyamasheke,Mahembe,79,420,0.188,49.9,18.6,63,91
2026-W37,2026-09-07,Nyamasheke,Kagano,44,312,0.141,49.9,18.6,63,91
2026-W37,2026-09-07,Nyamasheke,Macuba,40,213,0.188,49.9,18.6,63,91
2026-W37,2026-09-07,Nyamasheke,Kanjongo,39,323,0.121,49.9,18.6,63,91
2026-W37,2026-09-07,Nyamasheke,Kirimbi,62,333,0.186,49.9,18.6,63,91
2026-W37,2026-09-07,Nyamasheke,Gihombo,62,495,0.125,49.9,18.6,63,91
2026-W37,2026-09-07,Nyamasheke,Bushekeri,37,213,0.174,49.9,18.6,63,91
2026-W37,2026-09-07,Nyamasheke,Bushenge,29,207,0.14,49.9,18.6,63,91
2026-W37,2026-09-07,Nyamasheke,Cyato,56,365,0.153,49.9,18.6,63,91
2026-W37,2026-09-07,Nyamasheke,Karambi,28,242,0.116,49.9,18.6,63,91
2026-W37,2026-09-07,Nyamasheke,Karengera,63,477,0.132,49.9,18.6,63,91
2026-W37,2026-09-07,Nyamasheke,Nyabitekeri,41,241,0.17,49.9,18.6,63,91
2026-W37,2026-09-07,Nyamasheke,Rangiro,27,187,0.144,49.9,18.6,63,91
2026-W37,2026-09-07,Nyamasheke,Ruharambuga,25,204,0.123,49.9,18.6,63,91
2026-W37,2026-09-07,Nyamasheke,Shangi,45,380,0.118,49.9,18.6,63,91
2026-W38,2026-09-14,Nyamasheke,Mahembe,75,525,0.143,64.3,18.8,63,89
2026-W38,2026-09-14,Nyamasheke,Kagano,48,390,0.123,64.3,18.8,63,89
2026-W38,2026-09-14,Nyamasheke,Macuba,55,343,0.16,64.3,18.8,63,89
2026-W38,2026-09-14,Nyamasheke,Kanjongo,44,257,0.171,64.3,18.8,63,89
2026-W38,2026-09-14,Nyamasheke,Kirimbi,54,340,0.159,64.3,18.8,63,89
2026-W38,2026-09-14,Nyamasheke,Gihombo,55,527,0.104,64.3,18.8,63,89
2026-W38,2026-09-14,Nyamasheke,Bushekeri,32,205,0.156,64.3,18.8,63,89
2026-W38,2026-09-14,Nyamasheke,Bushenge,28,225,0.124,64.3,18.8,63,89
2026-W38,2026-09-14,Nyamasheke,Cyato,51,362,0.141,64.3,18.8,63,89
2026-W38,2026-09-14,Nyamasheke,Karambi,27,204,0.132,64.3,18.8,63,89
2026-W38,2026-09-14,Nyamasheke,Karengera,62,422,0.147,64.3,18.8,63,89
2026-W38,2026-09-14,Nyamasheke,Nyabitekeri,44,412,0.107,64.3,18.8,63,89
2026-W38,2026-09-14,Nyamasheke,Rangiro,36,286,0.126,64.3,18.8,63,89
2026-W38,2026-09-14,Nyamasheke,Ruharambuga,31,246,0.126,64.3,18.8,63,89
2026-W38,2026-09-14,Nyamasheke,Shangi,50,430,0.116,64.3,18.8,63,89
2026-W39,2026-09-21,Nyamasheke,Mahembe,98,861,0.114,56.5,18.3,63,90
2026-W39,2026-09-21,Nyamasheke,Kagano,55,338,0.163,56.5,18.3,63,90
2026-W39,2026-09-21,Nyamasheke,Macuba,56,372,0.151,56.5,18.3,63,90
2026-W39,2026-09-21,Nyamasheke,Kanjongo,45,249,0.181,56.5,18.3,63,90
2026-W39,2026-09-21,Nyamasheke,Kirimbi,60,514,0.117,56.5,18.3,63,90
2026-W39,2026-09-21,Nyamasheke,Gihombo,52,357,0.146,56.5,18.3,63,90
2026-W39,2026-09-21,Nyamasheke,Bushekeri,37,274,0.135,56.5,18.3,63,90
2026-W39,2026-09-21,Nyamasheke,Bushenge,28,172,0.163,56.5,18.3,63,90
2026-W39,2026-09-21,Nyamasheke,Cyato,57,540,0.106,56.5,18.3,63,90
2026-W39,2026-09-21,Nyamasheke,Karambi,29,201,0.144,56.5,18.3,63,90
2026-W39,2026-09-21,Nyamasheke,Karengera,63,346,0.182,56.5,18.3,63,90
2026-W39,2026-09-21,Nyamasheke,Nyabitekeri,42,307,0.137,56.5,18.3,63,90
2026-W39,2026-09-21,Nyamasheke,Rangiro,30,164,0.183,56.5,18.3,63,90
2026-W39,2026-09-21,Nyamasheke,Ruharambuga,19,151,0.126,56.5,18.3,63,90
2026-W39,2026-09-21,Nyamasheke,Shangi,48,334,0.144,56.5,18.3,63,90
2026-W40,2026-09-28,Nyamasheke,Mahembe,119,696,0.171,62.5,18.8,63,88
2026-W40,2026-09-28,Nyamasheke,Kagano,58,290,0.2,62.5,18.8,63,88
2026-W40,2026-09-28,Nyamasheke,Macuba,59,414,0.143,62.5,18.8,63,88
2026-W40,2026-09-28,Nyamasheke,Kanjongo,47,231,0.203,62.5,18.8,63,88
2026-W40,2026-09-28,Nyamasheke,Kirimbi,54,267,0.202,62.5,18.8,63,88
2026-W40,2026-09-28,Nyamasheke,Gihombo,52,390,0.133,62.5,18.8,63,88
2026-W40,2026-09-28,Nyamasheke,Bushekeri,39,244,0.16,62.5,18.8,63,88
2026-W40,2026-09-28,Nyamasheke,Bushenge,26,139,0.187,62.5,18.8,63,88
2026-W40,2026-09-28,Nyamasheke,Cyato,69,382,0.181,62.5,18.8,63,88
2026-W40,2026-09-28,Nyamasheke,Karambi,33,222,0.149,62.5,18.8,63,88
2026-W40,2026-09-28,Nyamasheke,Karengera,68,338,0.201,62.5,18.8,63,88
2026-W40,2026-09-28,Nyamasheke,Nyabitekeri,43,247,0.174,62.5,18.8,63,88
2026-W40,2026-09-28,Nyamasheke,Rangiro,26,127,0.205,62.5,18.8,63,88
2026-W40,2026-09-28,Nyamasheke,Ruharambuga,33,183,0.18,62.5,18.8,63,88
2026-W40,2026-09-28,Nyamasheke,Shangi,47,342,0.137,62.5,18.8,63,88
