epi_week,date,district,province,population_at_risk,suspected_cases,tested,confirmed_cases,severe_cases,deaths,test_positivity_rate,rainfall_mm,temp_avg_c,itn_ownership_pct,itn_usage_pct,irs_coverage_pct,careseeking_pct,chw_reporting_pct
2023-W01,2023-01-02,Nyamagabe,Southern,340000,2863,2735,1185,11,0,0.433,15.2,18.1,86,74,35,80,86
2023-W02,2023-01-09,Nyamagabe,Southern,340000,3084,2768,1031,13,0,0.372,12.5,18.5,86,74,35,80,86
2023-W03,2023-01-16,Nyamagabe,Southern,340000,3373,3143,973,12,0,0.31,15.7,19.4,86,74,35,80,85
2023-W04,2023-01-23,Nyamagabe,Southern,340000,3043,2768,804,13,0,0.29,16.5,18.8,86,74,35,80,85
2023-W05,2023-01-30,Nyamagabe,Southern,340000,2700,2513,659,7,1,0.262,23.0,18.9,86,74,35,80,86
2023-W06,2023-02-06,Nyamagabe,Southern,340000,2609,2345,565,6,1,0.241,28.5,19.0,86,74,35,80,89
2023-W07,2023-02-13,Nyamagabe,Southern,340000,3360,2957,591,9,0,0.2,34.5,20.0,86,74,35,80,88
2023-W08,2023-02-20,Nyamagabe,Southern,340000,3841,3520,565,5,0,0.161,42.6,19.8,86,74,35,80,85
2023-W09,2023-02-27,Nyamagabe,Southern,340000,3320,2896,487,9,0,0.168,47.6,19.8,86,74,35,80,87
2023-W10,2023-03-06,Nyamagabe,Southern,340000,3165,2788,458,5,0,0.164,41.8,20.4,86,74,35,80,86
2023-W11,2023-03-13,Nyamagabe,Southern,340000,2870,2517,490,7,0,0.195,64.6,20.1,86,74,35,80,89
2023-W12,2023-03-20,Nyamagabe,Southern,340000,2837,2715,507,8,0,0.187,65.2,21.1,86,74,35,80,89
2023-W13,2023-03-27,Nyamagabe,Southern,340000,3492,3038,581,9,0,0.191,59.5,20.5,86,74,35,80,89
2023-W14,2023-04-03,Nyamagabe,Southern,340000,3872,3502,564,6,0,0.161,61.2,21.0,86,74,35,80,86
2023-W15,2023-04-10,Nyamagabe,Southern,340000,2861,2633,610,11,0,0.232,59.5,20.8,86,74,35,80,88
2023-W16,2023-04-17,Nyamagabe,Southern,340000,3591,3354,697,13,0,0.208,70.8,20.7,86,74,35,80,86
2023-W17,2023-04-24,Nyamagabe,Southern,340000,2744,2394,646,12,0,0.27,68.8,20.9,86,74,35,80,85
2023-W18,2023-05-01,Nyamagabe,Southern,340000,2337,2162,703,14,0,0.325,69.1,20.8,86,74,35,80,85
2023-W19,2023-05-08,Nyamagabe,Southern,340000,2734,2639,974,13,0,0.369,43.2,21.5,86,74,35,80,85
2023-W20,2023-05-15,Nyamagabe,Southern,340000,3282,2871,1110,16,0,0.387,51.1,20.8,86,74,35,80,87
2023-W21,2023-05-22,Nyamagabe,Southern,340000,2659,2451,1124,22,0,0.459,46.0,20.6,86,74,35,80,89
2023-W22,2023-05-29,Nyamagabe,Southern,340000,2703,2380,1219,15,1,0.512,41.5,21.6,86,74,35,80,89
2023-W23,2023-06-05,Nyamagabe,Southern,340000,2463,2320,1247,23,0,0.537,26.9,20.7,86,74,35,80,87
2023-W24,2023-06-12,Nyamagabe,Southern,340000,2608,2505,1364,18,1,0.545,30.6,20.5,86,74,35,80,88
2023-W25,2023-06-19,Nyamagabe,Southern,340000,3223,2819,1358,22,1,0.482,18.7,20.6,86,74,35,80,85
2023-W26,2023-06-26,Nyamagabe,Southern,340000,3107,2897,1365,20,0,0.471,16.1,20.9,86,71,35,80,86
2023-W27,2023-07-03,Nyamagabe,Southern,340000,2979,2628,1246,22,1,0.474,18.4,20.8,86,71,35,80,88
2023-W28,2023-07-10,Nyamagabe,Southern,340000,2383,2307,980,10,1,0.425,18.3,20.4,86,71,35,80,88
2023-W29,2023-07-17,Nyamagabe,Southern,340000,3367,3226,1110,22,1,0.344,13.6,20.0,86,71,35,80,87
2023-W30,2023-07-24,Nyamagabe,Southern,340000,2880,2580,842,14,0,0.326,14.3,20.3,86,71,35,80,87
2023-W31,2023-07-31,Nyamagabe,Southern,340000,3147,2954,759,7,0,0.257,17.9,19.8,86,71,35,80,85
2023-W32,2023-08-07,Nyamagabe,Southern,340000,2898,2614,657,9,0,0.251,18.1,19.9,86,71,35,80,86
2023-W33,2023-08-14,Nyamagabe,Southern,340000,3094,2891,632,11,0,0.219,21.1,18.7,86,71,35,80,86
2023-W34,2023-08-21,Nyamagabe,Southern,340000,2986,2835,606,10,0,0.214,39.8,18.6,86,71,35,80,88
2023-W35,2023-08-28,Nyamagabe,Southern,340000,2489,2402,457,5,0,0.19,45.8,19.5,86,71,35,80,89
2023-W36,2023-09-04,Nyamagabe,Southern,340000,3262,2869,481,6,0,0.168,39.2,19.2,86,71,35,80,87
2023-W37,2023-09-11,Nyamagabe,Southern,340000,3426,3164,554,9,0,0.175,41.2,18.2,86,71,35,80,86
2023-W38,2023-09-18,Nyamagabe,Southern,340000,2905,2800,475,9,0,0.17,73.9,18.4,86,71,35,80,87
2023-W39,2023-09-25,Nyamagabe,Southern,340000,2867,2619,507,9,0,0.194,61.5,18.3,86,71,35,80,88
2023-W40,2023-10-02,Nyamagabe,Southern,340000,3394,3001,515,10,0,0.172,89.3,18.4,86,71,35,80,85
2023-W41,2023-10-09,Nyamagabe,Southern,340000,3349,3156,594,7,0,0.188,78.8,18.6,86,74,35,80,88
2023-W42,2023-10-16,Nyamagabe,Southern,340000,3499,3377,617,12,0,0.183,86.6,17.7,86,74,35,80,88
2023-W43,2023-10-23,Nyamagabe,Southern,340000,3541,3338,752,9,0,0.225,83.7,17.5,86,74,35,80,87
2023-W44,2023-10-30,Nyamagabe,Southern,340000,2831,2477,770,8,0,0.311,43.1,17.7,86,74,35,80,89
2023-W45,2023-11-06,Nyamagabe,Southern,340000,3089,2875,966,14,1,0.336,54.8,18.5,86,74,35,80,88
2023-W46,2023-11-13,Nyamagabe,Southern,340000,3042,2863,1158,20,0,0.404,38.7,17.6,86,74,35,80,86
2023-W47,2023-11-20,Nyamagabe,Southern,340000,3337,3006,1337,16,0,0.445,34.4,17.7,86,74,35,80,87
2023-W48,2023-11-27,Nyamagabe,Southern,340000,3668,3359,1619,17,1,0.482,29.1,18.0,86,74,35,80,88
2023-W49,2023-12-04,Nyamagabe,Southern,340000,3175,2853,1472,17,0,0.516,23.8,18.4,86,74,35,80,87
2023-W50,2023-12-11,Nyamagabe,Southern,340000,2908,2784,1471,15,1,0.528,21.7,17.8,86,74,35,80,88
2023-W51,2023-12-18,Nyamagabe,Southern,340000,2741,2576,1401,13,1,0.544,17.3,18.9,86,74,35,80,89
2023-W52,2023-12-25,Nyamagabe,Southern,340000,3531,3213,1515,21,0,0.472,14.9,18.3,86,74,35,80,85
2024-W01,2024-01-01,Nyamagabe,Southern,340000,3583,3132,1334,12,1,0.426,13.9,18.7,86,74,35,80,89
2024-W02,2024-01-08,Nyamagabe,Southern,340000,2988,2601,984,11,0,0.378,13.3,18.9,86,74,35,80,86
2024-W03,2024-01-15,Nyamagabe,Southern,340000,3245,2993,938,14,1,0.313,19.7,18.9,86,74,35,80,86
2024-W04,2024-01-22,Nyamagabe,Southern,340000,3086,2957,915,10,1,0.309,22.2,19.5,86,74,35,80,87
2024-W05,2024-01-29,Nyamagabe,Southern,340000,3760,3289,758,11,0,0.23,16.0,19.1,86,74,35,80,87
2024-W06,2024-02-05,Nyamagabe,Southern,340000,4249,3695,801,13,0,0.217,28.2,19.7,86,74,35,80,87
2024-W07,2024-02-12,Nyamagabe,Southern,340000,3341,2915,579,8,0,0.199,25.3,19.6,86,74,35,80,88
2024-W08,2024-02-19,Nyamagabe,Southern,340000,3982,3756,656,6,0,0.175,43.6,19.3,86,74,35,80,89
2024-W09,2024-02-26,Nyamagabe,Southern,340000,3198,3086,548,6,0,0.178,53.0,19.5,86,74,35,80,89
2024-W10,2024-03-04,Nyamagabe,Southern,340000,4639,4232,659,6,0,0.156,48.9,20.6,86,74,35,80,88
2024-W11,2024-03-11,Nyamagabe,Southern,340000,3978,3520,633,13,0,0.18,36.0,20.4,86,74,35,80,86
2024-W12,2024-03-18,Nyamagabe,Southern,340000,3635,3395,640,11,0,0.189,98.0,20.7,86,74,35,80,88
2024-W13,2024-03-25,Nyamagabe,Southern,340000,4199,3830,680,10,0,0.178,50.4,20.8,86,74,35,80,86
2024-W14,2024-04-01,Nyamagabe,Southern,340000,4454,3996,718,13,0,0.18,72.7,20.8,86,74,35,80,89
2024-W15,2024-04-08,Nyamagabe,Southern,340000,3382,3094,710,10,0,0.229,78.3,20.9,86,74,35,80,87
2024-W16,2024-04-15,Nyamagabe,Southern,340000,3525,3113,757,14,0,0.243,96.4,21.4,86,74,35,80,85
2024-W17,2024-04-22,Nyamagabe,Southern,340000,3832,3333,928,16,0,0.278,95.7,21.0,86,74,35,80,87
2024-W18,2024-04-29,Nyamagabe,Southern,340000,3853,3637,1093,14,0,0.301,49.3,20.9,86,74,35,80,86
2024-W19,2024-05-06,Nyamagabe,Southern,340000,3720,3508,1186,13,1,0.338,47.2,20.9,86,74,35,80,89
2024-W20,2024-05-13,Nyamagabe,Southern,340000,4061,3586,1401,13,0,0.391,40.2,20.5,86,74,35,80,88
2024-W21,2024-05-20,Nyamagabe,Southern,340000,3505,3056,1404,27,0,0.459,27.7,20.7,86,74,35,80,86
2024-W22,2024-05-27,Nyamagabe,Southern,340000,3780,3400,1698,16,1,0.499,28.1,20.6,86,74,35,80,87
2024-W23,2024-06-03,Nyamagabe,Southern,340000,3671,3353,1654,33,0,0.493,33.6,21.3,86,74,35,80,88
2024-W24,2024-06-10,Nyamagabe,Southern,340000,3808,3506,1901,17,0,0.542,28.7,20.7,86,74,35,80,89
2024-W25,2024-06-17,Nyamagabe,Southern,340000,3496,3346,1613,20,0,0.482,18.5,20.5,86,74,35,80,86
2024-W26,2024-06-24,Nyamagabe,Southern,340000,3692,3239,1661,18,2,0.513,21.2,20.5,86,71,35,80,86
2024-W27,2024-07-01,Nyamagabe,Southern,340000,3681,3315,1464,25,0,0.442,17.4,20.3,86,71,35,80,85
2024-W28,2024-07-08,Nyamagabe,Southern,340000,3834,3708,1590,20,0,0.429,17.0,20.8,86,71,35,80,87
2024-W29,2024-07-15,Nyamagabe,Southern,340000,3257,3129,1196,13,0,0.382,12.0,20.7,86,71,35,80,89
2024-W30,2024-07-22,Nyamagabe,Southern,340000,3803,3556,1162,11,0,0.327,17.6,19.4,86,71,35,80,87
2024-W31,2024-07-29,Nyamagabe,Southern,340000,3779,3663,1060,19,1,0.289,19.9,20.0,86,71,35,80,88
2024-W32,2024-08-05,Nyamagabe,Southern,340000,4121,3779,906,18,1,0.24,24.9,19.4,86,71,35,80,85
2024-W33,2024-08-12,Nyamagabe,Southern,340000,3887,3727,756,13,0,0.203,22.0,18.9,86,71,35,80,89
2024-W34,2024-08-19,Nyamagabe,Southern,340000,4913,4492,809,11,0,0.18,43.4,19.3,86,71,35,80,89
2024-W35,2024-08-26,Nyamagabe,Southern,340000,4741,4391,771,14,0,0.176,31.8,18.6,86,71,35,80,86
2024-W36,2024-09-02,Nyamagabe,Southern,340000,5377,5164,757,7,0,0.147,43.5,18.8,86,71,35,80,87
2024-W37,2024-09-09,Nyamagabe,Southern,340000,4229,3913,743,14,0,0.19,46.0,18.6,86,71,35,80,86
2024-W38,2024-09-16,Nyamagabe,Southern,340000,5530,5148,739,13,0,0.144,72.3,18.6,86,71,35,80,85
2024-W39,2024-09-23,Nyamagabe,Southern,340000,4428,4211,765,13,0,0.182,64.0,17.9,86,71,35,80,85
2024-W40,2024-09-30,Nyamagabe,Southern,340000,4355,4067,691,9,0,0.17,67.2,17.6,86,71,35,80,86
2024-W41,2024-10-07,Nyamagabe,Southern,340000,4356,4022,748,8,0,0.186,65.0,18.3,86,74,35,80,88
2024-W42,2024-10-14,Nyamagabe,Southern,340000,4800,4631,902,9,0,0.195,73.6,17.5,86,74,35,80,88
2024-W43,2024-10-21,Nyamagabe,Southern,340000,4730,4472,1051,15,0,0.235,54.7,17.9,86,74,35,80,88
2024-W44,2024-10-28,Nyamagabe,Southern,340000,4292,4031,1193,15,0,0.296,72.4,18.1,86,74,35,80,87
2024-W45,2024-11-04,Nyamagabe,Southern,340000,4261,3756,1260,21,1,0.335,34.3,17.9,86,74,35,80,86
2024-W46,2024-11-11,Nyamagabe,Southern,340000,4724,4189,1693,18,1,0.404,47.6,18.1,86,74,35,80,86
2024-W47,2024-11-18,Nyamagabe,Southern,340000,4467,3915,1768,26,0,0.452,46.8,17.5,86,74,35,80,85
2024-W48,2024-11-25,Nyamagabe,Southern,340000,3946,3806,1953,28,1,0.513,37.8,18.0,86,74,35,80,88
2024-W49,2024-12-02,Nyamagabe,Southern,340000,5188,4786,2597,46,0,0.543,23.2,17.6,86,74,35,80,85
2024-W50,2024-12-09,Nyamagabe,Southern,340000,4344,3975,2196,34,0,0.552,16.8,18.4,86,74,35,80,85
2024-W51,2024-12-16,Nyamagabe,Southern,340000,5115,4663,2342,30,2,0.502,14.4,18.5,86,74,35,80,86
2024-W52,2024-12-23,Nyamagabe,Southern,340000,5521,4986,2413,29,2,0.484,17.2,17.9,86,74,35,80,87
2025-W01,2024-12-30,Nyamagabe,Southern,340000,3879,3684,1745,35,1,0.474,17.7,18.6,86,74,35,80,89
2025-W02,2025-01-06,Nyamagabe,Southern,340000,4055,3681,1496,15,1,0.406,22.2,19.0,86,74,35,80,85
2025-W03,2025-01-13,Nyamagabe,Southern,340000,4756,4311,1372,23,0,0.318,11.9,19.0,86,74,35,80,88
2025-W04,2025-01-20,Nyamagabe,Southern,340000,4778,4423,1222,12,1,0.276,17.6,19.6,86,74,35,80,89
2025-W05,2025-01-27,Nyamagabe,Southern,340000,4802,4430,1143,16,0,0.258,19.6,19.2,86,74,35,80,88
2025-W06,2025-02-03,Nyamagabe,Southern,340000,6534,5779,1059,17,0,0.183,16.5,19.7,86,74,35,80,86
2025-W07,2025-02-10,Nyamagabe,Southern,340000,4904,4751,938,10,1,0.197,31.0,20.0,86,74,35,80,86
2025-W08,2025-02-17,Nyamagabe,Southern,340000,5131,4730,816,8,0,0.173,32.1,19.8,86,74,35,80,89
2025-W09,2025-02-24,Nyamagabe,Southern,340000,5349,5142,778,15,1,0.151,51.2,20.1,86,74,35,80,88
2025-W10,2025-03-03,Nyamagabe,Southern,340000,4847,4310,784,10,0,0.182,68.1,20.0,86,74,35,80,85
2025-W11,2025-03-10,Nyamagabe,Southern,340000,4952,4453,784,15,0,0.176,38.3,20.9,86,74,35,80,85
2025-W12,2025-03-17,Nyamagabe,Southern,340000,5581,5226,800,9,0,0.153,63.2,20.7,86,74,35,80,87
2025-W13,2025-03-24,Nyamagabe,Southern,340000,4174,3927,787,14,0,0.2,45.1,20.5,86,74,35,80,86
2025-W14,2025-03-31,Nyamagabe,Southern,340000,4423,4165,900,8,0,0.216,67.8,20.6,86,74,35,80,87
2025-W15,2025-04-07,Nyamagabe,Southern,340000,4867,4493,918,12,0,0.204,78.8,21.1,86,74,35,80,85
2025-W16,2025-04-14,Nyamagabe,Southern,340000,4595,4134,934,18,1,0.226,68.1,21.1,86,74,35,80,89
2025-W17,2025-04-21,Nyamagabe,Southern,340000,4834,4310,1119,17,0,0.26,73.6,20.6,86,74,35,80,86
2025-W18,2025-04-28,Nyamagabe,Southern,340000,4932,4392,1369,23,1,0.312,57.3,20.6,86,74,35,80,86
2025-W19,2025-05-05,Nyamagabe,Southern,340000,5890,5139,1693,34,0,0.329,58.3,20.9,86,74,35,80,86
2025-W20,2025-05-12,Nyamagabe,Southern,340000,5390,4694,1892,33,1,0.403,44.9,21.0,86,74,35,80,89
2025-W21,2025-05-19,Nyamagabe,Southern,340000,4192,3835,1769,30,0,0.461,40.2,20.9,86,74,35,80,89
2025-W22,2025-05-26,Nyamagabe,Southern,340000,4506,4133,2125,39,0,0.514,32.8,21.5,86,74,35,80,86
2025-W23,2025-06-02,Nyamagabe,Southern,340000,4323,3912,2012,31,2,0.514,31.3,20.5,86,74,35,80,89
2025-W24,2025-06-09,Nyamagabe,Southern,340000,4548,4394,2375,44,3,0.541,27.2,20.5,86,74,35,80,89
2025-W25,2025-06-16,Nyamagabe,Southern,340000,4564,4166,2129,33,1,0.511,24.0,20.6,86,74,35,80,85
2025-W26,2025-06-23,Nyamagabe,Southern,340000,4441,4027,1949,23,0,0.484,14.8,20.6,86,71,35,80,87
2025-W27,2025-06-30,Nyamagabe,Southern,340000,4386,4211,1875,22,0,0.445,13.6,20.5,86,71,35,80,87
2025-W28,2025-07-07,Nyamagabe,Southern,340000,4250,3900,1686,20,2,0.432,15.7,19.9,86,71,35,80,87
2025-W29,2025-07-14,Nyamagabe,Southern,340000,4495,4047,1457,17,1,0.36,12.7,19.9,86,71,35,80,88
2025-W30,2025-07-21,Nyamagabe,Southern,340000,4648,4330,1352,15,0,0.312,16.9,20.0,86,71,35,80,89
2025-W31,2025-07-28,Nyamagabe,Southern,340000,5014,4474,1153,12,0,0.258,15.4,19.6,86,71,35,80,89
2025-W32,2025-08-04,Nyamagabe,Southern,340000,5806,5190,1182,14,1,0.228,20.3,19.3,86,71,35,80,85
2025-W33,2025-08-11,Nyamagabe,Southern,340000,4258,3991,948,18,0,0.238,24.4,19.5,86,71,35,80,89
2025-W34,2025-08-18,Nyamagabe,Southern,340000,5330,4877,954,16,0,0.196,32.4,19.2,86,71,35,80,85
2025-W35,2025-08-25,Nyamagabe,Southern,340000,5250,4718,819,11,0,0.174,30.3,19.1,86,71,35,80,89
2025-W36,2025-09-01,Nyamagabe,Southern,340000,5403,4813,837,14,0,0.174,43.5,18.5,86,71,35,80,89
2025-W37,2025-09-08,Nyamagabe,Southern,340000,5783,5395,900,17,0,0.167,34.2,18.4,86,71,35,80,88
2025-W38,2025-09-15,Nyamagabe,Southern,340000,5887,5663,874,17,0,0.154,47.7,18.2,86,71,35,80,85
2025-W39,2025-09-22,Nyamagabe,Southern,340000,6422,5640,872,9,0,0.155,56.0,18.5,86,71,35,80,86
2025-W40,2025-09-29,Nyamagabe,Southern,340000,5087,4679,952,10,0,0.203,107.1,17.7,86,71,35,80,89
2025-W41,2025-10-06,Nyamagabe,Southern,340000,4412,3872,819,8,0,0.212,62.9,18.6,86,74,35,80,87
2025-W42,2025-10-13,Nyamagabe,Southern,340000,4599,4241,1020,16,0,0.241,52.3,17.7,86,74,35,80,85
2025-W43,2025-10-20,Nyamagabe,Southern,340000,4408,4189,1052,18,0,0.251,68.1,18.4,86,74,35,80,88
2025-W44,2025-10-27,Nyamagabe,Southern,340000,5679,5453,1410,28,0,0.259,43.8,17.8,86,74,35,80,87
2025-W45,2025-11-03,Nyamagabe,Southern,340000,4968,4681,1626,20,1,0.347,48.4,18.1,86,74,35,80,87
2025-W46,2025-11-10,Nyamagabe,Southern,340000,4884,4425,1845,20,1,0.417,50.6,17.8,86,74,35,80,89
2025-W47,2025-11-17,Nyamagabe,Southern,340000,4967,4777,2162,29,0,0.453,35.4,18.0,86,74,35,80,89
2025-W48,2025-11-24,Nyamagabe,Southern,340000,4547,4198,1995,32,0,0.475,35.5,17.5,86,74,35,80,86
2025-W49,2025-12-01,Nyamagabe,Southern,340000,5080,4574,2295,27,1,0.502,18.6,18.3,86,74,35,80,89
2025-W50,2025-12-08,Nyamagabe,Southern,340000,4228,3819,2124,36,0,0.556,24.4,18.7,86,74,35,80,88
2025-W51,2025-12-15,Nyamagabe,Southern,340000,4246,4059,2184,40,2,0.538,16.4,18.9,86,74,35,80,85
2025-W52,2025-12-22,Nyamagabe,Southern,340000,4885,4328,2124,23,1,0.491,13.9,18.9,86,74,35,80,85
2026-W01,2025-12-29,Nyamagabe,Southern,340000,4622,4195,1898,31,2,0.452,14.2,18.3,86,74,35,80,85
2026-W02,2026-01-05,Nyamagabe,Southern,340000,4336,4097,1667,31,0,0.407,14.4,18.8,86,74,35,80,89
2026-W03,2026-01-12,Nyamagabe,Southern,340000,4983,4360,1455,23,0,0.334,15.4,18.8,86,74,35,80,89
2026-W04,2026-01-19,Nyamagabe,Southern,340000,4630,4421,1200,16,1,0.271,16.8,19.0,86,74,35,80,87
2026-W05,2026-01-26,Nyamagabe,Southern,340000,3763,3614,967,16,1,0.268,23.5,19.8,86,74,35,80,86
2026-W06,2026-02-02,Nyamagabe,Southern,340000,5108,4697,1042,19,1,0.222,19.9,19.1,86,74,35,80,86
2026-W07,2026-02-09,Nyamagabe,Southern,340000,5432,4903,899,11,0,0.183,27.7,20.0,86,74,35,80,87
2026-W08,2026-02-16,Nyamagabe,Southern,340000,5874,5181,892,15,1,0.172,38.7,19.6,86,74,35,80,86
2026-W09,2026-02-23,Nyamagabe,Southern,340000,4447,4057,771,15,1,0.19,41.6,20.4,86,74,35,80,88
2026-W10,2026-03-02,Nyamagabe,Southern,340000,4709,4099,682,13,0,0.166,36.6,19.7,86,74,35,80,86
2026-W11,2026-03-09,Nyamagabe,Southern,340000,4860,4265,757,12,1,0.177,55.5,20.7,86,74,35,80,89
2026-W12,2026-03-16,Nyamagabe,Southern,340000,4947,4744,899,8,0,0.19,66.7,20.3,86,74,35,80,88
2026-W13,2026-03-23,Nyamagabe,Southern,340000,4815,4330,824,15,0,0.19,75.6,20.6,86,74,35,80,89
2026-W14,2026-03-30,Nyamagabe,Southern,340000,4666,4281,868,11,0,0.203,73.4,20.5,86,74,35,80,89
2026-W15,2026-04-06,Nyamagabe,Southern,340000,5844,5136,941,14,1,0.183,82.5,21.2,86,74,35,80,88
2026-W16,2026-04-13,Nyamagabe,Southern,340000,5319,4706,1120,14,0,0.238,79.8,21.6,86,74,35,80,85
2026-W17,2026-04-20,Nyamagabe,Southern,340000,5149,4867,1171,10,0,0.241,59.8,21.4,86,74,35,80,88
2026-W18,2026-04-27,Nyamagabe,Southern,340000,4150,3944,1319,20,0,0.334,58.7,20.6,86,74,35,80,87
2026-W19,2026-05-04,Nyamagabe,Southern,340000,3853,3578,1296,16,1,0.362,53.1,20.6,86,74,35,80,85
2026-W20,2026-05-11,Nyamagabe,Southern,340000,4033,3869,1570,14,0,0.406,38.4,21.4,86,74,35,80,89
2026-W21,2026-05-18,Nyamagabe,Southern,340000,4513,4248,1874,21,1,0.441,38.2,21.4,86,74,35,80,87
2026-W22,2026-05-25,Nyamagabe,Southern,340000,4296,3891,1921,26,1,0.494,28.8,20.9,86,74,35,80,87
2026-W23,2026-06-01,Nyamagabe,Southern,340000,4469,3897,2068,20,2,0.531,25.6,21.5,86,74,35,80,87
2026-W24,2026-06-08,Nyamagabe,Southern,340000,4240,3773,1960,23,2,0.519,15.9,20.2,86,74,35,80,88
2026-W25,2026-06-15,Nyamagabe,Southern,340000,4396,4234,2240,41,0,0.529,17.5,20.4,86,74,35,80,86
2026-W26,2026-06-22,Nyamagabe,Southern,340000,5334,4905,2259,29,0,0.461,20.2,20.9,86,71,35,80,87
2026-W27,2026-06-29,Nyamagabe,Southern,340000,4849,4649,2110,23,0,0.454,17.2,20.6,86,71,35,80,88
2026-W28,2026-07-06,Nyamagabe,Southern,340000,4485,4349,1828,20,0,0.42,15.9,20.2,86,71,35,80,88
2026-W29,2026-07-13,Nyamagabe,Southern,340000,4328,4040,1477,12,1,0.366,13.3,19.7,86,71,35,80,88
2026-W30,2026-07-20,Nyamagabe,Southern,340000,4308,4033,1296,15,0,0.321,21.0,20.1,86,71,35,80,86
2026-W31,2026-07-27,Nyamagabe,Southern,340000,5221,4560,1173,13,0,0.257,18.4,19.1,86,71,35,80,89
2026-W32,2026-08-03,Nyamagabe,Southern,340000,5493,4928,1133,12,0,0.23,22.6,19.3,86,71,35,80,88
2026-W33,2026-08-10,Nyamagabe,Southern,340000,4212,3945,821,10,0,0.208,21.5,18.9,86,71,35,80,87
2026-W34,2026-08-17,Nyamagabe,Southern,340000,5150,4932,991,12,1,0.201,28.6,18.7,86,71,35,80,88
2026-W35,2026-08-24,Nyamagabe,Southern,340000,5149,4510,815,8,0,0.181,45.6,19.5,86,71,35,80,88
2026-W36,2026-08-31,Nyamagabe,Southern,340000,5725,5257,898,15,0,0.171,46.0,18.4,86,71,35,80,85
2026-W37,2026-09-07,Nyamagabe,Southern,340000,5536,5042,744,13,0,0.148,50.6,18.6,86,71,35,80,87
2026-W38,2026-09-14,Nyamagabe,Southern,340000,4816,4396,803,16,1,0.183,62.6,19.0,86,71,35,80,88
2026-W39,2026-09-21,Nyamagabe,Southern,340000,4251,3853,699,9,0,0.181,64.8,18.4,86,71,35,80,86
2026-W40,2026-09-28,Nyamagabe,Southern,340000,5343,4669,769,11,0,0.165,63.8,17.9,86,71,35,80,86
2023-W01,2023-01-02,Gisagara,Southern,400000,3543,3137,1335,23,0,0.426,15.3,18.5,93,82,99,86,96
2023-W02,2023-01-09,Gisagara,Southern,400000,3415,2989,1212,15,0,0.405,19.5,18.7,93,82,99,86,95
2023-W03,2023-01-16,Gisagara,Southern,400000,3569,3334,1078,16,0,0.323,13.7,18.4,93,82,99,86,93
2023-W04,2023-01-23,Gisagara,Southern,400000,4036,3727,948,8,0,0.254,19.0,19.3,93,82,99,86,94
2023-W05,2023-01-30,Gisagara,Southern,400000,3665,3219,699,7,0,0.217,22.2,19.5,93,82,99,86,93
2023-W06,2023-02-06,Gisagara,Southern,400000,2944,2856,635,8,1,0.222,27.3,19.2,93,82,99,86,93
2023-W07,2023-02-13,Gisagara,Southern,400000,3712,3547,636,11,0,0.179,29.5,19.9,93,82,99,86,96
2023-W08,2023-02-20,Gisagara,Southern,400000,3262,2955,568,8,1,0.192,31.1,20.2,93,82,99,86,95
2023-W09,2023-02-27,Gisagara,Southern,400000,4550,4109,610,7,0,0.148,48.8,20.2,93,82,99,86,94
2023-W10,2023-03-06,Gisagara,Southern,400000,4495,4126,579,5,0,0.14,73.4,20.8,93,82,99,86,95
2023-W11,2023-03-13,Gisagara,Southern,400000,3428,3155,563,11,0,0.178,54.6,20.7,93,82,99,86,96
2023-W12,2023-03-20,Gisagara,Southern,400000,3431,3108,558,6,0,0.18,65.0,20.7,93,82,99,86,93
2023-W13,2023-03-27,Gisagara,Southern,400000,2838,2737,563,5,0,0.206,72.7,21.0,93,82,99,86,94
2023-W14,2023-04-03,Gisagara,Southern,400000,3199,2929,638,11,0,0.218,79.0,21.3,93,82,99,86,95
2023-W15,2023-04-10,Gisagara,Southern,400000,4416,3850,703,11,0,0.183,65.5,21.2,93,82,99,86,97
2023-W16,2023-04-17,Gisagara,Southern,400000,3144,3037,755,14,1,0.249,69.7,21.5,93,82,99,86,93
2023-W17,2023-04-24,Gisagara,Southern,400000,3342,3162,891,10,0,0.282,87.6,20.6,93,82,99,86,93
2023-W18,2023-05-01,Gisagara,Southern,400000,3085,2885,851,12,0,0.295,65.6,21.2,93,82,99,86,96
2023-W19,2023-05-08,Gisagara,Southern,400000,3135,3041,1131,15,1,0.372,78.7,21.4,93,82,99,86,93
2023-W20,2023-05-15,Gisagara,Southern,400000,2413,2163,932,8,0,0.431,50.6,20.9,93,82,99,86,93
2023-W21,2023-05-22,Gisagara,Southern,400000,3064,2949,1346,20,0,0.456,37.8,20.8,93,82,99,86,96
2023-W22,2023-05-29,Gisagara,Southern,400000,3474,3283,1560,30,1,0.475,34.5,20.5,93,82,99,86,95
2023-W23,2023-06-05,Gisagara,Southern,400000,3341,2965,1448,17,0,0.488,20.1,21.5,93,82,99,86,96
2023-W24,2023-06-12,Gisagara,Southern,400000,3122,3020,1527,20,0,0.506,21.1,21.2,93,82,99,86,94
2023-W25,2023-06-19,Gisagara,Southern,400000,3409,3172,1564,24,0,0.493,13.8,20.1,93,82,99,86,93
2023-W26,2023-06-26,Gisagara,Southern,400000,2915,2560,1292,23,1,0.505,17.5,20.6,93,79,99,86,96
2023-W27,2023-07-03,Gisagara,Southern,400000,3163,2996,1330,14,1,0.444,14.2,20.3,93,79,99,86,97
2023-W28,2023-07-10,Gisagara,Southern,400000,3211,3047,1205,22,0,0.395,13.6,20.2,93,79,99,86,97
2023-W29,2023-07-17,Gisagara,Southern,400000,3545,3218,1078,9,0,0.335,17.7,19.9,93,79,99,86,97
2023-W30,2023-07-24,Gisagara,Southern,400000,2924,2820,829,17,1,0.294,17.8,20.3,93,79,99,86,94
2023-W31,2023-07-31,Gisagara,Southern,400000,2880,2684,767,12,0,0.286,17.4,20.2,93,79,99,86,96
2023-W32,2023-08-07,Gisagara,Southern,400000,3890,3677,759,8,0,0.206,23.1,19.1,93,79,99,86,94
2023-W33,2023-08-14,Gisagara,Southern,400000,3910,3450,777,15,0,0.225,22.6,19.1,93,79,99,86,94
2023-W34,2023-08-21,Gisagara,Southern,400000,3454,3287,624,12,0,0.19,31.9,19.2,93,79,99,86,94
2023-W35,2023-08-28,Gisagara,Southern,400000,3854,3449,573,11,0,0.166,28.4,19.5,93,79,99,86,94
2023-W36,2023-09-04,Gisagara,Southern,400000,3716,3539,573,11,1,0.162,60.9,18.7,93,79,99,86,95
2023-W37,2023-09-11,Gisagara,Southern,400000,3389,3249,515,4,0,0.159,48.9,18.6,93,79,99,86,93
2023-W38,2023-09-18,Gisagara,Southern,400000,4146,3991,601,11,0,0.151,47.6,18.7,93,79,99,86,97
2023-W39,2023-09-25,Gisagara,Southern,400000,3411,3252,574,5,0,0.177,77.0,18.6,93,79,99,86,95
2023-W40,2023-10-02,Gisagara,Southern,400000,4499,4095,627,11,0,0.153,63.6,18.4,93,79,99,86,97
2023-W41,2023-10-09,Gisagara,Southern,400000,3991,3747,648,6,0,0.173,63.0,18.3,93,82,99,86,93
2023-W42,2023-10-16,Gisagara,Southern,400000,3854,3587,731,10,1,0.204,58.5,17.5,93,82,99,86,93
2023-W43,2023-10-23,Gisagara,Southern,400000,3338,3032,742,11,0,0.245,58.6,18.4,93,82,99,86,96
2023-W44,2023-10-30,Gisagara,Southern,400000,3906,3431,931,15,0,0.271,74.7,18.1,93,82,99,86,93
2023-W45,2023-11-06,Gisagara,Southern,400000,3743,3264,1178,21,1,0.361,64.1,18.5,93,82,99,86,94
2023-W46,2023-11-13,Gisagara,Southern,400000,3266,3139,1303,19,0,0.415,44.9,17.3,93,82,99,86,97
2023-W47,2023-11-20,Gisagara,Southern,400000,3641,3475,1472,22,0,0.424,46.8,17.5,93,82,99,86,95
2023-W48,2023-11-27,Gisagara,Southern,400000,3600,3264,1647,14,1,0.505,31.7,17.5,93,82,99,86,95
2023-W49,2023-12-04,Gisagara,Southern,400000,3654,3212,1692,14,0,0.527,20.5,18.3,93,82,99,86,93
2023-W50,2023-12-11,Gisagara,Southern,400000,2944,2771,1542,20,0,0.556,26.8,18.6,93,82,99,86,93
2023-W51,2023-12-18,Gisagara,Southern,400000,3485,3232,1671,29,0,0.517,16.1,18.1,93,82,99,86,96
2023-W52,2023-12-25,Gisagara,Southern,400000,3544,3346,1582,22,0,0.473,15.2,18.3,93,82,99,86,95
2024-W01,2024-01-01,Gisagara,Southern,400000,3794,3662,1589,29,0,0.434,13.2,18.2,93,82,99,86,96
2024-W02,2024-01-08,Gisagara,Southern,400000,3200,3104,1299,25,0,0.418,17.1,19.3,93,82,99,86,95
2024-W03,2024-01-15,Gisagara,Southern,400000,3592,3401,1105,13,0,0.325,16.3,19.5,93,82,99,86,95
2024-W04,2024-01-22,Gisagara,Southern,400000,3831,3673,993,9,0,0.27,20.6,19.4,93,82,99,86,95
2024-W05,2024-01-29,Gisagara,Southern,400000,3937,3494,792,14,0,0.227,25.0,19.5,93,82,99,86,95
2024-W06,2024-02-05,Gisagara,Southern,400000,3926,3569,731,15,0,0.205,30.0,19.7,93,82,99,86,96
2024-W07,2024-02-12,Gisagara,Southern,400000,3550,3375,712,7,0,0.211,43.7,19.3,93,82,99,86,95
2024-W08,2024-02-19,Gisagara,Southern,400000,4624,4280,688,13,0,0.161,34.8,19.3,93,82,99,86,97
2024-W09,2024-02-26,Gisagara,Southern,400000,4344,3985,671,12,0,0.168,36.7,20.0,93,82,99,86,97
2024-W10,2024-03-04,Gisagara,Southern,400000,4330,3861,634,6,0,0.164,54.2,20.4,93,82,99,86,96
2024-W11,2024-03-11,Gisagara,Southern,400000,4946,4323,646,12,0,0.149,62.6,20.9,93,82,99,86,95
2024-W12,2024-03-18,Gisagara,Southern,400000,3676,3542,625,5,0,0.176,64.6,20.5,93,82,99,86,94
2024-W13,2024-03-25,Gisagara,Southern,400000,3568,3399,578,11,0,0.17,69.3,21.0,93,82,99,86,93
2024-W14,2024-04-01,Gisagara,Southern,400000,3575,3451,714,14,0,0.207,69.8,20.9,93,82,99,86,96
2024-W15,2024-04-08,Gisagara,Southern,400000,4043,3792,834,13,0,0.22,76.9,21.3,93,82,99,86,93
2024-W16,2024-04-15,Gisagara,Southern,400000,4253,4079,902,9,1,0.221,73.4,21.2,93,82,99,86,95
2024-W17,2024-04-22,Gisagara,Southern,400000,3629,3178,928,11,1,0.292,73.6,20.6,93,82,99,86,97
2024-W18,2024-04-29,Gisagara,Southern,400000,4620,4352,1329,11,0,0.305,75.6,21.3,93,82,99,86,96
2024-W19,2024-05-06,Gisagara,Southern,400000,3810,3695,1366,13,0,0.37,43.6,20.9,93,82,99,86,95
2024-W20,2024-05-13,Gisagara,Southern,400000,3692,3266,1405,23,0,0.43,57.2,20.6,93,82,99,86,93
2024-W21,2024-05-20,Gisagara,Southern,400000,4012,3730,1658,20,1,0.445,34.4,20.5,93,82,99,86,95
2024-W22,2024-05-27,Gisagara,Southern,400000,4354,3966,1986,39,0,0.501,36.1,20.5,93,82,99,86,94
2024-W23,2024-06-03,Gisagara,Southern,400000,4132,3654,1899,28,0,0.52,30.8,21.3,93,82,99,86,96
2024-W24,2024-06-10,Gisagara,Southern,400000,3890,3566,1955,29,0,0.548,19.2,20.9,93,82,99,86,93
2024-W25,2024-06-17,Gisagara,Southern,400000,4811,4298,2099,17,0,0.488,22.4,21.0,93,82,99,86,97
2024-W26,2024-06-24,Gisagara,Southern,400000,4924,4434,2172,42,0,0.49,15.2,20.6,93,79,99,86,97
2024-W27,2024-07-01,Gisagara,Southern,400000,4326,4145,1824,31,1,0.44,13.9,20.7,93,79,99,86,93
2024-W28,2024-07-08,Gisagara,Southern,400000,4643,4158,1754,16,0,0.422,18.6,20.2,93,79,99,86,94
2024-W29,2024-07-15,Gisagara,Southern,400000,4781,4229,1476,22,0,0.349,11.8,20.1,93,79,99,86,93
2024-W30,2024-07-22,Gisagara,Southern,400000,4630,4120,1290,24,0,0.313,17.2,20.1,93,79,99,86,97
2024-W31,2024-07-29,Gisagara,Southern,400000,5453,4784,1246,21,1,0.26,22.2,19.3,93,79,99,86,96
2024-W32,2024-08-05,Gisagara,Southern,400000,5304,4841,1137,13,0,0.235,17.6,19.8,93,79,99,86,95
2024-W33,2024-08-12,Gisagara,Southern,400000,4123,3950,857,10,0,0.217,25.6,19.6,93,79,99,86,97
2024-W34,2024-08-19,Gisagara,Southern,400000,3671,3520,736,9,0,0.209,20.3,19.7,93,79,99,86,95
2024-W35,2024-08-26,Gisagara,Southern,400000,5403,4791,867,8,0,0.181,35.5,19.3,93,79,99,86,95
2024-W36,2024-09-02,Gisagara,Southern,400000,5787,5055,829,16,1,0.164,49.4,19.2,93,79,99,86,94
2024-W37,2024-09-09,Gisagara,Southern,400000,5322,5051,860,14,1,0.17,44.7,18.2,93,79,99,86,95
2024-W38,2024-09-16,Gisagara,Southern,400000,5493,4976,913,15,0,0.183,45.8,18.2,93,79,99,86,94
2024-W39,2024-09-23,Gisagara,Southern,400000,5307,4914,920,13,1,0.187,54.2,18.1,93,79,99,86,94
2024-W40,2024-09-30,Gisagara,Southern,400000,4548,4411,849,14,0,0.192,72.0,18.7,93,79,99,86,95
2024-W41,2024-10-07,Gisagara,Southern,400000,5562,5080,850,10,0,0.167,55.1,18.0,93,82,99,86,93
2024-W42,2024-10-14,Gisagara,Southern,400000,5315,4647,933,9,0,0.201,82.8,18.4,93,82,99,86,96
2024-W43,2024-10-21,Gisagara,Southern,400000,5093,4535,1188,19,0,0.262,50.7,17.7,93,82,99,86,93
2024-W44,2024-10-28,Gisagara,Southern,400000,4495,4166,1261,17,0,0.303,53.9,17.3,93,82,99,86,97
2024-W45,2024-11-04,Gisagara,Southern,400000,4850,4549,1462,13,0,0.321,44.6,17.9,93,82,99,86,97
2024-W46,2024-11-11,Gisagara,Southern,400000,4001,3755,1533,24,2,0.408,43.3,18.0,93,82,99,86,93
2024-W47,2024-11-18,Gisagara,Southern,400000,4062,3849,1813,34,0,0.471,26.8,17.6,93,82,99,86,93
2024-W48,2024-11-25,Gisagara,Southern,400000,4778,4507,2176,23,0,0.483,24.9,17.7,93,82,99,86,95
2024-W49,2024-12-02,Gisagara,Southern,400000,5595,5232,2707,43,0,0.517,26.1,18.6,93,82,99,86,94
2024-W50,2024-12-09,Gisagara,Southern,400000,4125,3943,2114,36,0,0.536,18.4,18.2,93,82,99,86,94
2024-W51,2024-12-16,Gisagara,Southern,400000,5321,4680,2411,25,0,0.515,22.8,18.7,93,82,99,86,97
2024-W52,2024-12-23,Gisagara,Southern,400000,4444,4187,2176,41,0,0.52,12.9,18.9,93,82,99,86,97
2025-W01,2024-12-30,Gisagara,Southern,400000,4973,4778,2125,26,1,0.445,18.7,18.2,93,82,99,86,94
2025-W02,2025-01-06,Gisagara,Southern,400000,5621,5013,1915,21,1,0.382,16.7,19.1,93,82,99,86,96
2025-W03,2025-01-13,Gisagara,Southern,400000,5471,5118,1570,26,0,0.307,18.3,19.0,93,82,99,86,94
2025-W04,2025-01-20,Gisagara,Southern,400000,5066,4639,1339,17,0,0.289,12.6,19.1,93,82,99,86,96
2025-W05,2025-01-27,Gisagara,Southern,400000,6383,5765,1303,14,1,0.226,22.1,19.0,93,82,99,86,95
2025-W06,2025-02-03,Gisagara,Southern,400000,5916,5374,1130,18,0,0.21,18.3,19.1,93,82,99,86,97
2025-W07,2025-02-10,Gisagara,Southern,400000,5904,5358,918,14,1,0.171,31.4,19.2,93,82,99,86,96
2025-W08,2025-02-17,Gisagara,Southern,400000,6127,5424,956,15,0,0.176,26.4,19.6,93,82,99,86,95
2025-W09,2025-02-24,Gisagara,Southern,400000,7651,7109,1025,10,1,0.144,42.3,19.6,93,82,99,86,93
2025-W10,2025-03-03,Gisagara,Southern,400000,6087,5830,985,14,1,0.169,63.2,20.3,93,82,99,86,95
2025-W11,2025-03-10,Gisagara,Southern,400000,7174,6378,1041,13,0,0.163,74.4,19.9,93,82,99,86,94
2025-W12,2025-03-17,Gisagara,Southern,400000,4387,4123,807,15,0,0.196,86.7,20.7,93,82,99,86,93
2025-W13,2025-03-24,Gisagara,Southern,400000,6395,5926,953,9,0,0.161,59.1,20.8,93,82,99,86,97
2025-W14,2025-03-31,Gisagara,Southern,400000,4915,4483,923,14,1,0.206,47.0,20.9,93,82,99,86,96
2025-W15,2025-04-07,Gisagara,Southern,400000,6517,5697,1171,11,0,0.206,94.1,21.1,93,82,99,86,93
2025-W16,2025-04-14,Gisagara,Southern,400000,6026,5463,1188,20,0,0.217,77.9,21.6,93,82,99,86,93
2025-W17,2025-04-21,Gisagara,Southern,400000,6343,5556,1386,20,1,0.249,70.0,21.2,93,82,99,86,93
2025-W18,2025-04-28,Gisagara,Southern,400000,4963,4317,1453,25,0,0.337,67.4,21.4,93,82,99,86,93
2025-W19,2025-05-05,Gisagara,Southern,400000,6000,5264,1936,24,0,0.368,59.4,21.6,93,82,99,86,97
2025-W20,2025-05-12,Gisagara,Southern,400000,5535,4840,1949,34,0,0.403,62.3,21.3,93,82,99,86,96
2025-W21,2025-05-19,Gisagara,Southern,400000,5202,4794,2223,30,0,0.464,45.3,20.8,93,82,99,86,95
2025-W22,2025-05-26,Gisagara,Southern,400000,4890,4594,2325,30,0,0.506,36.0,20.8,93,82,99,86,94
2025-W23,2025-06-02,Gisagara,Southern,400000,5511,4827,2597,27,0,0.538,26.3,20.6,93,82,99,86,94
2025-W24,2025-06-09,Gisagara,Southern,400000,5601,4911,2636,42,0,0.537,29.0,20.3,93,82,99,86,96
2025-W25,2025-06-16,Gisagara,Southern,400000,5055,4457,2385,33,0,0.535,18.8,20.8,93,82,99,86,93
2025-W26,2025-06-23,Gisagara,Southern,400000,4986,4573,2344,30,0,0.513,17.0,20.0,93,79,99,86,94
2025-W27,2025-06-30,Gisagara,Southern,400000,5098,4844,2131,24,2,0.44,15.0,20.3,93,79,99,86,96
2025-W28,2025-07-07,Gisagara,Southern,400000,5221,4816,2041,30,0,0.424,21.2,20.6,93,79,99,86,97
2025-W29,2025-07-14,Gisagara,Southern,400000,5442,5193,1729,31,1,0.333,15.1,20.4,93,79,99,86,95
2025-W30,2025-07-21,Gisagara,Southern,400000,5221,5013,1470,25,1,0.293,17.0,19.7,93,79,99,86,96
2025-W31,2025-07-28,Gisagara,Southern,400000,6028,5665,1404,17,0,0.248,16.7,19.8,93,79,99,86,96
2025-W32,2025-08-04,Gisagara,Southern,400000,6276,5808,1244,19,0,0.214,16.1,19.3,93,79,99,86,95
2025-W33,2025-08-11,Gisagara,Southern,400000,6559,5837,1182,23,0,0.203,23.0,19.7,93,79,99,86,94
2025-W34,2025-08-18,Gisagara,Southern,400000,5754,5138,1115,12,0,0.217,36.7,18.6,93,79,99,86,96
2025-W35,2025-08-25,Gisagara,Southern,400000,5984,5608,861,9,1,0.154,40.8,18.9,93,79,99,86,97
2025-W36,2025-09-01,Gisagara,Southern,400000,7762,7090,1058,16,0,0.149,51.2,18.9,93,79,99,86,97
2025-W37,2025-09-08,Gisagara,Southern,400000,5706,5269,895,11,1,0.17,57.8,18.6,93,79,99,86,93
2025-W38,2025-09-15,Gisagara,Southern,400000,5472,5307,968,13,1,0.182,44.0,18.3,93,79,99,86,97
2025-W39,2025-09-22,Gisagara,Southern,400000,5473,5083,930,12,1,0.183,43.9,18.8,93,79,99,86,95
2025-W40,2025-09-29,Gisagara,Southern,400000,4724,4488,879,8,0,0.196,64.0,18.4,93,79,99,86,96
2025-W41,2025-10-06,Gisagara,Southern,400000,5695,5353,919,9,0,0.172,57.6,18.4,93,82,99,86,96
2025-W42,2025-10-13,Gisagara,Southern,400000,5301,5113,1187,21,1,0.232,46.8,17.9,93,82,99,86,93
2025-W43,2025-10-20,Gisagara,Southern,400000,5812,5063,1103,15,0,0.218,53.4,17.4,93,82,99,86,97
2025-W44,2025-10-27,Gisagara,Southern,400000,5350,4985,1454,13,0,0.292,48.5,17.3,93,82,99,86,95
2025-W45,2025-11-03,Gisagara,Southern,400000,5886,5352,1705,28,0,0.319,54.8,17.9,93,82,99,86,97
2025-W46,2025-11-10,Gisagara,Southern,400000,5825,5228,1996,35,1,0.382,62.6,17.8,93,82,99,86,94
2025-W47,2025-11-17,Gisagara,Southern,400000,4921,4325,1991,28,0,0.46,37.3,17.6,93,82,99,86,95
2025-W48,2025-11-24,Gisagara,Southern,400000,5087,4463,2309,34,1,0.517,26.1,17.8,93,82,99,86,93
2025-W49,2025-12-01,Gisagara,Southern,400000,5555,5030,2728,34,0,0.542,26.4,18.3,93,82,99,86,97
2025-W50,2025-12-08,Gisagara,Southern,400000,4797,4598,2458,35,2,0.535,16.4,17.7,93,82,99,86,97
2025-W51,2025-12-15,Gisagara,Southern,400000,5540,4972,2624,29,0,0.528,14.3,18.8,93,82,99,86,93
2025-W52,2025-12-22,Gisagara,Southern,400000,5582,4885,2379,31,0,0.487,17.7,17.9,93,82,99,86,93
2026-W01,2025-12-29,Gisagara,Southern,400000,5269,4817,2037,21,0,0.423,15.5,18.9,93,82,99,86,96
2026-W02,2026-01-05,Gisagara,Southern,400000,5668,5224,2064,33,0,0.395,12.7,18.6,93,82,99,86,94
2026-W03,2026-01-12,Gisagara,Southern,400000,4859,4433,1596,32,0,0.36,20.2,18.7,93,82,99,86,94
2026-W04,2026-01-19,Gisagara,Southern,400000,4889,4610,1380,27,0,0.299,18.8,19.7,93,82,99,86,95
2026-W05,2026-01-26,Gisagara,Southern,400000,4955,4390,1135,22,0,0.259,21.0,19.3,93,82,99,86,94
2026-W06,2026-02-02,Gisagara,Southern,400000,4866,4587,993,12,0,0.216,22.1,19.3,93,82,99,86,96
2026-W07,2026-02-09,Gisagara,Southern,400000,5294,4782,1028,9,0,0.215,19.1,19.6,93,82,99,86,93
2026-W08,2026-02-16,Gisagara,Southern,400000,5955,5217,973,15,0,0.187,35.7,20.0,93,82,99,86,95
2026-W09,2026-02-23,Gisagara,Southern,400000,7143,6213,889,17,0,0.143,33.8,20.4,93,82,99,86,94
2026-W10,2026-03-02,Gisagara,Southern,400000,5917,5490,884,12,0,0.161,49.2,20.1,93,82,99,86,97
2026-W11,2026-03-09,Gisagara,Southern,400000,4654,4394,798,9,0,0.182,58.5,20.3,93,82,99,86,95
2026-W12,2026-03-16,Gisagara,Southern,400000,5519,4917,869,9,1,0.177,81.8,20.5,93,82,99,86,94
2026-W13,2026-03-23,Gisagara,Southern,400000,4697,4501,873,8,0,0.194,55.7,20.1,93,82,99,86,94
2026-W14,2026-03-30,Gisagara,Southern,400000,5552,5233,1012,14,0,0.193,78.5,20.3,93,82,99,86,94
2026-W15,2026-04-06,Gisagara,Southern,400000,4628,4466,985,16,1,0.221,45.9,21.1,93,82,99,86,93
2026-W16,2026-04-13,Gisagara,Southern,400000,5454,5234,1188,14,0,0.227,59.9,20.9,93,82,99,86,93
2026-W17,2026-04-20,Gisagara,Southern,400000,4723,4407,1243,15,0,0.282,93.1,21.4,93,82,99,86,95
2026-W18,2026-04-27,Gisagara,Southern,400000,5743,5179,1487,13,0,0.287,70.0,20.8,93,82,99,86,94
2026-W19,2026-05-04,Gisagara,Southern,400000,5283,4940,1694,25,1,0.343,60.8,21.5,93,82,99,86,95
2026-W20,2026-05-11,Gisagara,Southern,400000,5009,4782,2042,39,0,0.427,70.0,20.6,93,82,99,86,95
2026-W21,2026-05-18,Gisagara,Southern,400000,5861,5161,2168,28,0,0.42,50.7,21.4,93,82,99,86,93
2026-W22,2026-05-25,Gisagara,Southern,400000,5206,4680,2302,28,0,0.492,35.3,21.3,93,82,99,86,95
2026-W23,2026-06-01,Gisagara,Southern,400000,4534,4305,2194,18,0,0.51,25.9,21.2,93,82,99,86,94
2026-W24,2026-06-08,Gisagara,Southern,400000,5094,4492,2451,34,2,0.546,21.3,20.3,93,82,99,86,96
2026-W25,2026-06-15,Gisagara,Southern,400000,4994,4535,2438,35,0,0.538,20.7,21.1,93,82,99,86,93
2026-W26,2026-06-22,Gisagara,Southern,400000,5012,4844,2366,30,0,0.488,14.9,21.0,93,79,99,86,95
2026-W27,2026-06-29,Gisagara,Southern,400000,5015,4507,2051,39,0,0.455,12.4,20.0,93,79,99,86,97
2026-W28,2026-07-06,Gisagara,Southern,400000,4719,4352,1739,33,0,0.4,12.4,20.4,93,79,99,86,94
2026-W29,2026-07-13,Gisagara,Southern,400000,5747,5196,1720,16,0,0.331,11.7,19.5,93,79,99,86,94
2026-W30,2026-07-20,Gisagara,Southern,400000,5459,5202,1652,16,0,0.318,12.4,20.4,93,79,99,86,95
2026-W31,2026-07-27,Gisagara,Southern,400000,5562,5398,1324,23,1,0.245,17.0,19.8,93,79,99,86,96
2026-W32,2026-08-03,Gisagara,Southern,400000,5008,4624,1076,16,1,0.233,16.3,19.9,93,79,99,86,94
2026-W33,2026-08-10,Gisagara,Southern,400000,5134,4670,1074,16,0,0.23,20.2,19.5,93,79,99,86,97
2026-W34,2026-08-17,Gisagara,Southern,400000,5010,4557,996,19,1,0.219,26.6,18.6,93,79,99,86,96
2026-W35,2026-08-24,Gisagara,Southern,400000,5039,4609,922,13,0,0.2,34.1,19.5,93,79,99,86,95
2026-W36,2026-08-31,Gisagara,Southern,400000,6191,5386,844,10,1,0.157,42.4,18.7,93,79,99,86,94
2026-W37,2026-09-07,Gisagara,Southern,400000,6205,6023,933,8,0,0.155,63.8,18.4,93,79,99,86,97
2026-W38,2026-09-14,Gisagara,Southern,400000,5570,5236,919,16,1,0.176,61.1,18.7,93,79,99,86,97
2026-W39,2026-09-21,Gisagara,Southern,400000,6447,5821,981,14,0,0.169,62.9,18.6,93,79,99,86,96
2026-W40,2026-09-28,Gisagara,Southern,400000,5389,4925,926,10,0,0.188,79.0,18.7,93,79,99,86,95
2023-W01,2023-01-02,Nyamasheke,Western,400000,2637,2331,1024,15,0,0.439,16.2,18.5,88,66,0,78,91
2023-W02,2023-01-09,Nyamasheke,Western,400000,2191,2055,778,7,0,0.379,18.8,18.7,88,66,0,78,91
2023-W03,2023-01-16,Nyamasheke,Western,400000,2246,2000,713,7,0,0.356,15.2,19.5,88,66,0,78,88
2023-W04,2023-01-23,Nyamasheke,Western,400000,2198,2054,625,12,1,0.304,22.1,19.3,88,66,0,78,89
2023-W05,2023-01-30,Nyamasheke,Western,400000,2549,2295,531,6,0,0.231,28.3,19.3,88,66,0,78,92
2023-W06,2023-02-06,Nyamasheke,Western,400000,2875,2552,485,7,0,0.19,31.6,19.5,88,66,0,78,88
2023-W07,2023-02-13,Nyamasheke,Western,400000,2818,2709,452,6,0,0.167,33.3,20.1,88,66,0,78,90
2023-W08,2023-02-20,Nyamasheke,Western,400000,2259,2004,381,3,0,0.19,36.1,20.7,88,66,0,78,91
2023-W09,2023-02-27,Nyamasheke,Western,400000,2364,2177,389,4,0,0.179,63.8,20.4,88,66,0,78,90
2023-W10,2023-03-06,Nyamasheke,Western,400000,2686,2470,409,7,0,0.166,52.0,20.6,88,66,0,78,88
2023-W11,2023-03-13,Nyamasheke,Western,400000,2276,2097,388,6,0,0.185,46.5,20.4,88,66,0,78,89
2023-W12,2023-03-20,Nyamasheke,Western,400000,2685,2445,460,6,0,0.188,78.0,21.3,88,66,0,78,91
2023-W13,2023-03-27,Nyamasheke,Western,400000,2606,2309,388,4,0,0.168,79.2,21.2,88,66,0,78,88
2023-W14,2023-04-03,Nyamasheke,Western,400000,2506,2270,437,6,0,0.193,53.9,21.5,88,66,0,78,91
2023-W15,2023-04-10,Nyamasheke,Western,400000,2300,2217,509,10,0,0.23,62.6,20.9,88,66,0,78,91
2023-W16,2023-04-17,Nyamasheke,Western,400000,2750,2549,569,8,0,0.223,56.6,21.9,88,66,0,78,90
2023-W17,2023-04-24,Nyamasheke,Western,400000,2265,2167,644,5,0,0.297,98.0,22.1,88,66,0,78,89
2023-W18,2023-05-01,Nyamasheke,Western,400000,2271,1997,605,10,0,0.303,62.2,22.0,88,66,0,78,91
2023-W19,2023-05-08,Nyamasheke,Western,400000,2334,2142,772,13,0,0.36,77.8,21.0,88,66,0,78,88
2023-W20,2023-05-15,Nyamasheke,Western,400000,2751,2402,911,8,0,0.379,43.1,21.6,88,66,0,78,92
2023-W21,2023-05-22,Nyamasheke,Western,400000,2001,1925,891,14,0,0.463,34.2,21.9,88,66,0,78,91
2023-W22,2023-05-29,Nyamasheke,Western,400000,2191,2028,995,19,0,0.491,46.8,21.6,88,66,0,78,88
2023-W23,2023-06-05,Nyamasheke,Western,400000,2561,2229,1149,20,0,0.515,22.5,21.8,88,66,0,78,90
2023-W24,2023-06-12,Nyamasheke,Western,400000,2122,2057,1042,10,1,0.507,20.0,21.7,88,66,0,78,90
2023-W25,2023-06-19,Nyamasheke,Western,400000,2674,2359,1161,14,1,0.492,16.9,21.5,88,66,0,78,89
2023-W26,2023-06-26,Nyamasheke,Western,400000,2732,2443,1139,14,0,0.466,15.4,20.9,88,63,0,78,90
2023-W27,2023-07-03,Nyamasheke,Western,400000,2121,1972,934,15,0,0.474,20.2,21.1,88,63,0,78,92
2023-W28,2023-07-10,Nyamasheke,Western,400000,2297,2142,916,17,0,0.428,13.6,21.1,88,63,0,78,90
2023-W29,2023-07-17,Nyamasheke,Western,400000,2355,2224,824,13,0,0.371,14.0,20.8,88,63,0,78,90
2023-W30,2023-07-24,Nyamasheke,Western,400000,2570,2327,674,6,0,0.29,12.4,19.9,88,63,0,78,88
2023-W31,2023-07-31,Nyamasheke,Western,400000,2417,2124,552,8,0,0.26,18.5,20.2,88,63,0,78,88
2023-W32,2023-08-07,Nyamasheke,Western,400000,3495,3140,693,11,0,0.221,22.1,19.5,88,63,0,78,91
2023-W33,2023-08-14,Nyamasheke,Western,400000,2217,2109,498,4,0,0.236,21.3,19.3,88,63,0,78,92
2023-W34,2023-08-21,Nyamasheke,Western,400000,2756,2470,492,5,0,0.199,24.8,20.1,88,63,0,78,89
2023-W35,2023-08-28,Nyamasheke,Western,400000,2956,2596,409,6,0,0.158,34.5,19.8,88,63,0,78,88
2023-W36,2023-09-04,Nyamasheke,Western,400000,2397,2203,437,6,0,0.198,45.8,19.4,88,63,0,78,88
2023-W37,2023-09-11,Nyamasheke,Western,400000,2720,2426,383,4,0,0.158,44.3,18.6,88,63,0,78,90
2023-W38,2023-09-18,Nyamasheke,Western,400000,2704,2583,422,4,0,0.163,55.8,19.0,88,63,0,78,90
2023-W39,2023-09-25,Nyamasheke,Western,400000,2384,2305,435,4,0,0.189,68.0,19.0,88,63,0,78,92
2023-W40,2023-10-02,Nyamasheke,Western,400000,2254,2016,409,6,0,0.203,68.9,18.9,88,63,0,78,88
2023-W41,2023-10-09,Nyamasheke,Western,400000,2587,2289,430,4,0,0.188,72.3,18.1,88,66,0,78,89
2023-W42,2023-10-16,Nyamasheke,Western,400000,2256,2092,503,5,0,0.24,49.2,18.1,88,66,0,78,90
2023-W43,2023-10-23,Nyamasheke,Western,400000,2344,2241,600,10,0,0.268,64.4,18.7,88,66,0,78,91
2023-W44,2023-10-30,Nyamasheke,Western,400000,2608,2406,702,8,1,0.292,62.3,18.5,88,66,0,78,88
2023-W45,2023-11-06,Nyamasheke,Western,400000,2871,2617,850,9,0,0.325,64.1,19.0,88,66,0,78,92
2023-W46,2023-11-13,Nyamasheke,Western,400000,2047,1975,790,7,1,0.4,53.7,18.0,88,66,0,78,88
2023-W47,2023-11-20,Nyamasheke,Western,400000,2382,2226,956,17,0,0.429,34.5,18.9,88,66,0,78,91
2023-W48,2023-11-27,Nyamasheke,Western,400000,2782,2445,1167,13,1,0.477,24.8,18.1,88,66,0,78,89
2023-W49,2023-12-04,Nyamasheke,Western,400000,2259,2157,1082,21,0,0.502,15.7,18.7,88,66,0,78,90
2023-W50,2023-12-11,Nyamasheke,Western,400000,2324,2185,1205,11,0,0.551,21.8,18.4,88,66,0,78,89
2023-W51,2023-12-18,Nyamasheke,Western,400000,2797,2544,1361,20,1,0.535,17.9,18.5,88,66,0,78,91
2023-W52,2023-12-25,Nyamasheke,Western,400000,2760,2432,1238,14,0,0.509,15.1,19.5,88,66,0,78,92
2024-W01,2024-01-01,Nyamasheke,Western,400000,2406,2132,950,13,1,0.446,12.4,18.6,88,66,0,78,91
2024-W02,2024-01-08,Nyamasheke,Western,400000,2814,2513,975,8,0,0.388,18.2,19.6,88,66,0,78,90
2024-W03,2024-01-15,Nyamasheke,Western,400000,2989,2878,875,16,0,0.304,15.4,20.0,88,66,0,78,92
2024-W04,2024-01-22,Nyamasheke,Western,400000,2819,2482,731,12,1,0.295,28.7,19.2,88,66,0,78,90
2024-W05,2024-01-29,Nyamasheke,Western,400000,2960,2698,632,6,0,0.234,16.3,20.3,88,66,0,78,92
2024-W06,2024-02-05,Nyamasheke,Western,400000,3081,2915,661,8,1,0.227,22.6,19.8,88,66,0,78,91
2024-W07,2024-02-12,Nyamasheke,Western,400000,3097,2787,526,8,0,0.189,28.8,20.7,88,66,0,78,90
2024-W08,2024-02-19,Nyamasheke,Western,400000,3458,3047,476,7,0,0.156,48.4,19.9,88,66,0,78,90
2024-W09,2024-02-26,Nyamasheke,Western,400000,3435,3311,468,9,0,0.141,45.5,20.4,88,66,0,78,90
2024-W10,2024-03-04,Nyamasheke,Western,400000,3073,2836,479,6,0,0.169,43.3,20.7,88,66,0,78,90
2024-W11,2024-03-11,Nyamasheke,Western,400000,3555,3187,470,5,0,0.147,68.2,20.5,88,66,0,78,89
2024-W12,2024-03-18,Nyamasheke,Western,400000,3401,3099,506,4,0,0.163,58.6,20.7,88,66,0,78,90
2024-W13,2024-03-25,Nyamasheke,Western,400000,3046,2803,525,6,0,0.187,71.1,21.3,88,66,0,78,91
2024-W14,2024-04-01,Nyamasheke,Western,400000,2985,2852,540,8,0,0.189,88.0,20.8,88,66,0,78,88
2024-W15,2024-04-08,Nyamasheke,Western,400000,3313,2900,610,7,0,0.21,70.3,20.9,88,66,0,78,92
2024-W16,2024-04-15,Nyamasheke,Western,400000,3092,2705,650,12,0,0.24,86.5,21.3,88,66,0,78,90
2024-W17,2024-04-22,Nyamasheke,Western,400000,2887,2775,733,12,0,0.264,79.0,21.9,88,66,0,78,91
2024-W18,2024-04-29,Nyamasheke,Western,400000,2854,2743,900,9,0,0.328,51.4,22.1,88,66,0,78,91
2024-W19,2024-05-06,Nyamasheke,Western,400000,2683,2546,912,16,1,0.358,65.8,21.7,88,66,0,78,91
2024-W20,2024-05-13,Nyamasheke,Western,400000,3153,3007,1125,13,0,0.374,35.0,21.3,88,66,0,78,89
2024-W21,2024-05-20,Nyamasheke,Western,400000,3189,2843,1231,17,0,0.433,38.9,21.5,88,66,0,78,90
2024-W22,2024-05-27,Nyamasheke,Western,400000,2981,2774,1381,23,1,0.498,36.3,21.4,88,66,0,78,89
2024-W23,2024-06-03,Nyamasheke,Western,400000,3152,2766,1391,17,1,0.503,38.6,21.7,88,66,0,78,89
2024-W24,2024-06-10,Nyamasheke,Western,400000,3565,3142,1571,28,0,0.5,29.2,20.8,88,66,0,78,92
2024-W25,2024-06-17,Nyamasheke,Western,400000,3096,2881,1410,19,1,0.489,17.7,20.9,88,66,0,78,89
2024-W26,2024-06-24,Nyamasheke,Western,400000,3414,3017,1501,25,0,0.498,13.1,20.6,88,63,0,78,89
2024-W27,2024-07-01,Nyamasheke,Western,400000,3423,3270,1429,19,0,0.437,12.6,20.5,88,63,0,78,89
2024-W28,2024-07-08,Nyamasheke,Western,400000,3400,3222,1244,25,0,0.386,14.8,20.4,88,63,0,78,88
2024-W29,2024-07-15,Nyamasheke,Western,400000,3972,3487,1143,10,0,0.328,16.0,20.2,88,63,0,78,90
2024-W30,2024-07-22,Nyamasheke,Western,400000,3304,3149,985,14,0,0.313,15.8,20.5,88,63,0,78,88
2024-W31,2024-07-29,Nyamasheke,Western,400000,3285,2886,852,12,0,0.295,14.2,20.4,88,63,0,78,90
2024-W32,2024-08-05,Nyamasheke,Western,400000,3350,3185,779,10,0,0.245,17.9,20.6,88,63,0,78,88
2024-W33,2024-08-12,Nyamasheke,Western,400000,3667,3290,686,10,0,0.209,19.8,19.9,88,63,0,78,90
2024-W34,2024-08-19,Nyamasheke,Western,400000,4549,4272,744,14,0,0.174,34.8,19.8,88,63,0,78,89
2024-W35,2024-08-26,Nyamasheke,Western,400000,3691,3548,638,6,0,0.18,43.2,19.5,88,63,0,78,91
2024-W36,2024-09-02,Nyamasheke,Western,400000,3724,3382,622,11,0,0.184,36.5,19.8,88,63,0,78,91
2024-W37,2024-09-09,Nyamasheke,Western,400000,3822,3605,594,8,0,0.165,62.1,19.3,88,63,0,78,89
2024-W38,2024-09-16,Nyamasheke,Western,400000,3433,3065,560,10,0,0.183,61.8,18.7,88,63,0,78,90
2024-W39,2024-09-23,Nyamasheke,Western,400000,4835,4677,660,9,0,0.141,56.4,18.8,88,63,0,78,88
2024-W40,2024-09-30,Nyamasheke,Western,400000,3056,2911,565,7,0,0.194,79.3,18.7,88,63,0,78,92
2024-W41,2024-10-07,Nyamasheke,Western,400000,4108,3766,712,9,0,0.189,70.8,19.2,88,66,0,78,90
2024-W42,2024-10-14,Nyamasheke,Western,400000,3699,3451,653,11,1,0.189,62.2,18.3,88,66,0,78,90
2024-W43,2024-10-21,Nyamasheke,Western,400000,4042,3649,828,13,0,0.227,56.5,17.9,88,66,0,78,90
2024-W44,2024-10-28,Nyamasheke,Western,400000,3784,3398,947,14,0,0.279,51.8,18.8,88,66,0,78,88
2024-W45,2024-11-04,Nyamasheke,Western,400000,3841,3460,1155,12,1,0.334,38.1,19.0,88,66,0,78,88
2024-W46,2024-11-11,Nyamasheke,Western,400000,4001,3754,1418,21,0,0.378,44.2,18.1,88,66,0,78,92
2024-W47,2024-11-18,Nyamasheke,Western,400000,4080,3682,1581,18,0,0.429,35.2,18.3,88,66,0,78,92
2024-W48,2024-11-25,Nyamasheke,Western,400000,3637,3290,1639,23,1,0.498,37.7,19.0,88,66,0,78,90
2024-W49,2024-12-02,Nyamasheke,Western,400000,4138,3634,1945,37,0,0.535,19.7,18.3,88,66,0,78,90
2024-W50,2024-12-09,Nyamasheke,Western,400000,3764,3403,1911,35,1,0.562,14.0,18.4,88,66,0,78,89
2024-W51,2024-12-16,Nyamasheke,Western,400000,3505,3228,1656,24,0,0.513,14.6,19.2,88,66,0,78,92
2024-W52,2024-12-23,Nyamasheke,Western,400000,4229,3961,1848,21,2,0.467,22.5,19.4,88,66,0,78,91
2025-W01,2024-12-30,Nyamasheke,Western,400000,3441,3246,1538,29,1,0.474,17.0,19.2,88,66,0,78,91
2025-W02,2025-01-06,Nyamasheke,Western,400000,3899,3723,1551,16,0,0.417,12.4,19.2,88,66,0,78,90
2025-W03,2025-01-13,Nyamasheke,Western,400000,3976,3576,1204,24,0,0.337,13.7,19.8,88,66,0,78,88
2025-W04,2025-01-20,Nyamasheke,Western,400000,5307,4783,1222,24,0,0.255,14.8,19.4,88,66,0,78,90
2025-W05,2025-01-27,Nyamasheke,Western,400000,4270,3748,895,11,0,0.239,18.5,20.3,88,66,0,78,91
2025-W06,2025-02-03,Nyamasheke,Western,400000,4483,3986,907,10,1,0.228,24.1,20.5,88,66,0,78,90
2025-W07,2025-02-10,Nyamasheke,Western,400000,4725,4228,768,11,1,0.182,36.7,19.8,88,66,0,78,91
2025-W08,2025-02-17,Nyamasheke,Western,400000,4481,4201,720,11,0,0.171,46.9,20.6,88,66,0,78,89
2025-W09,2025-02-24,Nyamasheke,Western,400000,4421,4078,765,14,0,0.188,44.0,20.3,88,66,0,78,88
2025-W10,2025-03-03,Nyamasheke,Western,400000,3644,3448,654,13,0,0.19,75.5,21.3,88,66,0,78,89
2025-W11,2025-03-10,Nyamasheke,Western,400000,4219,3901,548,6,0,0.14,64.3,21.4,88,66,0,78,91
2025-W12,2025-03-17,Nyamasheke,Western,400000,4993,4742,733,13,0,0.155,63.7,21.5,88,66,0,78,92
2025-W13,2025-03-24,Nyamasheke,Western,400000,4723,4570,728,14,1,0.159,57.5,21.4,88,66,0,78,88
2025-W14,2025-03-31,Nyamasheke,Western,400000,3700,3439,694,9,0,0.202,74.1,21.8,88,66,0,78,91
2025-W15,2025-04-07,Nyamasheke,Western,400000,5066,4645,843,11,0,0.181,60.5,21.2,88,66,0,78,91
2025-W16,2025-04-14,Nyamasheke,Western,400000,3742,3526,832,10,0,0.236,89.2,21.3,88,66,0,78,91
2025-W17,2025-04-21,Nyamasheke,Western,400000,4514,4171,1056,11,0,0.253,94.7,22.1,88,66,0,78,91
2025-W18,2025-04-28,Nyamasheke,Western,400000,3491,3373,1026,13,0,0.304,62.9,22.0,88,66,0,78,88
2025-W19,2025-05-05,Nyamasheke,Western,400000,4119,3678,1255,22,0,0.341,48.8,21.1,88,66,0,78,90
2025-W20,2025-05-12,Nyamasheke,Western,400000,4143,3665,1495,15,1,0.408,54.3,22.1,88,66,0,78,92
2025-W21,2025-05-19,Nyamasheke,Western,400000,4457,3896,1640,20,0,0.421,58.5,21.2,88,66,0,78,88
2025-W22,2025-05-26,Nyamasheke,Western,400000,3727,3589,1809,35,0,0.504,40.2,21.8,88,66,0,78,90
2025-W23,2025-06-02,Nyamasheke,Western,400000,3621,3214,1701,20,0,0.529,39.7,21.4,88,66,0,78,91
2025-W24,2025-06-09,Nyamasheke,Western,400000,3878,3588,1816,31,0,0.506,23.5,20.8,88,66,0,78,90
2025-W25,2025-06-16,Nyamasheke,Western,400000,3960,3582,1924,28,1,0.537,26.1,20.8,88,66,0,78,89
2025-W26,2025-06-23,Nyamasheke,Western,400000,4035,3787,1784,15,1,0.471,14.4,20.6,88,63,0,78,92
2025-W27,2025-06-30,Nyamasheke,Western,400000,4093,3754,1702,16,0,0.453,13.5,20.4,88,63,0,78,90
2025-W28,2025-07-07,Nyamasheke,Western,400000,3550,3213,1343,15,0,0.418,13.3,21.0,88,63,0,78,92
2025-W29,2025-07-14,Nyamasheke,Western,400000,3496,3392,1188,11,1,0.35,23.2,21.1,88,63,0,78,92
2025-W30,2025-07-21,Nyamasheke,Western,400000,3919,3651,1193,19,0,0.327,14.4,19.8,88,63,0,78,88
2025-W31,2025-07-28,Nyamasheke,Western,400000,4876,4621,1149,18,0,0.249,20.5,19.8,88,63,0,78,90
2025-W32,2025-08-04,Nyamasheke,Western,400000,4302,4097,940,9,0,0.229,18.4,20.1,88,63,0,78,89
2025-W33,2025-08-11,Nyamasheke,Western,400000,3624,3515,711,11,0,0.202,35.3,19.9,88,63,0,78,92
2025-W34,2025-08-18,Nyamasheke,Western,400000,4151,3646,744,14,0,0.204,29.1,19.8,88,63,0,78,91
2025-W35,2025-08-25,Nyamasheke,Western,400000,3807,3418,640,5,0,0.187,32.5,19.1,88,63,0,78,90
2025-W36,2025-09-01,Nyamasheke,Western,400000,4217,3781,734,14,0,0.194,59.4,19.6,88,63,0,78,89
2025-W37,2025-09-08,Nyamasheke,Western,400000,4180,3842,701,7,1,0.182,48.9,19.2,88,63,0,78,88
2025-W38,2025-09-15,Nyamasheke,Western,400000,4264,3776,671,13,0,0.178,53.0,18.5,88,63,0,78,89
2025-W39,2025-09-22,Nyamasheke,Western,400000,2977,2875,538,10,0,0.187,69.8,19.0,88,63,0,78,88
2025-W40,2025-09-29,Nyamasheke,Western,400000,4716,4520,790,7,0,0.175,89.6,19.2,88,63,0,78,89
2025-W41,2025-10-06,Nyamasheke,Western,400000,4553,4073,840,8,0,0.206,64.9,18.9,88,66,0,78,89
2025-W42,2025-10-13,Nyamasheke,Western,400000,4715,4533,901,11,0,0.199,69.7,18.8,88,66,0,78,91
2025-W43,2025-10-20,Nyamasheke,Western,400000,4667,4102,976,19,0,0.238,79.1,18.8,88,66,0,78,92
2025-W44,2025-10-27,Nyamasheke,Western,400000,4185,4036,1178,18,0,0.292,56.5,18.3,88,66,0,78,92
2025-W45,2025-11-03,Nyamasheke,Western,400000,3747,3396,1201,12,0,0.354,67.5,18.5,88,66,0,78,91
2025-W46,2025-11-10,Nyamasheke,Western,400000,4232,4069,1515,22,0,0.372,53.2,18.5,88,66,0,78,89
2025-W47,2025-11-17,Nyamasheke,Western,400000,3584,3240,1452,12,0,0.448,22.2,18.2,88,66,0,78,91
2025-W48,2025-11-24,Nyamasheke,Western,400000,3401,3255,1637,28,0,0.503,29.1,18.3,88,66,0,78,89
2025-W49,2025-12-01,Nyamasheke,Western,400000,4301,3802,2038,22,2,0.536,29.4,18.2,88,66,0,78,91
2025-W50,2025-12-08,Nyamasheke,Western,400000,3851,3657,1937,34,0,0.53,18.9,18.2,88,66,0,78,91
2025-W51,2025-12-15,Nyamasheke,Western,400000,4376,3938,2068,27,0,0.525,22.4,19.0,88,66,0,78,91
2025-W52,2025-12-22,Nyamasheke,Western,400000,4114,3936,1870,31,2,0.475,17.6,18.6,88,66,0,78,91
2026-W01,2025-12-29,Nyamasheke,Western,400000,4368,4187,1775,22,1,0.424,12.5,18.9,88,66,0,78,90
2026-W02,2026-01-05,Nyamasheke,Western,400000,3915,3623,1337,26,1,0.369,10.3,18.7,88,66,0,78,92
2026-W03,2026-01-12,Nyamasheke,Western,400000,3302,3094,1018,14,1,0.329,14.0,19.6,88,66,0,78,91
2026-W04,2026-01-19,Nyamasheke,Western,400000,3931,3491,1037,17,0,0.297,16.5,20.2,88,66,0,78,91
2026-W05,2026-01-26,Nyamasheke,Western,400000,3746,3626,958,15,0,0.264,23.2,19.3,88,66,0,78,92
2026-W06,2026-02-02,Nyamasheke,Western,400000,3546,3368,805,11,0,0.239,18.6,20.5,88,66,0,78,91
2026-W07,2026-02-09,Nyamasheke,Western,400000,3739,3611,649,12,0,0.18,24.3,20.0,88,66,0,78,90
2026-W08,2026-02-16,Nyamasheke,Western,400000,4510,4333,686,8,0,0.158,37.2,19.8,88,66,0,78,88
2026-W09,2026-02-23,Nyamasheke,Western,400000,4577,4314,641,12,0,0.149,34.6,20.3,88,66,0,78,92
2026-W10,2026-03-02,Nyamasheke,Western,400000,5060,4737,682,10,0,0.144,80.0,20.2,88,66,0,78,92
2026-W11,2026-03-09,Nyamasheke,Western,400000,3617,3294,608,8,0,0.185,63.1,21.0,88,66,0,78,89
2026-W12,2026-03-16,Nyamasheke,Western,400000,4635,4275,712,6,0,0.167,62.9,21.5,88,66,0,78,91
2026-W13,2026-03-23,Nyamasheke,Western,400000,3921,3678,664,8,0,0.181,70.9,21.1,88,66,0,78,92
2026-W14,2026-03-30,Nyamasheke,Western,400000,3759,3398,726,14,0,0.214,78.4,21.0,88,66,0,78,92
2026-W15,2026-04-06,Nyamasheke,Western,400000,4198,3835,798,14,0,0.208,87.0,21.2,88,66,0,78,91
2026-W16,2026-04-13,Nyamasheke,Western,400000,4798,4256,914,18,1,0.215,99.3,21.7,88,66,0,78,90
2026-W17,2026-04-20,Nyamasheke,Western,400000,4769,4161,1043,9,0,0.251,58.6,21.6,88,66,0,78,89
2026-W18,2026-04-27,Nyamasheke,Western,400000,3930,3565,1112,11,0,0.312,70.3,22.0,88,66,0,78,88
2026-W19,2026-05-04,Nyamasheke,Western,400000,3582,3477,1244,16,0,0.358,67.0,22.0,88,66,0,78,91
2026-W20,2026-05-11,Nyamasheke,Western,400000,3479,3186,1276,11,0,0.401,65.4,21.4,88,66,0,78,91
2026-W21,2026-05-18,Nyamasheke,Western,400000,3737,3253,1472,16,0,0.453,49.5,21.3,88,66,0,78,88
2026-W22,2026-05-25,Nyamasheke,Western,400000,3812,3462,1679,26,1,0.485,30.1,21.3,88,66,0,78,88
2026-W23,2026-06-01,Nyamasheke,Western,400000,4251,3785,1875,29,0,0.495,30.0,20.9,88,66,0,78,88
2026-W24,2026-06-08,Nyamasheke,Western,400000,3024,2893,1538,29,0,0.532,25.3,21.5,88,66,0,78,92
2026-W25,2026-06-15,Nyamasheke,Western,400000,3730,3317,1678,26,0,0.506,19.3,20.7,88,66,0,78,88
2026-W26,2026-06-22,Nyamasheke,Western,400000,3612,3502,1638,27,0,0.468,17.8,21.0,88,63,0,78,92
2026-W27,2026-06-29,Nyamasheke,Western,400000,3409,3261,1520,23,0,0.466,14.3,21.0,88,63,0,78,89
2026-W28,2026-07-06,Nyamasheke,Western,400000,3812,3325,1307,19,0,0.393,9.6,20.8,88,63,0,78,88
2026-W29,2026-07-13,Nyamasheke,Western,400000,4090,3638,1223,15,0,0.336,13.1,21.1,88,63,0,78,92
2026-W30,2026-07-20,Nyamasheke,Western,400000,4039,3707,1054,20,0,0.284,15.3,20.4,88,63,0,78,90
2026-W31,2026-07-27,Nyamasheke,Western,400000,4206,3918,1024,9,0,0.261,15.7,20.3,88,63,0,78,90
2026-W32,2026-08-03,Nyamasheke,Western,400000,3366,3203,824,15,0,0.257,17.1,19.5,88,63,0,78,89
2026-W33,2026-08-10,Nyamasheke,Western,400000,4199,3937,730,8,0,0.185,26.2,19.7,88,63,0,78,90
2026-W34,2026-08-17,Nyamasheke,Western,400000,3933,3507,697,10,0,0.199,24.6,19.8,88,63,0,78,90
2026-W35,2026-08-24,Nyamasheke,Western,400000,4128,3740,661,7,0,0.177,39.2,19.5,88,63,0,78,89
2026-W36,2026-08-31,Nyamasheke,Western,400000,4014,3507,641,9,0,0.183,53.8,18.9,88,63,0,78,89
2026-W37,2026-09-07,Nyamasheke,Western,400000,5465,4808,724,11,0,0.151,49.9,18.6,88,63,0,78,91
2026-W38,2026-09-14,Nyamasheke,Western,400000,6610,5984,835,11,0,0.14,64.3,18.8,88,63,0,78,89
2026-W39,2026-09-21,Nyamasheke,Western,400000,7028,6597,954,13,0,0.145,56.5,18.3,88,63,0,78,90
2026-W40,2026-09-28,Nyamasheke,Western,400000,7035,6326,1047,12,0,0.166,62.5,18.8,88,63,0,78,88
2023-W01,2023-01-02,Gicumbi,Northern,400000,2143,1890,874,9,0,0.462,12.1,16.2,89,79,19,82,91
2023-W02,2023-01-09,Gicumbi,Northern,400000,2269,2005,818,11,0,0.408,13.2,15.7,89,79,19,82,89
2023-W03,2023-01-16,Gicumbi,Northern,400000,2068,1897,684,11,0,0.361,14.5,16.7,89,79,19,82,92
2023-W04,2023-01-23,Gicumbi,Northern,400000,2190,1920,552,5,0,0.287,19.6,16.7,89,79,19,82,91
2023-W05,2023-01-30,Gicumbi,Northern,400000,2377,2223,497,10,0,0.224,15.0,16.4,89,79,19,82,92
2023-W06,2023-02-06,Gicumbi,Northern,400000,2607,2450,455,5,0,0.186,18.3,16.6,89,79,19,82,91
2023-W07,2023-02-13,Gicumbi,Northern,400000,2160,1887,387,7,0,0.205,27.2,17.2,89,79,19,82,92
2023-W08,2023-02-20,Gicumbi,Northern,400000,2782,2501,399,5,0,0.16,28.2,17.8,89,79,19,82,92
2023-W09,2023-02-27,Gicumbi,Northern,400000,2353,2141,363,6,0,0.17,40.3,17.8,89,79,19,82,90
2023-W10,2023-03-06,Gicumbi,Northern,400000,1967,1856,349,7,0,0.188,57.9,17.8,89,79,19,82,91
2023-W11,2023-03-13,Gicumbi,Northern,400000,2152,2025,386,6,0,0.191,71.1,17.6,89,79,19,82,91
2023-W12,2023-03-20,Gicumbi,Northern,400000,2570,2473,367,3,0,0.148,62.5,18.1,89,79,19,82,91
2023-W13,2023-03-27,Gicumbi,Northern,400000,2766,2442,413,5,0,0.169,83.8,18.5,89,79,19,82,91
2023-W14,2023-04-03,Gicumbi,Northern,400000,2391,2090,418,4,0,0.2,61.1,18.4,89,79,19,82,91
2023-W15,2023-04-10,Gicumbi,Northern,400000,2348,2240,402,5,0,0.179,79.3,18.7,89,79,19,82,92
2023-W16,2023-04-17,Gicumbi,Northern,400000,2290,2058,531,7,0,0.258,69.4,18.2,89,79,19,82,89
2023-W17,2023-04-24,Gicumbi,Northern,400000,2955,2625,633,11,0,0.241,67.2,18.3,89,79,19,82,92
2023-W18,2023-05-01,Gicumbi,Northern,400000,2265,1982,662,6,0,0.334,53.9,18.4,89,79,19,82,91
2023-W19,2023-05-08,Gicumbi,Northern,400000,2102,1897,690,9,0,0.364,48.9,19.2,89,79,19,82,88
2023-W20,2023-05-15,Gicumbi,Northern,400000,2247,2139,915,18,0,0.428,59.9,19.2,89,79,19,82,89
2023-W21,2023-05-22,Gicumbi,Northern,400000,2062,1797,847,14,0,0.471,53.1,18.6,89,79,19,82,89
2023-W22,2023-05-29,Gicumbi,Northern,400000,2336,2116,967,18,1,0.457,43.5,18.0,89,79,19,82,90
2023-W23,2023-06-05,Gicumbi,Northern,400000,2078,2009,1012,19,0,0.504,32.7,18.2,89,79,19,82,88
2023-W24,2023-06-12,Gicumbi,Northern,400000,2440,2178,1152,12,0,0.529,33.0,18.0,89,79,19,82,91
2023-W25,2023-06-19,Gicumbi,Northern,400000,2227,1963,1019,9,1,0.519,17.8,17.7,89,79,19,82,92
2023-W26,2023-06-26,Gicumbi,Northern,400000,2217,2133,999,17,1,0.468,16.1,17.8,89,76,19,82,90
2023-W27,2023-07-03,Gicumbi,Northern,400000,2056,1958,861,11,0,0.44,24.9,18.3,89,76,19,82,88
2023-W28,2023-07-10,Gicumbi,Northern,400000,2523,2291,865,9,0,0.378,14.7,17.6,89,76,19,82,92
2023-W29,2023-07-17,Gicumbi,Northern,400000,2079,1983,728,7,1,0.367,17.0,18.1,89,76,19,82,91
2023-W30,2023-07-24,Gicumbi,Northern,400000,2642,2300,707,6,0,0.307,17.4,17.6,89,76,19,82,90
2023-W31,2023-07-31,Gicumbi,Northern,400000,2214,2089,612,8,0,0.293,18.1,17.3,89,76,19,82,89
2023-W32,2023-08-07,Gicumbi,Northern,400000,1875,1818,475,8,0,0.261,18.2,17.5,89,76,19,82,92
2023-W33,2023-08-14,Gicumbi,Northern,400000,2253,1966,433,7,0,0.22,18.8,17.1,89,76,19,82,88
2023-W34,2023-08-21,Gicumbi,Northern,400000,1973,1857,387,4,0,0.208,28.4,16.9,89,76,19,82,91
2023-W35,2023-08-28,Gicumbi,Northern,400000,2261,2151,414,4,0,0.192,34.7,16.5,89,76,19,82,89
2023-W36,2023-09-04,Gicumbi,Northern,400000,2343,2164,339,6,0,0.157,40.9,15.7,89,76,19,82,90
2023-W37,2023-09-11,Gicumbi,Northern,400000,2804,2567,354,7,0,0.138,59.9,15.9,89,76,19,82,90
2023-W38,2023-09-18,Gicumbi,Northern,400000,2745,2436,386,3,0,0.158,68.0,16.2,89,76,19,82,89
2023-W39,2023-09-25,Gicumbi,Northern,400000,2322,2127,382,6,0,0.18,75.6,16.0,89,76,19,82,88
2023-W40,2023-10-02,Gicumbi,Northern,400000,2658,2409,425,4,0,0.176,72.7,15.3,89,76,19,82,89
2023-W41,2023-10-09,Gicumbi,Northern,400000,3444,3060,497,6,0,0.162,77.0,15.5,89,79,19,82,88
2023-W42,2023-10-16,Gicumbi,Northern,400000,2742,2447,480,8,0,0.196,71.1,16.0,89,79,19,82,91
2023-W43,2023-10-23,Gicumbi,Northern,400000,2839,2481,565,9,0,0.228,67.1,15.8,89,79,19,82,90
2023-W44,2023-10-30,Gicumbi,Northern,400000,2637,2315,676,11,0,0.292,54.6,15.1,89,79,19,82,90
2023-W45,2023-11-06,Gicumbi,Northern,400000,2629,2297,749,11,0,0.326,52.7,16.0,89,79,19,82,90
2023-W46,2023-11-13,Gicumbi,Northern,400000,2578,2360,983,15,1,0.417,42.6,15.0,89,79,19,82,90
2023-W47,2023-11-20,Gicumbi,Northern,400000,2470,2321,1031,17,0,0.444,28.0,15.4,89,79,19,82,88
2023-W48,2023-11-27,Gicumbi,Northern,400000,1984,1757,878,12,0,0.5,35.5,15.9,89,79,19,82,89
2023-W49,2023-12-04,Gicumbi,Northern,400000,1876,1784,988,14,0,0.554,32.4,16.2,89,79,19,82,92
2023-W50,2023-12-11,Gicumbi,Northern,400000,2338,2086,1123,14,0,0.538,21.2,16.1,89,79,19,82,91
2023-W51,2023-12-18,Gicumbi,Northern,400000,2181,1927,1052,17,0,0.546,11.8,15.6,89,79,19,82,89
2023-W52,2023-12-25,Gicumbi,Northern,400000,1936,1878,896,15,0,0.477,19.7,16.3,89,79,19,82,88
2024-W01,2024-01-01,Gicumbi,Northern,400000,2583,2397,1004,12,0,0.419,20.7,16.7,89,79,19,82,88
2024-W02,2024-01-08,Gicumbi,Northern,400000,2302,2232,892,8,1,0.4,17.6,16.4,89,79,19,82,92
2024-W03,2024-01-15,Gicumbi,Northern,400000,2561,2435,754,10,0,0.31,16.3,15.9,89,79,19,82,92
2024-W04,2024-01-22,Gicumbi,Northern,400000,2707,2395,677,10,0,0.283,19.6,16.8,89,79,19,82,88
2024-W05,2024-01-29,Gicumbi,Northern,400000,2565,2367,528,6,0,0.223,21.6,16.5,89,79,19,82,88
2024-W06,2024-02-05,Gicumbi,Northern,400000,3298,2897,534,6,0,0.184,24.2,17.5,89,79,19,82,90
2024-W07,2024-02-12,Gicumbi,Northern,400000,2757,2443,493,5,0,0.202,30.5,17.0,89,79,19,82,89
2024-W08,2024-02-19,Gicumbi,Northern,400000,2852,2651,478,9,0,0.18,30.9,17.6,89,79,19,82,92
2024-W09,2024-02-26,Gicumbi,Northern,400000,2873,2580,403,4,0,0.156,54.2,17.5,89,79,19,82,89
2024-W10,2024-03-04,Gicumbi,Northern,400000,2632,2484,397,4,0,0.16,47.5,17.3,89,79,19,82,90
2024-W11,2024-03-11,Gicumbi,Northern,400000,2570,2492,462,6,0,0.185,39.4,17.7,89,79,19,82,91
2024-W12,2024-03-18,Gicumbi,Northern,400000,2636,2405,422,6,0,0.175,80.0,17.9,89,79,19,82,92
2024-W13,2024-03-25,Gicumbi,Northern,400000,3027,2896,500,4,0,0.173,57.5,18.5,89,79,19,82,88
2024-W14,2024-04-01,Gicumbi,Northern,400000,3363,3173,580,9,0,0.183,72.8,18.2,89,79,19,82,89
2024-W15,2024-04-08,Gicumbi,Northern,400000,2216,1974,465,8,0,0.236,67.7,18.5,89,79,19,82,88
2024-W16,2024-04-15,Gicumbi,Northern,400000,3190,2785,651,9,0,0.234,71.8,19.1,89,79,19,82,92
2024-W17,2024-04-22,Gicumbi,Northern,400000,2691,2610,716,9,0,0.274,53.6,18.2,89,79,19,82,92
2024-W18,2024-04-29,Gicumbi,Northern,400000,3030,2776,833,16,0,0.3,61.0,19.1,89,79,19,82,89
2024-W19,2024-05-06,Gicumbi,Northern,400000,2848,2698,953,16,0,0.353,73.5,18.0,89,79,19,82,91
2024-W20,2024-05-13,Gicumbi,Northern,400000,3024,2660,1008,10,0,0.379,49.5,18.6,89,79,19,82,89
2024-W21,2024-05-20,Gicumbi,Northern,400000,2643,2384,998,11,0,0.419,41.1,18.9,89,79,19,82,88
2024-W22,2024-05-27,Gicumbi,Northern,400000,2604,2427,1216,22,1,0.501,27.9,18.8,89,79,19,82,88
2024-W23,2024-06-03,Gicumbi,Northern,400000,2771,2414,1231,12,0,0.51,31.2,18.7,89,79,19,82,91
2024-W24,2024-06-10,Gicumbi,Northern,400000,2575,2462,1331,26,0,0.541,25.8,18.7,89,79,19,82,91
2024-W25,2024-06-17,Gicumbi,Northern,400000,2759,2551,1302,20,0,0.51,19.0,17.9,89,79,19,82,89
2024-W26,2024-06-24,Gicumbi,Northern,400000,3052,2708,1312,22,0,0.484,18.7,17.6,89,76,19,82,88
2024-W27,2024-07-01,Gicumbi,Northern,400000,2963,2684,1146,10,1,0.427,13.5,17.6,89,76,19,82,90
2024-W28,2024-07-08,Gicumbi,Northern,400000,2872,2693,1072,12,1,0.398,14.4,17.2,89,76,19,82,88
2024-W29,2024-07-15,Gicumbi,Northern,400000,2881,2765,943,10,0,0.341,13.8,17.0,89,76,19,82,92
2024-W30,2024-07-22,Gicumbi,Northern,400000,3354,2997,898,14,0,0.3,13.1,16.9,89,76,19,82,88
2024-W31,2024-07-29,Gicumbi,Northern,400000,2661,2359,689,7,0,0.292,15.2,17.5,89,76,19,82,92
2024-W32,2024-08-05,Gicumbi,Northern,400000,3677,3297,711,13,0,0.216,20.2,16.8,89,76,19,82,88
2024-W33,2024-08-12,Gicumbi,Northern,400000,2758,2627,549,6,0,0.209,28.4,16.8,89,76,19,82,92
2024-W34,2024-08-19,Gicumbi,Northern,400000,3298,2990,620,6,0,0.207,29.3,17.1,89,76,19,82,92
2024-W35,2024-08-26,Gicumbi,Northern,400000,3478,3072,553,6,0,0.18,28.8,16.2,89,76,19,82,89
2024-W36,2024-09-02,Gicumbi,Northern,400000,4381,3957,590,6,0,0.149,43.9,15.8,89,76,19,82,92
2024-W37,2024-09-09,Gicumbi,Northern,400000,2932,2743,525,5,0,0.191,84.5,16.4,89,76,19,82,92
2024-W38,2024-09-16,Gicumbi,Northern,400000,3046,2763,523,5,0,0.189,43.8,16.4,89,76,19,82,91
2024-W39,2024-09-23,Gicumbi,Northern,400000,3007,2870,527,7,0,0.184,69.6,15.9,89,76,19,82,89
2024-W40,2024-09-30,Gicumbi,Northern,400000,4236,3755,590,10,0,0.157,63.0,15.9,89,76,19,82,91
2024-W41,2024-10-07,Gicumbi,Northern,400000,3019,2739,559,7,1,0.204,84.2,15.0,89,79,19,82,89
2024-W42,2024-10-14,Gicumbi,Northern,400000,3075,2981,709,14,0,0.238,73.3,15.8,89,79,19,82,89
2024-W43,2024-10-21,Gicumbi,Northern,400000,3596,3231,733,11,1,0.227,51.9,15.5,89,79,19,82,91
2024-W44,2024-10-28,Gicumbi,Northern,400000,3243,3047,799,15,0,0.262,42.6,15.1,89,79,19,82,90
2024-W45,2024-11-04,Gicumbi,Northern,400000,3586,3153,981,15,1,0.311,54.0,15.0,89,79,19,82,90
2024-W46,2024-11-11,Gicumbi,Northern,400000,3346,2935,1212,19,0,0.413,44.7,14.8,89,79,19,82,89
2024-W47,2024-11-18,Gicumbi,Northern,400000,3680,3296,1403,24,0,0.426,62.8,15.2,89,79,19,82,88
2024-W48,2024-11-25,Gicumbi,Northern,400000,3039,2845,1455,19,0,0.511,32.6,15.9,89,79,19,82,89
2024-W49,2024-12-02,Gicumbi,Northern,400000,3177,2904,1541,28,0,0.531,22.1,15.8,89,79,19,82,89
2024-W50,2024-12-09,Gicumbi,Northern,400000,3539,3297,1682,23,1,0.51,24.0,16.1,89,79,19,82,89
2024-W51,2024-12-16,Gicumbi,Northern,400000,3003,2835,1558,28,1,0.55,16.4,16.4,89,79,19,82,90
2024-W52,2024-12-23,Gicumbi,Northern,400000,3188,3084,1545,19,1,0.501,17.3,15.5,89,79,19,82,89
2025-W01,2024-12-30,Gicumbi,Northern,400000,3341,3075,1379,23,0,0.448,15.4,15.7,89,79,19,82,91
2025-W02,2025-01-06,Gicumbi,Northern,400000,3759,3370,1392,15,0,0.413,13.8,16.1,89,79,19,82,89
2025-W03,2025-01-13,Gicumbi,Northern,400000,3850,3660,1125,19,0,0.307,19.1,16.2,89,79,19,82,91
2025-W04,2025-01-20,Gicumbi,Northern,400000,3491,3230,974,11,1,0.302,20.2,16.3,89,79,19,82,89
2025-W05,2025-01-27,Gicumbi,Northern,400000,3757,3298,818,8,1,0.248,18.8,16.9,89,79,19,82,88
2025-W06,2025-02-03,Gicumbi,Northern,400000,4266,4097,755,9,0,0.184,32.3,16.8,89,79,19,82,91
2025-W07,2025-02-10,Gicumbi,Northern,400000,4050,3714,687,10,0,0.185,34.8,17.6,89,79,19,82,88
2025-W08,2025-02-17,Gicumbi,Northern,400000,3650,3506,614,10,0,0.175,43.3,17.0,89,79,19,82,92
2025-W09,2025-02-24,Gicumbi,Northern,400000,3688,3444,617,11,0,0.179,51.2,18.0,89,79,19,82,91
2025-W10,2025-03-03,Gicumbi,Northern,400000,3813,3352,634,9,0,0.189,46.4,17.8,89,79,19,82,90
2025-W11,2025-03-10,Gicumbi,Northern,400000,3581,3118,573,11,0,0.184,75.8,17.7,89,79,19,82,90
2025-W12,2025-03-17,Gicumbi,Northern,400000,3152,2911,571,8,0,0.196,51.2,18.0,89,79,19,82,88
2025-W13,2025-03-24,Gicumbi,Northern,400000,3869,3473,670,10,0,0.193,63.3,18.6,89,79,19,82,89
2025-W14,2025-03-31,Gicumbi,Northern,400000,4339,3995,664,10,0,0.166,65.1,18.9,89,79,19,82,91
2025-W15,2025-04-07,Gicumbi,Northern,400000,4133,3859,766,12,1,0.198,59.5,18.5,89,79,19,82,91
2025-W16,2025-04-14,Gicumbi,Northern,400000,3625,3228,769,7,0,0.238,83.6,18.2,89,79,19,82,89
2025-W17,2025-04-21,Gicumbi,Northern,400000,3500,3202,897,14,1,0.28,56.8,18.2,89,79,19,82,90
2025-W18,2025-04-28,Gicumbi,Northern,400000,3877,3695,1146,19,0,0.31,61.6,18.9,89,79,19,82,92
2025-W19,2025-05-05,Gicumbi,Northern,400000,3068,2870,1030,20,0,0.359,63.5,18.2,89,79,19,82,91
2025-W20,2025-05-12,Gicumbi,Northern,400000,4035,3740,1464,21,1,0.391,55.8,18.5,89,79,19,82,92
2025-W21,2025-05-19,Gicumbi,Northern,400000,3198,2872,1370,24,0,0.477,37.8,18.8,89,79,19,82,88
2025-W22,2025-05-26,Gicumbi,Northern,400000,3529,3237,1535,28,0,0.474,34.5,18.3,89,79,19,82,92
2025-W23,2025-06-02,Gicumbi,Northern,400000,3485,3182,1637,21,0,0.514,28.5,18.6,89,79,19,82,88
2025-W24,2025-06-09,Gicumbi,Northern,400000,2898,2780,1465,25,0,0.527,26.4,18.7,89,79,19,82,90
2025-W25,2025-06-16,Gicumbi,Northern,400000,3556,3306,1745,18,0,0.528,17.6,18.4,89,79,19,82,91
2025-W26,2025-06-23,Gicumbi,Northern,400000,3252,3062,1438,23,1,0.47,18.1,17.8,89,76,19,82,89
2025-W27,2025-06-30,Gicumbi,Northern,400000,3057,2827,1323,25,0,0.468,15.2,17.5,89,76,19,82,89
2025-W28,2025-07-07,Gicumbi,Northern,400000,3514,3179,1334,15,0,0.42,13.5,17.7,89,76,19,82,92
2025-W29,2025-07-14,Gicumbi,Northern,400000,3279,2985,1065,9,0,0.357,17.8,17.2,89,76,19,82,89
2025-W30,2025-07-21,Gicumbi,Northern,400000,3830,3399,995,12,0,0.293,13.3,17.0,89,76,19,82,88
2025-W31,2025-07-28,Gicumbi,Northern,400000,3354,3219,926,16,0,0.288,17.9,17.1,89,76,19,82,90
2025-W32,2025-08-04,Gicumbi,Northern,400000,4109,3985,852,9,0,0.214,21.2,16.6,89,76,19,82,90
2025-W33,2025-08-11,Gicumbi,Northern,400000,4846,4437,801,14,1,0.181,25.1,16.5,89,76,19,82,89
2025-W34,2025-08-18,Gicumbi,Northern,400000,4250,3913,758,13,0,0.194,33.9,16.3,89,76,19,82,90
2025-W35,2025-08-25,Gicumbi,Northern,400000,5202,4545,720,10,0,0.158,52.4,16.6,89,76,19,82,92
2025-W36,2025-09-01,Gicumbi,Northern,400000,4367,3870,628,8,0,0.162,36.6,16.4,89,76,19,82,92
2025-W37,2025-09-08,Gicumbi,Northern,400000,4500,4161,617,6,0,0.148,46.8,15.9,89,76,19,82,88
2025-W38,2025-09-15,Gicumbi,Northern,400000,3587,3269,604,8,0,0.185,47.3,16.1,89,76,19,82,88
2025-W39,2025-09-22,Gicumbi,Northern,400000,3854,3608,653,8,1,0.181,59.2,15.7,89,76,19,82,88
2025-W40,2025-09-29,Gicumbi,Northern,400000,3909,3556,650,7,0,0.183,43.1,15.6,89,76,19,82,92
2025-W41,2025-10-06,Gicumbi,Northern,400000,4790,4289,713,8,0,0.166,68.7,15.7,89,79,19,82,91
2025-W42,2025-10-13,Gicumbi,Northern,400000,3686,3226,762,7,1,0.236,98.4,15.2,89,79,19,82,88
2025-W43,2025-10-20,Gicumbi,Northern,400000,3044,2684,729,8,0,0.272,54.0,15.8,89,79,19,82,90
2025-W44,2025-10-27,Gicumbi,Northern,400000,4086,3647,994,19,0,0.273,55.0,15.4,89,79,19,82,92
2025-W45,2025-11-03,Gicumbi,Northern,400000,3940,3525,1131,12,1,0.321,36.6,15.8,89,79,19,82,89
2025-W46,2025-11-10,Gicumbi,Northern,400000,3549,3440,1342,14,0,0.39,35.7,15.5,89,79,19,82,92
2025-W47,2025-11-17,Gicumbi,Northern,400000,3399,3134,1484,15,0,0.474,30.2,16.0,89,79,19,82,92
2025-W48,2025-11-24,Gicumbi,Northern,400000,3721,3443,1641,27,0,0.477,22.6,15.0,89,79,19,82,88
2025-W49,2025-12-01,Gicumbi,Northern,400000,3625,3485,1792,24,1,0.514,23.5,15.3,89,79,19,82,88
2025-W50,2025-12-08,Gicumbi,Northern,400000,3046,2859,1617,21,0,0.566,19.6,15.9,89,79,19,82,89
2025-W51,2025-12-15,Gicumbi,Northern,400000,3781,3329,1679,28,0,0.504,19.1,15.4,89,79,19,82,89
2025-W52,2025-12-22,Gicumbi,Northern,400000,3267,3171,1589,16,0,0.501,16.6,16.2,89,79,19,82,89
2026-W01,2025-12-29,Gicumbi,Northern,400000,3922,3453,1476,15,0,0.427,13.6,15.5,89,79,19,82,89
2026-W02,2026-01-05,Gicumbi,Northern,400000,3903,3397,1228,22,0,0.361,11.9,16.2,89,79,19,82,90
2026-W03,2026-01-12,Gicumbi,Northern,400000,3736,3504,1068,13,0,0.305,15.8,16.5,89,79,19,82,88
2026-W04,2026-01-19,Gicumbi,Northern,400000,3469,3233,862,7,0,0.267,17.3,16.1,89,79,19,82,91
2026-W05,2026-01-26,Gicumbi,Northern,400000,4017,3498,931,17,1,0.266,19.1,16.9,89,79,19,82,90
2026-W06,2026-02-02,Gicumbi,Northern,400000,3740,3309,704,7,0,0.213,27.9,16.5,89,79,19,82,88
2026-W07,2026-02-09,Gicumbi,Northern,400000,3826,3501,660,8,0,0.189,29.1,16.9,89,79,19,82,91
2026-W08,2026-02-16,Gicumbi,Northern,400000,3433,3154,577,5,0,0.183,35.8,17.5,89,79,19,82,88
2026-W09,2026-02-23,Gicumbi,Northern,400000,3707,3369,620,6,0,0.184,33.2,17.7,89,79,19,82,91
2026-W10,2026-03-02,Gicumbi,Northern,400000,3022,2743,523,5,0,0.191,55.3,18.1,89,79,19,82,90
2026-W11,2026-03-09,Gicumbi,Northern,400000,3693,3465,539,10,0,0.156,43.8,18.1,89,79,19,82,92
2026-W12,2026-03-16,Gicumbi,Northern,400000,3921,3613,601,11,1,0.166,66.4,18.2,89,79,19,82,92
2026-W13,2026-03-23,Gicumbi,Northern,400000,3924,3482,657,12,0,0.189,74.2,17.7,89,79,19,82,90
2026-W14,2026-03-30,Gicumbi,Northern,400000,3570,3191,678,11,0,0.212,65.4,18.6,89,79,19,82,91
2026-W15,2026-04-06,Gicumbi,Northern,400000,3863,3363,728,6,0,0.216,76.7,17.9,89,79,19,82,89
2026-W16,2026-04-13,Gicumbi,Northern,400000,3268,3030,787,16,0,0.26,78.9,18.7,89,79,19,82,92
2026-W17,2026-04-20,Gicumbi,Northern,400000,3952,3503,836,13,1,0.239,71.2,18.3,89,79,19,82,88
2026-W18,2026-04-27,Gicumbi,Northern,400000,3766,3499,1113,20,0,0.318,54.8,18.1,89,79,19,82,91
2026-W19,2026-05-04,Gicumbi,Northern,400000,4198,3686,1332,16,1,0.361,56.3,18.2,89,79,19,82,92
2026-W20,2026-05-11,Gicumbi,Northern,400000,3845,3518,1384,20,1,0.393,55.4,18.5,89,79,19,82,89
2026-W21,2026-05-18,Gicumbi,Northern,400000,2981,2871,1253,23,0,0.436,43.9,18.8,89,79,19,82,92
2026-W22,2026-05-25,Gicumbi,Northern,400000,3841,3490,1619,24,0,0.464,38.7,18.7,89,79,19,82,91
2026-W23,2026-06-01,Gicumbi,Northern,400000,3739,3318,1748,29,2,0.527,33.5,17.9,89,79,19,82,92
2026-W24,2026-06-08,Gicumbi,Northern,400000,3743,3310,1696,32,2,0.512,25.0,18.0,89,79,19,82,91
2026-W25,2026-06-15,Gicumbi,Northern,400000,3490,3095,1627,29,1,0.526,23.1,17.8,89,79,19,82,89
2026-W26,2026-06-22,Gicumbi,Northern,400000,3835,3383,1626,20,0,0.481,20.6,17.7,89,76,19,82,89
2026-W27,2026-06-29,Gicumbi,Northern,400000,3688,3241,1424,26,0,0.439,21.6,18.0,89,76,19,82,89
2026-W28,2026-07-06,Gicumbi,Northern,400000,3639,3512,1333,19,1,0.38,10.3,17.6,89,76,19,82,90
2026-W29,2026-07-13,Gicumbi,Northern,400000,3382,3168,1204,19,0,0.38,22.2,18.1,89,76,19,82,88
2026-W30,2026-07-20,Gicumbi,Northern,400000,3243,3127,907,9,0,0.29,11.8,17.7,89,76,19,82,92
2026-W31,2026-07-27,Gicumbi,Northern,400000,4086,3757,910,9,0,0.242,17.0,17.0,89,76,19,82,91
2026-W32,2026-08-03,Gicumbi,Northern,400000,2927,2564,673,6,0,0.262,20.7,17.2,89,76,19,82,88
2026-W33,2026-08-10,Gicumbi,Northern,400000,3344,3200,719,12,0,0.225,17.2,17.3,89,76,19,82,90
2026-W34,2026-08-17,Gicumbi,Northern,400000,3934,3779,620,5,0,0.164,34.9,16.1,89,76,19,82,88
2026-W35,2026-08-24,Gicumbi,Northern,400000,4583,4385,666,7,0,0.152,36.9,16.2,89,76,19,82,92
2026-W36,2026-08-31,Gicumbi,Northern,400000,3436,3241,585,8,0,0.18,24.8,15.9,89,76,19,82,90
2026-W37,2026-09-07,Gicumbi,Northern,400000,3500,3276,554,8,0,0.169,28.1,16.1,89,76,19,82,88
2026-W38,2026-09-14,Gicumbi,Northern,400000,3113,2919,571,8,1,0.196,48.4,16.3,89,76,19,82,88
2026-W39,2026-09-21,Gicumbi,Northern,400000,3701,3568,564,10,0,0.158,57.9,15.5,89,76,19,82,91
2026-W40,2026-09-28,Gicumbi,Northern,400000,4012,3881,584,10,0,0.15,73.9,16.1,89,76,19,82,90
2023-W01,2023-01-02,Bugesera,Eastern,460000,2047,1832,847,13,0,0.462,18.3,21.6,92,81,99,84,92
2023-W02,2023-01-09,Bugesera,Eastern,460000,1821,1716,677,13,0,0.395,12.1,21.0,92,81,99,84,91
2023-W03,2023-01-16,Bugesera,Eastern,460000,2030,1839,622,8,0,0.338,20.3,21.0,92,81,99,84,94
2023-W04,2023-01-23,Bugesera,Eastern,460000,2063,1900,578,8,0,0.304,17.0,21.3,92,81,99,84,90
2023-W05,2023-01-30,Bugesera,Eastern,460000,1818,1703,453,4,0,0.266,15.0,21.4,92,81,99,84,94
2023-W06,2023-02-06,Bugesera,Eastern,460000,2065,1857,410,8,0,0.221,26.1,22.3,92,81,99,84,92
2023-W07,2023-02-13,Bugesera,Eastern,460000,2196,2113,369,5,0,0.175,26.9,22.6,92,81,99,84,93
2023-W08,2023-02-20,Bugesera,Eastern,460000,2056,1923,316,6,0,0.164,38.5,23.0,92,81,99,84,94
2023-W09,2023-02-27,Bugesera,Eastern,460000,2214,1943,306,3,0,0.157,42.8,22.6,92,81,99,84,94
2023-W10,2023-03-06,Bugesera,Eastern,460000,1944,1807,319,6,0,0.177,59.0,22.7,92,81,99,84,94
2023-W11,2023-03-13,Bugesera,Eastern,460000,2339,2067,351,5,0,0.17,57.8,22.6,92,81,99,84,94
2023-W12,2023-03-20,Bugesera,Eastern,460000,2402,2094,326,4,0,0.156,71.0,23.6,92,81,99,84,93
2023-W13,2023-03-27,Bugesera,Eastern,460000,2107,1901,340,5,0,0.179,78.3,22.7,92,81,99,84,94
2023-W14,2023-04-03,Bugesera,Eastern,460000,2131,1990,392,4,0,0.197,58.7,23.8,92,81,99,84,91
2023-W15,2023-04-10,Bugesera,Eastern,460000,1657,1590,373,7,0,0.235,74.7,23.3,92,81,99,84,93
2023-W16,2023-04-17,Bugesera,Eastern,460000,1910,1793,426,5,0,0.238,75.6,23.8,92,81,99,84,90
2023-W17,2023-04-24,Bugesera,Eastern,460000,2155,1949,515,9,0,0.264,87.3,23.8,92,81,99,84,94
2023-W18,2023-05-01,Bugesera,Eastern,460000,1915,1792,568,6,0,0.317,71.2,23.6,92,81,99,84,90
2023-W19,2023-05-08,Bugesera,Eastern,460000,2022,1900,682,9,0,0.359,55.4,24.1,92,81,99,84,92
2023-W20,2023-05-15,Bugesera,Eastern,460000,1907,1752,665,7,1,0.38,41.1,23.1,92,81,99,84,91
2023-W21,2023-05-22,Bugesera,Eastern,460000,2092,1867,804,7,0,0.431,44.8,23.0,92,81,99,84,90
2023-W22,2023-05-29,Bugesera,Eastern,460000,1806,1616,829,12,0,0.513,42.7,23.4,92,81,99,84,92
2023-W23,2023-06-05,Bugesera,Eastern,460000,1701,1520,820,9,0,0.539,26.7,23.7,92,81,99,84,90
2023-W24,2023-06-12,Bugesera,Eastern,460000,1792,1720,938,15,0,0.545,27.2,23.5,92,81,99,84,90
2023-W25,2023-06-19,Bugesera,Eastern,460000,1724,1552,828,9,1,0.534,22.7,22.8,92,81,99,84,90
2023-W26,2023-06-26,Bugesera,Eastern,460000,1673,1617,758,12,0,0.469,15.6,23.1,92,78,99,84,91
2023-W27,2023-07-03,Bugesera,Eastern,460000,2182,2026,907,11,0,0.448,17.8,23.5,92,78,99,84,92
2023-W28,2023-07-10,Bugesera,Eastern,460000,1975,1780,682,8,0,0.383,19.8,23.0,92,78,99,84,90
2023-W29,2023-07-17,Bugesera,Eastern,460000,1744,1616,610,9,1,0.377,12.8,22.5,92,78,99,84,92
2023-W30,2023-07-24,Bugesera,Eastern,460000,2088,1887,607,5,0,0.322,19.9,22.7,92,78,99,84,90
2023-W31,2023-07-31,Bugesera,Eastern,460000,2064,1999,477,6,0,0.239,14.0,21.7,92,78,99,84,90
2023-W32,2023-08-07,Bugesera,Eastern,460000,2355,2083,450,6,0,0.216,16.6,21.9,92,78,99,84,94
2023-W33,2023-08-14,Bugesera,Eastern,460000,2185,2115,398,6,0,0.188,35.4,21.7,92,78,99,84,93
2023-W34,2023-08-21,Bugesera,Eastern,460000,2485,2230,368,6,0,0.165,33.3,21.1,92,78,99,84,94
2023-W35,2023-08-28,Bugesera,Eastern,460000,2287,2034,376,5,0,0.185,34.1,22.0,92,78,99,84,94
2023-W36,2023-09-04,Bugesera,Eastern,460000,2595,2365,347,5,0,0.147,41.6,21.1,92,78,99,84,94
2023-W37,2023-09-11,Bugesera,Eastern,460000,2253,2091,360,4,0,0.172,52.4,21.5,92,78,99,84,90
2023-W38,2023-09-18,Bugesera,Eastern,460000,1889,1715,324,3,0,0.189,58.6,21.3,92,78,99,84,90
2023-W39,2023-09-25,Bugesera,Eastern,460000,2598,2299,365,3,0,0.159,72.3,20.5,92,78,99,84,94
2023-W40,2023-10-02,Bugesera,Eastern,460000,2504,2366,393,5,0,0.166,86.6,21.2,92,78,99,84,93
2023-W41,2023-10-09,Bugesera,Eastern,460000,2132,1952,402,4,0,0.206,66.7,20.6,92,81,99,84,91
2023-W42,2023-10-16,Bugesera,Eastern,460000,2296,2199,452,9,0,0.206,59.2,21.0,92,81,99,84,94
2023-W43,2023-10-23,Bugesera,Eastern,460000,2247,1995,486,9,0,0.244,61.2,20.2,92,81,99,84,91
2023-W44,2023-10-30,Bugesera,Eastern,460000,1824,1689,476,5,1,0.282,52.2,20.6,92,81,99,84,94
2023-W45,2023-11-06,Bugesera,Eastern,460000,1941,1851,632,8,0,0.341,85.2,20.1,92,81,99,84,93
2023-W46,2023-11-13,Bugesera,Eastern,460000,2141,1875,746,11,0,0.398,43.0,20.1,92,81,99,84,91
2023-W47,2023-11-20,Bugesera,Eastern,460000,1928,1741,809,10,0,0.465,41.9,20.9,92,81,99,84,91
2023-W48,2023-11-27,Bugesera,Eastern,460000,2163,2024,962,18,1,0.475,26.9,20.3,92,81,99,84,94
2023-W49,2023-12-04,Bugesera,Eastern,460000,2112,1962,1024,14,1,0.522,25.4,21.0,92,81,99,84,91
2023-W50,2023-12-11,Bugesera,Eastern,460000,2418,2172,1181,13,1,0.544,20.8,21.1,92,81,99,84,93
2023-W51,2023-12-18,Bugesera,Eastern,460000,2184,1991,1043,21,0,0.524,11.5,20.2,92,81,99,84,93
2023-W52,2023-12-25,Bugesera,Eastern,460000,1914,1838,920,11,1,0.501,16.0,20.7,92,81,99,84,93
2024-W01,2024-01-01,Bugesera,Eastern,460000,2387,2115,889,16,0,0.42,16.0,21.1,92,81,99,84,94
2024-W02,2024-01-08,Bugesera,Eastern,460000,1643,1580,652,12,0,0.413,16.4,21.7,92,81,99,84,92
2024-W03,2024-01-15,Bugesera,Eastern,460000,2174,1911,677,7,0,0.354,15.3,21.6,92,81,99,84,93
2024-W04,2024-01-22,Bugesera,Eastern,460000,2780,2550,656,11,0,0.257,16.3,21.6,92,81,99,84,91
2024-W05,2024-01-29,Bugesera,Eastern,460000,2235,2103,565,7,0,0.269,23.6,21.8,92,81,99,84,90
2024-W06,2024-02-05,Bugesera,Eastern,460000,2866,2603,486,10,0,0.187,21.1,21.5,92,81,99,84,91
2024-W07,2024-02-12,Bugesera,Eastern,460000,2022,1806,392,7,0,0.217,26.7,22.3,92,81,99,84,93
2024-W08,2024-02-19,Bugesera,Eastern,460000,2200,1917,384,4,0,0.2,32.9,22.7,92,81,99,84,94
2024-W09,2024-02-26,Bugesera,Eastern,460000,2306,2016,383,6,0,0.19,55.2,22.7,92,81,99,84,92
2024-W10,2024-03-04,Bugesera,Eastern,460000,2314,2056,344,3,0,0.167,49.1,22.3,92,81,99,84,91
2024-W11,2024-03-11,Bugesera,Eastern,460000,2660,2474,388,6,0,0.157,77.4,22.3,92,81,99,84,93
2024-W12,2024-03-18,Bugesera,Eastern,460000,2322,2038,398,5,0,0.195,61.8,23.0,92,81,99,84,93
2024-W13,2024-03-25,Bugesera,Eastern,460000,2316,2163,415,7,0,0.192,89.0,23.1,92,81,99,84,92
2024-W14,2024-04-01,Bugesera,Eastern,460000,3137,2988,485,6,0,0.162,84.8,23.4,92,81,99,84,91
2024-W15,2024-04-08,Bugesera,Eastern,460000,2036,1908,451,8,0,0.236,69.2,23.1,92,81,99,84,91
2024-W16,2024-04-15,Bugesera,Eastern,460000,2757,2437,520,6,0,0.213,70.7,23.7,92,81,99,84,93
2024-W17,2024-04-22,Bugesera,Eastern,460000,2775,2434,681,9,1,0.28,66.1,23.3,92,81,99,84,93
2024-W18,2024-04-29,Bugesera,Eastern,460000,2647,2366,707,11,1,0.299,72.7,23.4,92,81,99,84,90
2024-W19,2024-05-06,Bugesera,Eastern,460000,2318,2192,831,12,1,0.379,46.5,23.2,92,81,99,84,91
2024-W20,2024-05-13,Bugesera,Eastern,460000,2149,2025,854,17,1,0.422,49.9,24.0,92,81,99,84,92
2024-W21,2024-05-20,Bugesera,Eastern,460000,2269,2162,1016,10,0,0.47,46.2,23.0,92,81,99,84,93
2024-W22,2024-05-27,Bugesera,Eastern,460000,2203,2021,995,17,0,0.492,29.7,23.8,92,81,99,84,90
2024-W23,2024-06-03,Bugesera,Eastern,460000,2109,1988,1068,15,0,0.537,28.2,22.9,92,81,99,84,93
2024-W24,2024-06-10,Bugesera,Eastern,460000,2337,2204,1159,14,1,0.526,24.7,23.1,92,81,99,84,90
2024-W25,2024-06-17,Bugesera,Eastern,460000,2542,2369,1145,10,0,0.483,24.8,23.1,92,81,99,84,92
2024-W26,2024-06-24,Bugesera,Eastern,460000,2460,2180,1075,16,1,0.493,25.6,22.6,92,78,99,84,94
2024-W27,2024-07-01,Bugesera,Eastern,460000,2422,2169,1031,17,1,0.475,17.2,23.3,92,78,99,84,90
2024-W28,2024-07-08,Bugesera,Eastern,460000,2349,2210,924,15,1,0.418,11.8,22.4,92,78,99,84,92
2024-W29,2024-07-15,Bugesera,Eastern,460000,2778,2505,815,9,0,0.325,15.5,22.2,92,78,99,84,92
2024-W30,2024-07-22,Bugesera,Eastern,460000,2447,2167,697,10,0,0.322,9.5,21.8,92,78,99,84,92
2024-W31,2024-07-29,Bugesera,Eastern,460000,2644,2426,598,9,0,0.246,15.6,22.3,92,78,99,84,90
2024-W32,2024-08-05,Bugesera,Eastern,460000,3132,2797,629,9,1,0.225,19.1,21.6,92,78,99,84,94
2024-W33,2024-08-12,Bugesera,Eastern,460000,2635,2551,522,10,0,0.205,17.5,22.2,92,78,99,84,90
2024-W34,2024-08-19,Bugesera,Eastern,460000,3206,3049,510,5,0,0.167,27.0,21.9,92,78,99,84,93
2024-W35,2024-08-26,Bugesera,Eastern,460000,2833,2717,529,10,0,0.195,30.7,21.3,92,78,99,84,93
2024-W36,2024-09-02,Bugesera,Eastern,460000,2646,2523,481,9,0,0.191,64.0,21.4,92,78,99,84,90
2024-W37,2024-09-09,Bugesera,Eastern,460000,2455,2332,457,4,0,0.196,49.1,21.2,92,78,99,84,93
2024-W38,2024-09-16,Bugesera,Eastern,460000,3764,3406,518,8,0,0.152,65.0,20.8,92,78,99,84,94
2024-W39,2024-09-23,Bugesera,Eastern,460000,2585,2379,458,8,0,0.193,64.6,21.0,92,78,99,84,93
2024-W40,2024-09-30,Bugesera,Eastern,460000,4184,3701,570,11,0,0.154,70.7,21.0,92,78,99,84,93
2024-W41,2024-10-07,Bugesera,Eastern,460000,2939,2634,536,8,0,0.203,60.0,20.1,92,81,99,84,93
2024-W42,2024-10-14,Bugesera,Eastern,460000,4174,3740,688,10,0,0.184,57.3,20.2,92,81,99,84,94
2024-W43,2024-10-21,Bugesera,Eastern,460000,3470,3130,696,7,1,0.222,55.5,20.7,92,81,99,84,93
2024-W44,2024-10-28,Bugesera,Eastern,460000,3401,3175,851,14,1,0.268,50.5,19.9,92,81,99,84,91
2024-W45,2024-11-04,Bugesera,Eastern,460000,2937,2676,849,14,1,0.317,50.6,20.7,92,81,99,84,92
2024-W46,2024-11-11,Bugesera,Eastern,460000,2497,2257,930,8,1,0.412,43.2,20.7,92,81,99,84,94
2024-W47,2024-11-18,Bugesera,Eastern,460000,2982,2693,1150,17,0,0.427,20.8,20.6,92,81,99,84,94
2024-W48,2024-11-25,Bugesera,Eastern,460000,3052,2669,1303,16,1,0.488,20.9,20.9,92,81,99,84,91
2024-W49,2024-12-02,Bugesera,Eastern,460000,2765,2445,1352,25,0,0.553,21.1,20.8,92,81,99,84,93
2024-W50,2024-12-09,Bugesera,Eastern,460000,2760,2522,1432,13,0,0.568,19.8,21.0,92,81,99,84,91
2024-W51,2024-12-16,Bugesera,Eastern,460000,3270,2930,1503,15,0,0.513,13.0,21.1,92,81,99,84,90
2024-W52,2024-12-23,Bugesera,Eastern,460000,2961,2692,1292,18,0,0.48,13.3,20.6,92,81,99,84,90
2025-W01,2024-12-30,Bugesera,Eastern,460000,2996,2838,1200,17,0,0.423,15.8,20.5,92,81,99,84,93
2025-W02,2025-01-06,Bugesera,Eastern,460000,3240,2978,1105,13,0,0.371,15.2,21.5,92,81,99,84,94
2025-W03,2025-01-13,Bugesera,Eastern,460000,2710,2490,903,11,0,0.363,15.4,21.9,92,81,99,84,93
2025-W04,2025-01-20,Bugesera,Eastern,460000,2850,2537,768,13,1,0.303,15.7,21.1,92,81,99,84,92
2025-W05,2025-01-27,Bugesera,Eastern,460000,3168,3021,763,13,0,0.253,21.3,22.4,92,81,99,84,93
2025-W06,2025-02-03,Bugesera,Eastern,460000,3228,3053,697,8,0,0.228,23.0,22.3,92,81,99,84,92
2025-W07,2025-02-10,Bugesera,Eastern,460000,3252,3155,581,11,0,0.184,30.8,22.1,92,81,99,84,92
2025-W08,2025-02-17,Bugesera,Eastern,460000,3073,2975,491,6,0,0.165,50.8,22.5,92,81,99,84,93
2025-W09,2025-02-24,Bugesera,Eastern,460000,3352,3044,514,10,0,0.169,45.9,23.2,92,81,99,84,94
2025-W10,2025-03-03,Bugesera,Eastern,460000,3263,2981,523,7,0,0.175,52.9,22.8,92,81,99,84,93
2025-W11,2025-03-10,Bugesera,Eastern,460000,2975,2712,497,9,0,0.183,72.2,23.5,92,81,99,84,92
2025-W12,2025-03-17,Bugesera,Eastern,460000,3274,3064,595,6,0,0.194,77.6,23.2,92,81,99,84,90
2025-W13,2025-03-24,Bugesera,Eastern,460000,3239,2877,501,9,1,0.174,63.3,23.8,92,81,99,84,94
2025-W14,2025-03-31,Bugesera,Eastern,460000,3640,3312,639,10,0,0.193,76.4,23.7,92,81,99,84,90
2025-W15,2025-04-07,Bugesera,Eastern,460000,3380,3017,657,11,0,0.218,65.2,23.7,92,81,99,84,92
2025-W16,2025-04-14,Bugesera,Eastern,460000,3169,2788,685,9,1,0.246,68.2,23.9,92,81,99,84,94
2025-W17,2025-04-21,Bugesera,Eastern,460000,3288,3119,826,15,0,0.265,81.0,23.2,92,81,99,84,91
2025-W18,2025-04-28,Bugesera,Eastern,460000,3558,3112,870,7,1,0.28,57.1,24.2,92,81,99,84,91
2025-W19,2025-05-05,Bugesera,Eastern,460000,3622,3190,1102,21,1,0.345,65.5,23.1,92,81,99,84,93
2025-W20,2025-05-12,Bugesera,Eastern,460000,3005,2886,1141,12,0,0.395,39.4,23.7,92,81,99,84,92
2025-W21,2025-05-19,Bugesera,Eastern,460000,3201,2983,1264,14,1,0.424,34.0,23.4,92,81,99,84,92
2025-W22,2025-05-26,Bugesera,Eastern,460000,3093,2925,1483,24,0,0.507,40.2,22.9,92,81,99,84,94
2025-W23,2025-06-02,Bugesera,Eastern,460000,2645,2401,1265,13,0,0.527,35.9,23.3,92,81,99,84,91
2025-W24,2025-06-09,Bugesera,Eastern,460000,3854,3428,1717,14,1,0.501,19.0,23.5,92,81,99,84,90
2025-W25,2025-06-16,Bugesera,Eastern,460000,3196,2858,1528,15,0,0.535,27.4,22.8,92,81,99,84,90
2025-W26,2025-06-23,Bugesera,Eastern,460000,2669,2465,1270,23,0,0.515,16.5,22.8,92,78,99,84,92
2025-W27,2025-06-30,Bugesera,Eastern,460000,3039,2918,1328,18,0,0.455,12.5,23.3,92,78,99,84,91
2025-W28,2025-07-07,Bugesera,Eastern,460000,3174,2983,1128,17,1,0.378,16.6,23.0,92,78,99,84,93
2025-W29,2025-07-14,Bugesera,Eastern,460000,3396,3029,1087,10,0,0.359,21.5,22.0,92,78,99,84,93
2025-W30,2025-07-21,Bugesera,Eastern,460000,3094,2955,995,8,0,0.337,13.6,22.4,92,78,99,84,92
2025-W31,2025-07-28,Bugesera,Eastern,460000,3329,3014,895,13,1,0.297,10.7,21.9,92,78,99,84,93
2025-W32,2025-08-04,Bugesera,Eastern,460000,4124,3677,772,9,0,0.21,22.0,22.3,92,78,99,84,91
2025-W33,2025-08-11,Bugesera,Eastern,460000,3936,3435,704,14,1,0.205,29.9,21.4,92,78,99,84,91
2025-W34,2025-08-18,Bugesera,Eastern,460000,3425,3108,638,6,0,0.205,32.9,21.3,92,78,99,84,94
2025-W35,2025-08-25,Bugesera,Eastern,460000,3231,2921,553,9,0,0.189,44.0,21.2,92,78,99,84,93
2025-W36,2025-09-01,Bugesera,Eastern,460000,2942,2832,559,9,0,0.197,49.8,20.7,92,78,99,84,93
2025-W37,2025-09-08,Bugesera,Eastern,460000,3720,3454,508,5,0,0.147,43.5,20.8,92,78,99,84,92
2025-W38,2025-09-15,Bugesera,Eastern,460000,3247,2840,513,5,0,0.181,47.2,20.5,92,78,99,84,94
2025-W39,2025-09-22,Bugesera,Eastern,460000,3832,3500,553,8,1,0.158,81.8,21.3,92,78,99,84,90
2025-W40,2025-09-29,Bugesera,Eastern,460000,3563,3296,508,5,0,0.154,65.3,20.7,92,78,99,84,90
2025-W41,2025-10-06,Bugesera,Eastern,460000,3206,2943,626,10,0,0.213,99.5,21.1,92,81,99,84,94
2025-W42,2025-10-13,Bugesera,Eastern,460000,3332,3204,630,6,0,0.197,65.4,20.7,92,81,99,84,90
2025-W43,2025-10-20,Bugesera,Eastern,460000,3328,3047,750,14,0,0.246,70.8,21.0,92,81,99,84,94
2025-W44,2025-10-27,Bugesera,Eastern,460000,2925,2707,801,10,0,0.296,58.8,20.9,92,81,99,84,93
2025-W45,2025-11-03,Bugesera,Eastern,460000,3334,3015,1019,12,1,0.338,37.5,20.9,92,81,99,84,92
2025-W46,2025-11-10,Bugesera,Eastern,460000,3092,2908,1218,21,1,0.419,49.9,20.0,92,81,99,84,94
2025-W47,2025-11-17,Bugesera,Eastern,460000,3589,3203,1397,24,1,0.436,28.5,20.5,92,81,99,84,91
2025-W48,2025-11-24,Bugesera,Eastern,460000,2946,2662,1385,16,0,0.52,27.1,20.8,92,81,99,84,92
2025-W49,2025-12-01,Bugesera,Eastern,460000,3228,2819,1466,17,1,0.52,25.3,20.6,92,81,99,84,93
2025-W50,2025-12-08,Bugesera,Eastern,460000,3364,3053,1574,29,0,0.516,22.6,20.6,92,81,99,84,93
2025-W51,2025-12-15,Bugesera,Eastern,460000,3087,2850,1434,12,0,0.503,14.8,21.2,92,81,99,84,91
2025-W52,2025-12-22,Bugesera,Eastern,460000,2858,2729,1376,16,0,0.504,15.3,21.0,92,81,99,84,94
2026-W01,2025-12-29,Bugesera,Eastern,460000,3069,2777,1244,23,0,0.448,16.8,20.9,92,81,99,84,91
2026-W02,2026-01-05,Bugesera,Eastern,460000,2677,2505,1047,19,0,0.418,15.4,21.8,92,81,99,84,94
2026-W03,2026-01-12,Bugesera,Eastern,460000,3383,3200,993,12,0,0.31,18.1,21.2,92,81,99,84,90
2026-W04,2026-01-19,Bugesera,Eastern,460000,3197,2794,807,8,0,0.289,14.4,22.1,92,81,99,84,91
2026-W05,2026-01-26,Bugesera,Eastern,460000,2669,2430,655,13,0,0.27,20.3,22.3,92,81,99,84,93
2026-W06,2026-02-02,Bugesera,Eastern,460000,2967,2782,595,6,0,0.214,21.5,22.6,92,81,99,84,94
2026-W07,2026-02-09,Bugesera,Eastern,460000,3745,3335,607,5,0,0.182,25.7,22.8,92,81,99,84,91
2026-W08,2026-02-16,Bugesera,Eastern,460000,3568,3119,535,7,0,0.172,29.8,21.9,92,81,99,84,92
2026-W09,2026-02-23,Bugesera,Eastern,460000,3350,3184,494,6,1,0.155,44.9,22.9,92,81,99,84,94
2026-W10,2026-03-02,Bugesera,Eastern,460000,2732,2601,463,9,0,0.178,47.8,23.2,92,81,99,84,94
2026-W11,2026-03-09,Bugesera,Eastern,460000,3840,3477,514,5,0,0.148,61.3,23.4,92,81,99,84,91
2026-W12,2026-03-16,Bugesera,Eastern,460000,3292,3182,534,8,0,0.168,73.2,22.8,92,81,99,84,92
2026-W13,2026-03-23,Bugesera,Eastern,460000,3987,3659,580,9,0,0.159,70.9,23.1,92,81,99,84,90
2026-W14,2026-03-30,Bugesera,Eastern,460000,3580,3381,593,11,0,0.175,43.1,23.8,92,81,99,84,94
2026-W15,2026-04-06,Bugesera,Eastern,460000,2956,2594,567,8,0,0.219,92.4,23.2,92,81,99,84,91
2026-W16,2026-04-13,Bugesera,Eastern,460000,2833,2627,685,9,0,0.261,65.4,23.4,92,81,99,84,93
2026-W17,2026-04-20,Bugesera,Eastern,460000,3377,3208,863,8,0,0.269,71.1,23.3,92,81,99,84,90
2026-W18,2026-04-27,Bugesera,Eastern,460000,3190,2975,881,13,0,0.296,61.2,24.0,92,81,99,84,94
2026-W19,2026-05-04,Bugesera,Eastern,460000,2700,2489,943,10,1,0.379,65.0,23.7,92,81,99,84,94
2026-W20,2026-05-11,Bugesera,Eastern,460000,2647,2325,995,16,0,0.428,42.1,23.3,92,81,99,84,93
2026-W21,2026-05-18,Bugesera,Eastern,460000,2647,2381,1122,19,0,0.471,52.4,23.0,92,81,99,84,93
2026-W22,2026-05-25,Bugesera,Eastern,460000,2811,2582,1207,18,0,0.467,39.4,23.7,92,81,99,84,91
2026-W23,2026-06-01,Bugesera,Eastern,460000,2680,2526,1241,20,0,0.491,29.7,23.5,92,81,99,84,90
2026-W24,2026-06-08,Bugesera,Eastern,460000,3130,2736,1486,22,0,0.543,20.8,23.7,92,81,99,84,91
2026-W25,2026-06-15,Bugesera,Eastern,460000,2636,2517,1267,19,1,0.503,22.7,22.9,92,81,99,84,92
2026-W26,2026-06-22,Bugesera,Eastern,460000,2740,2643,1279,16,0,0.484,14.1,22.9,92,78,99,84,93
2026-W27,2026-06-29,Bugesera,Eastern,460000,2594,2372,1112,16,1,0.469,15.0,23.1,92,78,99,84,91
2026-W28,2026-07-06,Bugesera,Eastern,460000,3445,3098,1161,9,1,0.375,13.8,23.2,92,78,99,84,90
2026-W29,2026-07-13,Bugesera,Eastern,460000,3152,2759,1002,16,1,0.363,13.9,22.8,92,78,99,84,94
2026-W30,2026-07-20,Bugesera,Eastern,460000,2984,2727,905,11,1,0.332,14.8,22.7,92,78,99,84,91
2026-W31,2026-07-27,Bugesera,Eastern,460000,2794,2433,706,7,0,0.29,13.3,22.1,92,78,99,84,93
2026-W32,2026-08-03,Bugesera,Eastern,460000,3360,3027,684,7,0,0.226,22.9,22.5,92,78,99,84,94
2026-W33,2026-08-10,Bugesera,Eastern,460000,2836,2638,608,7,0,0.23,24.0,22.3,92,78,99,84,94
2026-W34,2026-08-17,Bugesera,Eastern,460000,3520,3174,574,11,0,0.181,29.2,22.2,92,78,99,84,94
2026-W35,2026-08-24,Bugesera,Eastern,460000,3453,3295,603,7,1,0.183,40.6,21.6,92,78,99,84,94
2026-W36,2026-08-31,Bugesera,Eastern,460000,4223,3756,538,5,1,0.143,37.4,20.9,92,78,99,84,90
2026-W37,2026-09-07,Bugesera,Eastern,460000,2748,2528,436,7,0,0.172,59.5,20.7,92,78,99,84,93
2026-W38,2026-09-14,Bugesera,Eastern,460000,3343,2912,509,8,0,0.175,59.5,20.9,92,78,99,84,90
2026-W39,2026-09-21,Bugesera,Eastern,460000,3404,3034,494,7,0,0.163,59.2,20.7,92,78,99,84,90
2026-W40,2026-09-28,Bugesera,Eastern,460000,2955,2846,588,6,0,0.207,86.1,21.2,92,78,99,84,92
2023-W01,2023-01-02,Nyagatare,Eastern,560000,1927,1748,811,14,1,0.464,14.4,21.5,79,68,99,78,87
2023-W02,2023-01-09,Nyagatare,Eastern,560000,2326,2136,886,17,1,0.415,13.4,21.2,79,68,99,78,86
2023-W03,2023-01-16,Nyagatare,Eastern,560000,2402,2297,744,15,0,0.324,12.5,21.9,79,68,99,78,89
2023-W04,2023-01-23,Nyagatare,Eastern,560000,2311,2159,582,10,0,0.27,17.0,22.1,79,68,99,78,88
2023-W05,2023-01-30,Nyagatare,Eastern,560000,2688,2357,538,5,0,0.228,20.6,22.2,79,68,99,78,86
2023-W06,2023-02-06,Nyagatare,Eastern,560000,2769,2459,456,8,0,0.185,32.8,21.6,79,68,99,78,89
2023-W07,2023-02-13,Nyagatare,Eastern,560000,2319,2220,445,7,0,0.2,32.9,21.7,79,68,99,78,86
2023-W08,2023-02-20,Nyagatare,Eastern,560000,2772,2486,395,6,0,0.159,42.0,22.8,79,68,99,78,89
2023-W09,2023-02-27,Nyagatare,Eastern,560000,2794,2542,378,4,0,0.149,46.7,22.4,79,68,99,78,90
2023-W10,2023-03-06,Nyagatare,Eastern,560000,2310,2137,375,7,0,0.175,36.3,22.2,79,68,99,78,86
2023-W11,2023-03-13,Nyagatare,Eastern,560000,3110,2757,389,3,0,0.141,41.9,23.4,79,68,99,78,88
2023-W12,2023-03-20,Nyagatare,Eastern,560000,2265,2134,424,8,0,0.199,63.0,23.4,79,68,99,78,88
2023-W13,2023-03-27,Nyagatare,Eastern,560000,2693,2602,422,5,0,0.162,90.9,23.7,79,68,99,78,89
2023-W14,2023-04-03,Nyagatare,Eastern,560000,2298,2025,372,6,0,0.184,61.4,23.2,79,68,99,78,87
2023-W15,2023-04-10,Nyagatare,Eastern,560000,2650,2460,469,5,0,0.191,62.8,23.7,79,68,99,78,89
2023-W16,2023-04-17,Nyagatare,Eastern,560000,2191,2112,493,10,0,0.233,72.0,23.2,79,68,99,78,89
2023-W17,2023-04-24,Nyagatare,Eastern,560000,2884,2608,621,7,1,0.238,75.4,23.6,79,68,99,78,88
2023-W18,2023-05-01,Nyagatare,Eastern,560000,2529,2304,760,10,1,0.33,89.6,24.1,79,68,99,78,89
2023-W19,2023-05-08,Nyagatare,Eastern,560000,2514,2257,810,15,0,0.359,73.4,23.8,79,68,99,78,90
2023-W20,2023-05-15,Nyagatare,Eastern,560000,2000,1759,707,8,0,0.402,42.3,23.6,79,68,99,78,89
2023-W21,2023-05-22,Nyagatare,Eastern,560000,2273,2190,1042,13,1,0.476,46.8,23.9,79,68,99,78,89
2023-W22,2023-05-29,Nyagatare,Eastern,560000,2113,1942,924,9,1,0.476,37.6,23.7,79,68,99,78,90
2023-W23,2023-06-05,Nyagatare,Eastern,560000,2416,2211,1072,15,1,0.485,44.6,23.2,79,68,99,78,87
2023-W24,2023-06-12,Nyagatare,Eastern,560000,2625,2337,1156,23,0,0.495,20.1,23.1,79,68,99,78,88
2023-W25,2023-06-19,Nyagatare,Eastern,560000,2127,2027,1049,10,0,0.518,26.4,23.0,79,68,99,78,88
2023-W26,2023-06-26,Nyagatare,Eastern,560000,2604,2351,1076,14,1,0.458,14.5,23.1,79,65,99,78,90
2023-W27,2023-07-03,Nyagatare,Eastern,560000,1896,1813,837,7,0,0.462,17.9,22.6,79,65,99,78,88
2023-W28,2023-07-10,Nyagatare,Eastern,560000,2426,2336,928,12,1,0.397,20.0,22.8,79,65,99,78,86
2023-W29,2023-07-17,Nyagatare,Eastern,560000,2599,2458,814,7,0,0.331,17.1,22.5,79,65,99,78,86
2023-W30,2023-07-24,Nyagatare,Eastern,560000,2441,2239,643,8,0,0.287,15.3,22.6,79,65,99,78,90
2023-W31,2023-07-31,Nyagatare,Eastern,560000,2557,2325,557,5,0,0.24,11.4,21.8,79,65,99,78,87
2023-W32,2023-08-07,Nyagatare,Eastern,560000,2742,2513,553,5,0,0.22,18.2,21.7,79,65,99,78,86
2023-W33,2023-08-14,Nyagatare,Eastern,560000,2697,2428,499,9,0,0.206,22.5,22.3,79,65,99,78,87
2023-W34,2023-08-21,Nyagatare,Eastern,560000,2233,2010,413,8,0,0.205,34.0,21.3,79,65,99,78,90
2023-W35,2023-08-28,Nyagatare,Eastern,560000,2257,2014,418,8,0,0.208,45.5,22.0,79,65,99,78,86
2023-W36,2023-09-04,Nyagatare,Eastern,560000,2511,2424,466,4,0,0.192,39.1,21.8,79,65,99,78,86
2023-W37,2023-09-11,Nyagatare,Eastern,560000,2856,2552,380,5,0,0.149,46.0,20.6,79,65,99,78,87
2023-W38,2023-09-18,Nyagatare,Eastern,560000,3382,3218,447,4,0,0.139,82.9,20.7,79,65,99,78,86
2023-W39,2023-09-25,Nyagatare,Eastern,560000,2491,2359,434,6,0,0.184,59.5,20.4,79,65,99,78,86
2023-W40,2023-10-02,Nyagatare,Eastern,560000,3260,2872,434,7,0,0.151,52.8,21.2,79,65,99,78,87
2023-W41,2023-10-09,Nyagatare,Eastern,560000,2784,2689,432,6,0,0.161,90.6,20.8,79,68,99,78,86
2023-W42,2023-10-16,Nyagatare,Eastern,560000,2620,2392,487,6,0,0.204,66.9,20.7,79,68,99,78,89
2023-W43,2023-10-23,Nyagatare,Eastern,560000,2465,2197,528,5,0,0.24,67.8,21.0,79,68,99,78,86
2023-W44,2023-10-30,Nyagatare,Eastern,560000,2925,2641,722,10,0,0.273,67.3,20.9,79,68,99,78,87
2023-W45,2023-11-06,Nyagatare,Eastern,560000,2473,2184,773,12,0,0.354,57.9,20.8,79,68,99,78,86
2023-W46,2023-11-13,Nyagatare,Eastern,560000,2585,2329,875,9,1,0.376,39.3,20.7,79,68,99,78,88
2023-W47,2023-11-20,Nyagatare,Eastern,560000,2310,2187,998,12,0,0.456,24.7,20.4,79,68,99,78,87
2023-W48,2023-11-27,Nyagatare,Eastern,560000,2264,2138,1084,14,0,0.507,24.6,20.8,79,68,99,78,86
2023-W49,2023-12-04,Nyagatare,Eastern,560000,2324,2095,1059,9,0,0.505,22.2,20.7,79,68,99,78,89
2023-W50,2023-12-11,Nyagatare,Eastern,560000,2458,2255,1242,15,1,0.551,28.5,21.0,79,68,99,78,89
2023-W51,2023-12-18,Nyagatare,Eastern,560000,2616,2403,1248,10,1,0.519,21.6,20.9,79,68,99,78,86
2023-W52,2023-12-25,Nyagatare,Eastern,560000,2002,1846,929,16,1,0.503,12.6,21.3,79,68,99,78,89
2024-W01,2024-01-01,Nyagatare,Eastern,560000,2533,2300,960,15,1,0.417,12.6,21.5,79,68,99,78,90
2024-W02,2024-01-08,Nyagatare,Eastern,560000,2544,2330,922,9,0,0.396,13.9,21.8,79,68,99,78,86
2024-W03,2024-01-15,Nyagatare,Eastern,560000,2711,2422,737,12,0,0.304,14.7,21.9,79,68,99,78,90
2024-W04,2024-01-22,Nyagatare,Eastern,560000,2961,2589,725,7,0,0.28,13.2,22.0,79,68,99,78,89
2024-W05,2024-01-29,Nyagatare,Eastern,560000,3041,2941,643,9,0,0.219,22.6,21.8,79,68,99,78,87
2024-W06,2024-02-05,Nyagatare,Eastern,560000,2504,2377,513,8,0,0.216,19.2,22.2,79,68,99,78,90
2024-W07,2024-02-12,Nyagatare,Eastern,560000,2982,2797,488,8,0,0.174,29.4,22.2,79,68,99,78,88
2024-W08,2024-02-19,Nyagatare,Eastern,560000,2557,2393,479,5,0,0.2,38.9,22.0,79,68,99,78,87
2024-W09,2024-02-26,Nyagatare,Eastern,560000,2695,2573,444,4,0,0.173,32.1,23.2,79,68,99,78,90
2024-W10,2024-03-04,Nyagatare,Eastern,560000,2725,2539,411,4,0,0.162,42.2,23.1,79,68,99,78,86
2024-W11,2024-03-11,Nyagatare,Eastern,560000,2779,2520,403,7,0,0.16,67.5,23.4,79,68,99,78,87
2024-W12,2024-03-18,Nyagatare,Eastern,560000,2810,2597,444,4,0,0.171,73.5,23.2,79,68,99,78,88
2024-W13,2024-03-25,Nyagatare,Eastern,560000,2701,2533,475,7,0,0.188,91.9,23.1,79,68,99,78,90
2024-W14,2024-04-01,Nyagatare,Eastern,560000,2991,2794,545,9,0,0.195,75.6,23.5,79,68,99,78,88
2024-W15,2024-04-08,Nyagatare,Eastern,560000,3770,3310,637,9,0,0.192,91.2,23.3,79,68,99,78,88
2024-W16,2024-04-15,Nyagatare,Eastern,560000,3462,3045,656,6,0,0.215,79.7,23.5,79,68,99,78,88
2024-W17,2024-04-22,Nyagatare,Eastern,560000,2787,2495,670,12,0,0.269,52.5,23.5,79,68,99,78,87
2024-W18,2024-04-29,Nyagatare,Eastern,560000,2557,2336,780,8,0,0.334,81.3,24.2,79,68,99,78,90
2024-W19,2024-05-06,Nyagatare,Eastern,560000,2992,2888,1009,13,0,0.349,56.3,23.1,79,68,99,78,87
2024-W20,2024-05-13,Nyagatare,Eastern,560000,3117,2802,1060,11,0,0.378,39.5,23.7,79,68,99,78,88
2024-W21,2024-05-20,Nyagatare,Eastern,560000,2889,2630,1135,13,0,0.432,33.1,23.3,79,68,99,78,87
2024-W22,2024-05-27,Nyagatare,Eastern,560000,2817,2706,1237,21,0,0.457,35.1,23.9,79,68,99,78,87
2024-W23,2024-06-03,Nyagatare,Eastern,560000,2474,2326,1244,10,0,0.535,28.6,23.8,79,68,99,78,89
2024-W24,2024-06-10,Nyagatare,Eastern,560000,3059,2702,1444,25,1,0.534,18.4,23.2,79,68,99,78,90
2024-W25,2024-06-17,Nyagatare,Eastern,560000,2968,2625,1343,21,0,0.512,22.7,23.1,79,68,99,78,89
2024-W26,2024-06-24,Nyagatare,Eastern,560000,2906,2604,1251,23,0,0.48,18.7,22.5,79,65,99,78,86
2024-W27,2024-07-01,Nyagatare,Eastern,560000,2961,2736,1207,16,0,0.441,14.9,23.4,79,65,99,78,88
2024-W28,2024-07-08,Nyagatare,Eastern,560000,2892,2648,1122,16,0,0.424,14.4,22.4,79,65,99,78,87
2024-W29,2024-07-15,Nyagatare,Eastern,560000,3457,3251,1111,21,1,0.342,14.9,22.1,79,65,99,78,86
2024-W30,2024-07-22,Nyagatare,Eastern,560000,2979,2834,936,14,0,0.33,10.1,22.0,79,65,99,78,86
2024-W31,2024-07-29,Nyagatare,Eastern,560000,3753,3423,838,10,1,0.245,16.0,21.9,79,65,99,78,86
2024-W32,2024-08-05,Nyagatare,Eastern,560000,3274,3161,720,7,1,0.228,25.0,21.7,79,65,99,78,87
2024-W33,2024-08-12,Nyagatare,Eastern,560000,3222,2911,645,11,0,0.222,31.2,21.7,79,65,99,78,90
2024-W34,2024-08-19,Nyagatare,Eastern,560000,3490,3165,607,10,0,0.192,28.8,21.6,79,65,99,78,89
2024-W35,2024-08-26,Nyagatare,Eastern,560000,3257,3029,614,8,0,0.203,26.6,21.6,79,65,99,78,87
2024-W36,2024-09-02,Nyagatare,Eastern,560000,3336,3011,562,7,0,0.187,35.9,21.2,79,65,99,78,89
2024-W37,2024-09-09,Nyagatare,Eastern,560000,4233,3920,587,5,0,0.15,59.0,20.6,79,65,99,78,89
2024-W38,2024-09-16,Nyagatare,Eastern,560000,3309,2897,493,9,0,0.17,38.4,20.7,79,65,99,78,86
2024-W39,2024-09-23,Nyagatare,Eastern,560000,3853,3573,580,10,0,0.162,57.6,20.8,79,65,99,78,86
2024-W40,2024-09-30,Nyagatare,Eastern,560000,3531,3160,592,9,1,0.187,81.4,20.9,79,65,99,78,89
2024-W41,2024-10-07,Nyagatare,Eastern,560000,4677,4103,694,6,0,0.169,54.7,21.1,79,68,99,78,87
2024-W42,2024-10-14,Nyagatare,Eastern,560000,3284,3037,697,10,0,0.23,73.6,21.0,79,68,99,78,87
2024-W43,2024-10-21,Nyagatare,Eastern,560000,4576,4059,881,11,0,0.217,49.6,20.5,79,68,99,78,90
2024-W44,2024-10-28,Nyagatare,Eastern,560000,3367,3028,863,14,0,0.285,74.2,20.1,79,68,99,78,86
2024-W45,2024-11-04,Nyagatare,Eastern,560000,3190,2927,1055,18,0,0.36,31.3,19.9,79,68,99,78,87
2024-W46,2024-11-11,Nyagatare,Eastern,560000,3742,3447,1288,13,1,0.374,35.4,20.3,79,68,99,78,88
2024-W47,2024-11-18,Nyagatare,Eastern,560000,3106,2992,1359,16,0,0.454,38.9,20.4,79,68,99,78,86
2024-W48,2024-11-25,Nyagatare,Eastern,560000,3522,3102,1501,21,0,0.484,23.4,20.2,79,68,99,78,90
2024-W49,2024-12-02,Nyagatare,Eastern,560000,3515,3269,1746,16,2,0.534,23.4,21.1,79,68,99,78,87
2024-W50,2024-12-09,Nyagatare,Eastern,560000,3164,2847,1620,31,0,0.569,16.9,20.5,79,68,99,78,86
2024-W51,2024-12-16,Nyagatare,Eastern,560000,3882,3439,1749,24,1,0.509,17.7,20.8,79,68,99,78,88
2024-W52,2024-12-23,Nyagatare,Eastern,560000,3416,3304,1582,29,0,0.479,18.0,20.9,79,68,99,78,88
2025-W01,2024-12-30,Nyagatare,Eastern,560000,4049,3598,1590,29,0,0.442,14.2,20.5,79,68,99,78,86
2025-W02,2025-01-06,Nyagatare,Eastern,560000,3683,3524,1293,22,1,0.367,13.9,21.2,79,68,99,78,89
2025-W03,2025-01-13,Nyagatare,Eastern,560000,3041,2721,981,11,0,0.361,17.2,21.3,79,68,99,78,88
2025-W04,2025-01-20,Nyagatare,Eastern,560000,4198,3867,1023,20,0,0.265,16.3,21.9,79,68,99,78,89
2025-W05,2025-01-27,Nyagatare,Eastern,560000,3858,3682,802,15,1,0.218,23.0,22.1,79,68,99,78,88
2025-W06,2025-02-03,Nyagatare,Eastern,560000,4391,4212,859,15,0,0.204,17.3,22.4,79,68,99,78,90
2025-W07,2025-02-10,Nyagatare,Eastern,560000,3817,3459,665,10,0,0.192,34.7,22.5,79,68,99,78,90
2025-W08,2025-02-17,Nyagatare,Eastern,560000,4863,4400,653,11,0,0.148,36.9,22.2,79,68,99,78,90
2025-W09,2025-02-24,Nyagatare,Eastern,560000,3550,3147,609,10,0,0.194,51.6,23.0,79,68,99,78,89
2025-W10,2025-03-03,Nyagatare,Eastern,560000,4244,3851,710,6,0,0.184,53.2,22.3,79,68,99,78,87
2025-W11,2025-03-10,Nyagatare,Eastern,560000,4164,3801,688,7,0,0.181,63.3,23.1,79,68,99,78,88
2025-W12,2025-03-17,Nyagatare,Eastern,560000,4052,3775,579,10,1,0.153,75.1,22.6,79,68,99,78,87
2025-W13,2025-03-24,Nyagatare,Eastern,560000,4003,3836,787,11,1,0.205,81.4,22.7,79,68,99,78,90
2025-W14,2025-03-31,Nyagatare,Eastern,560000,3473,3304,687,12,0,0.208,63.9,23.7,79,68,99,78,90
2025-W15,2025-04-07,Nyagatare,Eastern,560000,4531,4027,802,11,0,0.199,71.4,23.6,79,68,99,78,89
2025-W16,2025-04-14,Nyagatare,Eastern,560000,4885,4621,962,15,0,0.208,83.4,23.7,79,68,99,78,87
2025-W17,2025-04-21,Nyagatare,Eastern,560000,4163,3645,869,14,0,0.238,74.0,23.1,79,68,99,78,87
2025-W18,2025-04-28,Nyagatare,Eastern,560000,3676,3433,1068,17,1,0.311,58.8,24.0,79,68,99,78,88
2025-W19,2025-05-05,Nyagatare,Eastern,560000,2870,2673,1024,14,0,0.383,46.5,23.2,79,68,99,78,86
2025-W20,2025-05-12,Nyagatare,Eastern,560000,4338,3782,1491,26,1,0.394,52.5,23.1,79,68,99,78,86
2025-W21,2025-05-19,Nyagatare,Eastern,560000,3232,2836,1280,11,0,0.451,54.3,24.0,79,68,99,78,88
2025-W22,2025-05-26,Nyagatare,Eastern,560000,3360,2947,1509,20,0,0.512,49.4,23.0,79,68,99,78,89
2025-W23,2025-06-02,Nyagatare,Eastern,560000,3926,3452,1694,19,1,0.491,28.3,23.0,79,68,99,78,90
2025-W24,2025-06-09,Nyagatare,Eastern,560000,3426,3117,1655,28,0,0.531,21.1,23.5,79,68,99,78,89
2025-W25,2025-06-16,Nyagatare,Eastern,560000,3633,3168,1590,21,0,0.502,28.4,23.4,79,68,99,78,88
2025-W26,2025-06-23,Nyagatare,Eastern,560000,3640,3306,1702,29,0,0.515,22.3,23.6,79,65,99,78,87
2025-W27,2025-06-30,Nyagatare,Eastern,560000,4156,3909,1666,16,1,0.426,15.3,22.8,79,65,99,78,87
2025-W28,2025-07-07,Nyagatare,Eastern,560000,4241,3697,1570,20,0,0.425,21.3,22.3,79,65,99,78,89
2025-W29,2025-07-14,Nyagatare,Eastern,560000,3040,2870,1078,15,0,0.376,11.5,22.3,79,65,99,78,89
2025-W30,2025-07-21,Nyagatare,Eastern,560000,3742,3461,1021,8,0,0.295,16.1,22.6,79,65,99,78,89
2025-W31,2025-07-28,Nyagatare,Eastern,560000,3578,3467,914,10,0,0.264,22.6,22.7,79,65,99,78,86
2025-W32,2025-08-04,Nyagatare,Eastern,560000,3986,3751,823,13,0,0.219,23.0,21.7,79,65,99,78,87
2025-W33,2025-08-11,Nyagatare,Eastern,560000,4445,4045,858,16,0,0.212,28.9,22.0,79,65,99,78,90
2025-W34,2025-08-18,Nyagatare,Eastern,560000,3930,3768,714,8,0,0.189,35.7,21.8,79,65,99,78,90
2025-W35,2025-08-25,Nyagatare,Eastern,560000,4282,4064,696,8,0,0.171,34.2,21.2,79,65,99,78,87
2025-W36,2025-09-01,Nyagatare,Eastern,560000,3923,3573,652,6,0,0.182,40.8,21.5,79,65,99,78,86
2025-W37,2025-09-08,Nyagatare,Eastern,560000,3831,3565,648,5,1,0.182,41.7,21.2,79,65,99,78,89
2025-W38,2025-09-15,Nyagatare,Eastern,560000,5865,5214,744,11,0,0.143,58.2,21.2,79,65,99,78,86
2025-W39,2025-09-22,Nyagatare,Eastern,560000,4169,3668,732,7,0,0.2,73.7,20.4,79,65,99,78,86
2025-W40,2025-09-29,Nyagatare,Eastern,560000,3998,3574,703,12,0,0.197,53.2,20.9,79,65,99,78,87
2025-W41,2025-10-06,Nyagatare,Eastern,560000,3814,3617,738,11,0,0.204,71.7,20.1,79,68,99,78,87
2025-W42,2025-10-13,Nyagatare,Eastern,560000,4075,3877,791,14,0,0.204,62.7,20.7,79,68,99,78,87
2025-W43,2025-10-20,Nyagatare,Eastern,560000,3746,3425,841,16,0,0.246,64.3,20.4,79,68,99,78,90
2025-W44,2025-10-27,Nyagatare,Eastern,560000,3487,3319,1031,19,0,0.311,87.4,20.8,79,68,99,78,86
2025-W45,2025-11-03,Nyagatare,Eastern,560000,3655,3203,1122,21,1,0.35,57.6,20.6,79,68,99,78,86
2025-W46,2025-11-10,Nyagatare,Eastern,560000,3856,3447,1377,13,0,0.399,37.9,20.9,79,68,99,78,90
2025-W47,2025-11-17,Nyagatare,Eastern,560000,4403,4016,1692,20,0,0.421,32.6,20.1,79,68,99,78,89
2025-W48,2025-11-24,Nyagatare,Eastern,560000,3952,3548,1681,15,1,0.474,26.6,20.0,79,68,99,78,88
2025-W49,2025-12-01,Nyagatare,Eastern,560000,3283,3176,1772,30,0,0.558,36.0,20.9,79,68,99,78,86
2025-W50,2025-12-08,Nyagatare,Eastern,560000,3130,3010,1681,27,0,0.558,16.4,20.9,79,68,99,78,86
2025-W51,2025-12-15,Nyagatare,Eastern,560000,4046,3861,2064,25,0,0.535,24.4,21.1,79,68,99,78,88
2025-W52,2025-12-22,Nyagatare,Eastern,560000,3590,3266,1549,21,0,0.474,18.2,21.3,79,68,99,78,88
2026-W01,2025-12-29,Nyagatare,Eastern,560000,3551,3430,1519,13,0,0.443,13.3,20.6,79,68,99,78,90
2026-W02,2026-01-05,Nyagatare,Eastern,560000,3431,3242,1242,12,1,0.383,12.7,21.1,79,68,99,78,87
2026-W03,2026-01-12,Nyagatare,Eastern,560000,3970,3837,1176,16,0,0.306,17.3,21.4,79,68,99,78,88
2026-W04,2026-01-19,Nyagatare,Eastern,560000,3411,3242,1004,9,0,0.31,14.6,22.0,79,68,99,78,86
2026-W05,2026-01-26,Nyagatare,Eastern,560000,3586,3411,874,17,0,0.256,20.6,22.1,79,68,99,78,90
2026-W06,2026-02-02,Nyagatare,Eastern,560000,4086,3937,772,13,0,0.196,19.2,22.2,79,68,99,78,88
2026-W07,2026-02-09,Nyagatare,Eastern,560000,4340,3872,678,6,0,0.175,28.6,22.7,79,68,99,78,88
2026-W08,2026-02-16,Nyagatare,Eastern,560000,3478,3316,684,13,0,0.206,40.7,22.7,79,68,99,78,88
2026-W09,2026-02-23,Nyagatare,Eastern,560000,3857,3735,589,5,0,0.158,38.3,22.7,79,68,99,78,90
2026-W10,2026-03-02,Nyagatare,Eastern,560000,3538,3392,622,7,0,0.183,57.1,23.0,79,68,99,78,87
2026-W11,2026-03-09,Nyagatare,Eastern,560000,4581,4278,604,7,0,0.141,52.6,22.6,79,68,99,78,88
2026-W12,2026-03-16,Nyagatare,Eastern,560000,3454,3306,583,10,0,0.176,62.1,23.5,79,68,99,78,86
2026-W13,2026-03-23,Nyagatare,Eastern,560000,4284,4115,660,11,0,0.16,54.5,22.6,79,68,99,78,86
2026-W14,2026-03-30,Nyagatare,Eastern,560000,3941,3430,707,6,0,0.206,99.0,23.3,79,68,99,78,86
2026-W15,2026-04-06,Nyagatare,Eastern,560000,4514,4130,770,6,0,0.186,80.5,23.7,79,68,99,78,90
2026-W16,2026-04-13,Nyagatare,Eastern,560000,3852,3682,833,7,0,0.226,56.9,23.8,79,68,99,78,88
2026-W17,2026-04-20,Nyagatare,Eastern,560000,3713,3415,858,15,0,0.251,66.9,23.8,79,68,99,78,87
2026-W18,2026-04-27,Nyagatare,Eastern,560000,4009,3771,1065,13,1,0.282,69.2,23.6,79,68,99,78,86
2026-W19,2026-05-04,Nyagatare,Eastern,560000,3737,3530,1309,25,0,0.371,66.7,23.1,79,68,99,78,87
2026-W20,2026-05-11,Nyagatare,Eastern,560000,3301,2908,1247,11,0,0.429,45.8,24.0,79,68,99,78,86
2026-W21,2026-05-18,Nyagatare,Eastern,560000,3484,3301,1395,27,0,0.423,40.0,23.5,79,68,99,78,90
2026-W22,2026-05-25,Nyagatare,Eastern,560000,3201,2961,1437,21,0,0.485,29.7,23.6,79,68,99,78,90
2026-W23,2026-06-01,Nyagatare,Eastern,560000,3367,3011,1605,23,0,0.533,32.9,23.0,79,68,99,78,86
2026-W24,2026-06-08,Nyagatare,Eastern,560000,3682,3262,1734,24,0,0.532,20.1,23.4,79,68,99,78,86
2026-W25,2026-06-15,Nyagatare,Eastern,560000,3746,3474,1725,26,0,0.497,19.2,23.6,79,68,99,78,88
2026-W26,2026-06-22,Nyagatare,Eastern,560000,3907,3496,1754,28,0,0.502,21.0,23.1,79,65,99,78,88
2026-W27,2026-06-29,Nyagatare,Eastern,560000,3537,3307,1496,14,1,0.452,13.6,23.5,79,65,99,78,87
2026-W28,2026-07-06,Nyagatare,Eastern,560000,3786,3303,1385,18,0,0.419,13.6,23.3,79,65,99,78,89
2026-W29,2026-07-13,Nyagatare,Eastern,560000,3421,2983,1049,9,0,0.352,17.1,22.2,79,65,99,78,90
2026-W30,2026-07-20,Nyagatare,Eastern,560000,3768,3600,1195,22,0,0.332,10.8,22.5,79,65,99,78,88
2026-W31,2026-07-27,Nyagatare,Eastern,560000,3815,3433,972,13,1,0.283,16.1,22.1,79,65,99,78,86
2026-W32,2026-08-03,Nyagatare,Eastern,560000,3823,3670,873,16,0,0.238,22.5,21.8,79,65,99,78,86
2026-W33,2026-08-10,Nyagatare,Eastern,560000,3852,3676,716,11,0,0.195,15.4,21.2,79,65,99,78,90
2026-W34,2026-08-17,Nyagatare,Eastern,560000,3659,3182,680,6,0,0.214,25.7,21.2,79,65,99,78,90
2026-W35,2026-08-24,Nyagatare,Eastern,560000,3278,3153,584,9,1,0.185,27.5,21.0,79,65,99,78,90
2026-W36,2026-08-31,Nyagatare,Eastern,560000,3809,3446,578,5,0,0.168,39.8,21.1,79,65,99,78,86
2026-W37,2026-09-07,Nyagatare,Eastern,560000,4990,4449,649,8,0,0.146,57.0,21.2,79,65,99,78,89
2026-W38,2026-09-14,Nyagatare,Eastern,560000,4652,4065,579,7,0,0.142,43.0,20.4,79,65,99,78,86
2026-W39,2026-09-21,Nyagatare,Eastern,560000,4275,3725,616,7,0,0.165,78.3,20.4,79,65,99,78,89
2026-W40,2026-09-28,Nyagatare,Eastern,560000,4737,4178,628,7,0,0.15,73.9,20.2,79,65,99,78,88
2023-W01,2023-01-02,Gasabo,Kigali,530000,1984,1872,831,8,0,0.444,12.0,19.1,90,80,13,85,94
2023-W02,2023-01-09,Gasabo,Kigali,530000,2206,1993,720,13,0,0.361,16.7,18.6,90,80,13,85,94
2023-W03,2023-01-16,Gasabo,Kigali,530000,2373,2122,718,10,0,0.338,13.8,19.5,90,80,13,85,94
2023-W04,2023-01-23,Gasabo,Kigali,530000,2147,1931,549,6,0,0.284,19.5,19.2,90,80,13,85,90
2023-W05,2023-01-30,Gasabo,Kigali,530000,2180,2060,487,6,0,0.236,23.6,18.9,90,80,13,85,94
2023-W06,2023-02-06,Gasabo,Kigali,530000,2247,2033,390,5,0,0.192,28.6,19.1,90,80,13,85,92
2023-W07,2023-02-13,Gasabo,Kigali,530000,2645,2452,409,4,0,0.167,30.2,19.8,90,80,13,85,93
2023-W08,2023-02-20,Gasabo,Kigali,530000,2229,2061,388,6,0,0.188,33.4,20.2,90,80,13,85,91
2023-W09,2023-02-27,Gasabo,Kigali,530000,2170,1944,386,4,0,0.199,36.0,20.7,90,80,13,85,94
2023-W10,2023-03-06,Gasabo,Kigali,530000,2230,2081,366,6,0,0.176,52.3,21.0,90,80,13,85,91
2023-W11,2023-03-13,Gasabo,Kigali,530000,2694,2461,396,8,0,0.161,55.7,20.1,90,80,13,85,94
2023-W12,2023-03-20,Gasabo,Kigali,530000,2639,2410,417,8,0,0.173,63.4,21.2,90,80,13,85,91
2023-W13,2023-03-27,Gasabo,Kigali,530000,2126,2055,366,6,0,0.178,66.6,21.0,90,80,13,85,91
2023-W14,2023-04-03,Gasabo,Kigali,530000,2061,1812,387,5,0,0.214,81.8,21.1,90,80,13,85,90
2023-W15,2023-04-10,Gasabo,Kigali,530000,2177,1938,451,5,0,0.233,92.3,21.2,90,80,13,85,91
2023-W16,2023-04-17,Gasabo,Kigali,530000,2504,2252,493,8,0,0.219,83.0,21.7,90,80,13,85,94
2023-W17,2023-04-24,Gasabo,Kigali,530000,2649,2382,589,11,1,0.247,52.3,21.1,90,80,13,85,94
2023-W18,2023-05-01,Gasabo,Kigali,530000,2329,2234,651,11,0,0.291,70.0,21.8,90,80,13,85,94
2023-W19,2023-05-08,Gasabo,Kigali,530000,1994,1794,663,12,0,0.37,59.6,21.5,90,80,13,85,94
2023-W20,2023-05-15,Gasabo,Kigali,530000,2218,2073,797,9,0,0.384,46.3,20.8,90,80,13,85,92
2023-W21,2023-05-22,Gasabo,Kigali,530000,2076,1966,861,9,0,0.438,38.5,21.8,90,80,13,85,90
2023-W22,2023-05-29,Gasabo,Kigali,530000,1805,1749,887,14,0,0.507,26.4,20.7,90,80,13,85,92
2023-W23,2023-06-05,Gasabo,Kigali,530000,2003,1799,923,13,0,0.513,44.8,20.5,90,80,13,85,92
2023-W24,2023-06-12,Gasabo,Kigali,530000,2274,2000,1022,20,0,0.511,28.1,21.6,90,80,13,85,94
2023-W25,2023-06-19,Gasabo,Kigali,530000,2070,1946,989,18,1,0.508,24.7,21.4,90,80,13,85,92
2023-W26,2023-06-26,Gasabo,Kigali,530000,2174,1931,949,11,0,0.491,15.8,21.3,90,77,13,85,90
2023-W27,2023-07-03,Gasabo,Kigali,530000,2301,2026,864,7,0,0.426,12.6,20.3,90,77,13,85,91
2023-W28,2023-07-10,Gasabo,Kigali,530000,2189,2025,779,13,0,0.385,13.0,20.6,90,77,13,85,93
2023-W29,2023-07-17,Gasabo,Kigali,530000,2036,1884,707,13,0,0.375,13.3,20.6,90,77,13,85,91
2023-W30,2023-07-24,Gasabo,Kigali,530000,2147,1883,607,7,0,0.322,9.7,20.3,90,77,13,85,90
2023-W31,2023-07-31,Gasabo,Kigali,530000,2629,2384,575,11,0,0.241,17.7,20.2,90,77,13,85,90
2023-W32,2023-08-07,Gasabo,Kigali,530000,2381,2133,498,7,0,0.233,19.3,19.2,90,77,13,85,93
2023-W33,2023-08-14,Gasabo,Kigali,530000,2299,2152,430,7,0,0.2,23.2,19.9,90,77,13,85,90
2023-W34,2023-08-21,Gasabo,Kigali,530000,2351,2076,397,7,0,0.191,26.0,18.8,90,77,13,85,91
2023-W35,2023-08-28,Gasabo,Kigali,530000,2432,2308,406,7,0,0.176,32.5,19.2,90,77,13,85,94
2023-W36,2023-09-04,Gasabo,Kigali,530000,2830,2472,410,7,0,0.166,44.8,18.6,90,77,13,85,94
2023-W37,2023-09-11,Gasabo,Kigali,530000,2128,1879,367,5,0,0.195,45.2,19.1,90,77,13,85,93
2023-W38,2023-09-18,Gasabo,Kigali,530000,2268,2065,319,4,0,0.154,69.7,18.9,90,77,13,85,91
2023-W39,2023-09-25,Gasabo,Kigali,530000,2473,2284,436,4,0,0.191,51.5,19.0,90,77,13,85,93
2023-W40,2023-10-02,Gasabo,Kigali,530000,2288,2186,415,8,0,0.19,55.0,18.7,90,77,13,85,90
2023-W41,2023-10-09,Gasabo,Kigali,530000,2258,2014,430,6,0,0.214,65.6,18.7,90,80,13,85,93
2023-W42,2023-10-16,Gasabo,Kigali,530000,2297,2023,457,7,0,0.226,75.7,18.6,90,80,13,85,90
2023-W43,2023-10-23,Gasabo,Kigali,530000,2409,2175,501,9,0,0.23,70.0,17.8,90,80,13,85,94
2023-W44,2023-10-30,Gasabo,Kigali,530000,2378,2123,631,10,0,0.297,56.3,18.5,90,80,13,85,90
2023-W45,2023-11-06,Gasabo,Kigali,530000,2342,2261,703,7,0,0.311,33.7,18.3,90,80,13,85,93
2023-W46,2023-11-13,Gasabo,Kigali,530000,2322,2106,777,13,0,0.369,40.3,17.7,90,80,13,85,90
2023-W47,2023-11-20,Gasabo,Kigali,530000,2443,2202,936,18,0,0.425,27.0,18.4,90,80,13,85,90
2023-W48,2023-11-27,Gasabo,Kigali,530000,2215,2024,988,16,0,0.488,43.7,17.7,90,80,13,85,92
2023-W49,2023-12-04,Gasabo,Kigali,530000,2316,2083,1041,16,1,0.5,21.7,18.7,90,80,13,85,94
2023-W50,2023-12-11,Gasabo,Kigali,530000,2581,2290,1220,21,1,0.533,22.9,18.2,90,80,13,85,94
2023-W51,2023-12-18,Gasabo,Kigali,530000,2270,2174,1096,12,0,0.504,15.6,18.3,90,80,13,85,91
2023-W52,2023-12-25,Gasabo,Kigali,530000,2362,2153,1023,12,1,0.475,14.5,18.1,90,80,13,85,93
2024-W01,2024-01-01,Gasabo,Kigali,530000,2413,2110,915,8,1,0.434,23.6,18.2,90,80,13,85,90
2024-W02,2024-01-08,Gasabo,Kigali,530000,2072,1810,751,11,0,0.415,13.4,19.1,90,80,13,85,92
2024-W03,2024-01-15,Gasabo,Kigali,530000,2111,1984,722,13,0,0.364,18.0,19.5,90,80,13,85,93
2024-W04,2024-01-22,Gasabo,Kigali,530000,2316,2218,636,11,0,0.287,25.4,19.2,90,80,13,85,91
2024-W05,2024-01-29,Gasabo,Kigali,530000,2194,2015,520,7,0,0.258,19.6,19.6,90,80,13,85,90
2024-W06,2024-02-05,Gasabo,Kigali,530000,2842,2727,502,4,0,0.184,32.0,19.3,90,80,13,85,93
2024-W07,2024-02-12,Gasabo,Kigali,530000,2725,2518,408,5,0,0.162,27.7,20.0,90,80,13,85,93
2024-W08,2024-02-19,Gasabo,Kigali,530000,3416,3257,519,9,0,0.159,34.5,19.9,90,80,13,85,90
2024-W09,2024-02-26,Gasabo,Kigali,530000,2484,2406,438,4,0,0.182,43.9,19.7,90,80,13,85,90
2024-W10,2024-03-04,Gasabo,Kigali,530000,2414,2118,375,3,0,0.177,34.9,20.5,90,80,13,85,94
2024-W11,2024-03-11,Gasabo,Kigali,530000,3548,3196,440,7,0,0.138,47.0,20.1,90,80,13,85,94
2024-W12,2024-03-18,Gasabo,Kigali,530000,2260,2011,383,5,0,0.19,49.7,20.7,90,80,13,85,90
2024-W13,2024-03-25,Gasabo,Kigali,530000,2803,2689,489,9,0,0.182,62.8,20.9,90,80,13,85,94
2024-W14,2024-04-01,Gasabo,Kigali,530000,2986,2759,472,5,0,0.171,75.7,21.1,90,80,13,85,90
2024-W15,2024-04-08,Gasabo,Kigali,530000,3726,3301,593,7,0,0.18,65.2,21.5,90,80,13,85,90
2024-W16,2024-04-15,Gasabo,Kigali,530000,2809,2541,523,5,0,0.206,56.2,21.5,90,80,13,85,94
2024-W17,2024-04-22,Gasabo,Kigali,530000,2445,2256,670,7,1,0.297,71.4,21.8,90,80,13,85,94
2024-W18,2024-04-29,Gasabo,Kigali,530000,2402,2252,680,7,0,0.302,76.5,21.3,90,80,13,85,91
2024-W19,2024-05-06,Gasabo,Kigali,530000,2847,2493,884,13,0,0.355,58.2,21.1,90,80,13,85,90
2024-W20,2024-05-13,Gasabo,Kigali,530000,2799,2691,1033,16,1,0.384,71.9,21.4,90,80,13,85,91
2024-W21,2024-05-20,Gasabo,Kigali,530000,2569,2366,1118,19,0,0.473,54.4,21.4,90,80,13,85,92
2024-W22,2024-05-27,Gasabo,Kigali,530000,2495,2191,1093,10,0,0.499,33.7,21.3,90,80,13,85,91
2024-W23,2024-06-03,Gasabo,Kigali,530000,2442,2227,1191,13,0,0.535,34.3,21.5,90,80,13,85,93
2024-W24,2024-06-10,Gasabo,Kigali,530000,2376,2132,1158,13,0,0.543,21.9,21.2,90,80,13,85,90
2024-W25,2024-06-17,Gasabo,Kigali,530000,2537,2460,1206,18,1,0.49,25.8,21.2,90,80,13,85,93
2024-W26,2024-06-24,Gasabo,Kigali,530000,2908,2539,1158,20,1,0.456,19.2,20.2,90,77,13,85,93
2024-W27,2024-07-01,Gasabo,Kigali,530000,2651,2425,1084,17,0,0.447,16.8,21.0,90,77,13,85,91
2024-W28,2024-07-08,Gasabo,Kigali,530000,3027,2806,1081,9,1,0.385,18.1,20.5,90,77,13,85,93
2024-W29,2024-07-15,Gasabo,Kigali,530000,2763,2574,838,16,0,0.326,12.2,20.2,90,77,13,85,90
2024-W30,2024-07-22,Gasabo,Kigali,530000,3629,3305,973,12,1,0.294,14.6,20.4,90,77,13,85,94
2024-W31,2024-07-29,Gasabo,Kigali,530000,2856,2607,703,6,0,0.27,13.2,20.3,90,77,13,85,91
2024-W32,2024-08-05,Gasabo,Kigali,530000,2540,2403,634,8,0,0.264,18.6,19.6,90,77,13,85,94
2024-W33,2024-08-12,Gasabo,Kigali,530000,3534,3280,724,11,0,0.221,22.2,20.0,90,77,13,85,90
2024-W34,2024-08-19,Gasabo,Kigali,530000,2574,2485,545,5,0,0.219,22.7,19.2,90,77,13,85,90
2024-W35,2024-08-26,Gasabo,Kigali,530000,2933,2603,504,5,0,0.194,37.3,19.2,90,77,13,85,92
2024-W36,2024-09-02,Gasabo,Kigali,530000,3193,3082,505,8,0,0.164,32.8,19.1,90,77,13,85,91
2024-W37,2024-09-09,Gasabo,Kigali,530000,3736,3606,589,10,0,0.163,55.9,18.7,90,77,13,85,92
2024-W38,2024-09-16,Gasabo,Kigali,530000,3425,3118,528,9,0,0.169,37.8,19.0,90,77,13,85,90
2024-W39,2024-09-23,Gasabo,Kigali,530000,3209,2850,533,10,0,0.187,52.3,18.7,90,77,13,85,90
2024-W40,2024-09-30,Gasabo,Kigali,530000,2852,2697,495,4,0,0.184,57.7,18.0,90,77,13,85,92
2024-W41,2024-10-07,Gasabo,Kigali,530000,3031,2723,511,7,0,0.188,71.0,17.8,90,80,13,85,91
2024-W42,2024-10-14,Gasabo,Kigali,530000,2662,2583,568,11,0,0.22,64.9,18.3,90,80,13,85,91
2024-W43,2024-10-21,Gasabo,Kigali,530000,3425,3162,784,14,1,0.248,59.5,17.7,90,80,13,85,93
2024-W44,2024-10-28,Gasabo,Kigali,530000,3081,2877,860,11,0,0.299,71.4,18.1,90,80,13,85,92
2024-W45,2024-11-04,Gasabo,Kigali,530000,3041,2909,974,16,0,0.335,45.6,18.5,90,80,13,85,92
2024-W46,2024-11-11,Gasabo,Kigali,530000,3231,2975,1138,19,0,0.383,43.8,18.4,90,80,13,85,93
2024-W47,2024-11-18,Gasabo,Kigali,530000,3228,2978,1387,26,0,0.466,40.0,18.4,90,80,13,85,91
2024-W48,2024-11-25,Gasabo,Kigali,530000,3055,2791,1444,23,0,0.517,30.4,17.7,90,80,13,85,93
2024-W49,2024-12-02,Gasabo,Kigali,530000,3009,2728,1391,24,1,0.51,23.4,18.4,90,80,13,85,91
2024-W50,2024-12-09,Gasabo,Kigali,530000,3303,2915,1540,28,0,0.528,20.0,18.3,90,80,13,85,93
2024-W51,2024-12-16,Gasabo,Kigali,530000,3324,3102,1558,16,2,0.502,20.6,18.4,90,80,13,85,94
2024-W52,2024-12-23,Gasabo,Kigali,530000,3047,2803,1365,21,0,0.487,11.0,18.8,90,80,13,85,92
2025-W01,2024-12-30,Gasabo,Kigali,530000,3346,2922,1244,18,1,0.426,13.5,18.9,90,80,13,85,94
2025-W02,2025-01-06,Gasabo,Kigali,530000,3256,2926,1210,11,0,0.414,15.4,18.9,90,80,13,85,92
2025-W03,2025-01-13,Gasabo,Kigali,530000,3827,3700,1181,11,0,0.319,18.0,18.8,90,80,13,85,92
2025-W04,2025-01-20,Gasabo,Kigali,530000,3275,2974,853,8,1,0.287,17.7,19.7,90,80,13,85,94
2025-W05,2025-01-27,Gasabo,Kigali,530000,3196,2865,757,11,0,0.264,18.2,18.9,90,80,13,85,90
2025-W06,2025-02-03,Gasabo,Kigali,530000,3656,3531,733,6,0,0.208,29.4,19.2,90,80,13,85,94
2025-W07,2025-02-10,Gasabo,Kigali,530000,3517,3303,604,11,0,0.183,30.7,19.9,90,80,13,85,90
2025-W08,2025-02-17,Gasabo,Kigali,530000,3748,3309,643,10,0,0.194,46.4,20.5,90,80,13,85,90
2025-W09,2025-02-24,Gasabo,Kigali,530000,4751,4212,636,7,1,0.151,33.7,20.1,90,80,13,85,90
2025-W10,2025-03-03,Gasabo,Kigali,530000,4855,4264,608,8,0,0.143,61.7,20.9,90,80,13,85,91
2025-W11,2025-03-10,Gasabo,Kigali,530000,3850,3624,585,9,0,0.161,51.9,20.2,90,80,13,85,93
2025-W12,2025-03-17,Gasabo,Kigali,530000,4533,4058,607,9,0,0.15,63.0,20.4,90,80,13,85,93
2025-W13,2025-03-24,Gasabo,Kigali,530000,3686,3392,633,13,0,0.187,73.2,20.7,90,80,13,85,94
2025-W14,2025-03-31,Gasabo,Kigali,530000,3343,3082,651,8,0,0.211,67.8,21.6,90,80,13,85,93
2025-W15,2025-04-07,Gasabo,Kigali,530000,4032,3749,800,9,1,0.213,103.7,21.6,90,80,13,85,93
2025-W16,2025-04-14,Gasabo,Kigali,530000,3147,2900,761,10,0,0.262,62.1,21.3,90,80,13,85,90
2025-W17,2025-04-21,Gasabo,Kigali,530000,4248,3808,968,12,1,0.254,53.3,21.2,90,80,13,85,94
2025-W18,2025-04-28,Gasabo,Kigali,530000,3497,3132,1023,13,0,0.327,67.2,21.1,90,80,13,85,90
2025-W19,2025-05-05,Gasabo,Kigali,530000,3257,3111,1032,19,0,0.332,61.6,21.2,90,80,13,85,92
2025-W20,2025-05-12,Gasabo,Kigali,530000,2902,2570,1028,12,0,0.4,50.2,21.4,90,80,13,85,92
2025-W21,2025-05-19,Gasabo,Kigali,530000,3319,3163,1478,16,0,0.467,56.8,21.8,90,80,13,85,92
2025-W22,2025-05-26,Gasabo,Kigali,530000,3909,3557,1635,32,0,0.46,39.3,20.8,90,80,13,85,90
2025-W23,2025-06-02,Gasabo,Kigali,530000,3437,3261,1730,15,1,0.531,35.4,21.4,90,80,13,85,90
2025-W24,2025-06-09,Gasabo,Kigali,530000,3807,3560,1811,21,0,0.509,25.3,21.1,90,80,13,85,94
2025-W25,2025-06-16,Gasabo,Kigali,530000,3452,3077,1532,20,0,0.498,24.7,20.5,90,80,13,85,93
2025-W26,2025-06-23,Gasabo,Kigali,530000,3393,2981,1456,24,1,0.488,14.3,20.8,90,77,13,85,94
2025-W27,2025-06-30,Gasabo,Kigali,530000,3432,3251,1373,26,0,0.422,11.6,21.0,90,77,13,85,92
2025-W28,2025-07-07,Gasabo,Kigali,530000,3819,3369,1362,27,0,0.404,14.4,20.1,90,77,13,85,92
2025-W29,2025-07-14,Gasabo,Kigali,530000,3396,3016,1153,15,0,0.382,18.2,20.8,90,77,13,85,94
2025-W30,2025-07-21,Gasabo,Kigali,530000,3513,3078,938,15,0,0.305,14.6,20.6,90,77,13,85,91
2025-W31,2025-07-28,Gasabo,Kigali,530000,3107,3005,862,17,0,0.287,17.1,20.0,90,77,13,85,90
2025-W32,2025-08-04,Gasabo,Kigali,530000,4110,3688,839,8,1,0.227,18.6,20.1,90,77,13,85,92
2025-W33,2025-08-11,Gasabo,Kigali,530000,4491,3949,748,12,1,0.189,30.6,19.0,90,77,13,85,92
2025-W34,2025-08-18,Gasabo,Kigali,530000,3560,3126,637,8,0,0.204,29.9,19.8,90,77,13,85,92
2025-W35,2025-08-25,Gasabo,Kigali,530000,3002,2881,593,8,0,0.206,35.7,19.0,90,77,13,85,94
2025-W36,2025-09-01,Gasabo,Kigali,530000,3761,3358,658,6,0,0.196,51.1,19.0,90,77,13,85,92
2025-W37,2025-09-08,Gasabo,Kigali,530000,3556,3107,544,11,0,0.175,40.9,18.5,90,77,13,85,92
2025-W38,2025-09-15,Gasabo,Kigali,530000,4679,4506,630,5,0,0.14,59.9,18.5,90,77,13,85,93
2025-W39,2025-09-22,Gasabo,Kigali,530000,4143,3810,622,5,0,0.163,61.3,18.7,90,77,13,85,91
2025-W40,2025-09-29,Gasabo,Kigali,530000,4525,4062,669,13,0,0.165,61.8,18.7,90,77,13,85,91
2025-W41,2025-10-06,Gasabo,Kigali,530000,4178,3958,638,8,1,0.161,60.1,18.3,90,80,13,85,91
2025-W42,2025-10-13,Gasabo,Kigali,530000,3833,3440,761,7,0,0.221,60.9,18.0,90,80,13,85,90
2025-W43,2025-10-20,Gasabo,Kigali,530000,3876,3698,841,16,1,0.227,55.9,18.7,90,80,13,85,92
2025-W44,2025-10-27,Gasabo,Kigali,530000,3513,3283,1024,19,0,0.312,57.2,18.2,90,80,13,85,91
2025-W45,2025-11-03,Gasabo,Kigali,530000,3068,2874,976,12,1,0.34,43.2,17.7,90,80,13,85,90
2025-W46,2025-11-10,Gasabo,Kigali,530000,3685,3502,1340,15,0,0.383,44.6,18.6,90,80,13,85,90
2025-W47,2025-11-17,Gasabo,Kigali,530000,3501,3125,1333,11,1,0.427,25.9,18.3,90,80,13,85,91
2025-W48,2025-11-24,Gasabo,Kigali,530000,3542,3172,1585,26,0,0.5,33.7,17.9,90,80,13,85,92
2025-W49,2025-12-01,Gasabo,Kigali,530000,3250,2959,1604,22,0,0.542,25.8,18.3,90,80,13,85,90
2025-W50,2025-12-08,Gasabo,Kigali,530000,3788,3462,1956,35,0,0.565,20.1,18.9,90,80,13,85,94
2025-W51,2025-12-15,Gasabo,Kigali,530000,3856,3627,1845,36,1,0.509,13.2,18.1,90,80,13,85,93
2025-W52,2025-12-22,Gasabo,Kigali,530000,3686,3230,1607,32,2,0.498,18.5,19.1,90,80,13,85,94
2026-W01,2025-12-29,Gasabo,Kigali,530000,3434,3124,1485,25,0,0.475,19.5,18.3,90,80,13,85,91
2026-W02,2026-01-05,Gasabo,Kigali,530000,3392,3211,1295,12,0,0.403,16.9,19.4,90,80,13,85,91
2026-W03,2026-01-12,Gasabo,Kigali,530000,2980,2850,1020,9,0,0.358,14.5,19.4,90,80,13,85,90
2026-W04,2026-01-19,Gasabo,Kigali,530000,3333,3072,821,10,0,0.267,18.0,18.8,90,80,13,85,90
2026-W05,2026-01-26,Gasabo,Kigali,530000,3128,2760,729,7,0,0.264,12.9,19.8,90,80,13,85,92
2026-W06,2026-02-02,Gasabo,Kigali,530000,3489,3356,642,12,0,0.191,18.9,20.3,90,80,13,85,93
2026-W07,2026-02-09,Gasabo,Kigali,530000,3111,2940,629,8,1,0.214,33.9,19.4,90,80,13,85,94
2026-W08,2026-02-16,Gasabo,Kigali,530000,3454,3339,543,11,0,0.163,27.2,20.3,90,80,13,85,94
2026-W09,2026-02-23,Gasabo,Kigali,530000,3393,3231,578,6,0,0.179,37.3,19.8,90,80,13,85,91
2026-W10,2026-03-02,Gasabo,Kigali,530000,3038,2836,502,8,0,0.177,35.5,20.9,90,80,13,85,90
2026-W11,2026-03-09,Gasabo,Kigali,530000,3267,2959,582,10,0,0.197,50.8,21.0,90,80,13,85,90
2026-W12,2026-03-16,Gasabo,Kigali,530000,3948,3745,614,7,0,0.164,54.8,20.2,90,80,13,85,94
2026-W13,2026-03-23,Gasabo,Kigali,530000,3199,2838,583,6,1,0.205,87.0,20.8,90,80,13,85,92
2026-W14,2026-03-30,Gasabo,Kigali,530000,3271,3058,615,8,0,0.201,82.5,21.3,90,80,13,85,92
2026-W15,2026-04-06,Gasabo,Kigali,530000,4279,3898,753,15,1,0.193,101.5,21.0,90,80,13,85,90
2026-W16,2026-04-13,Gasabo,Kigali,530000,3536,3301,699,9,0,0.212,98.3,21.7,90,80,13,85,92
2026-W17,2026-04-20,Gasabo,Kigali,530000,3812,3461,860,10,0,0.248,56.5,20.9,90,80,13,85,91
2026-W18,2026-04-27,Gasabo,Kigali,530000,3308,2880,935,10,0,0.325,66.0,21.8,90,80,13,85,93
2026-W19,2026-05-04,Gasabo,Kigali,530000,3565,3377,1159,21,0,0.343,62.4,20.8,90,80,13,85,90
2026-W20,2026-05-11,Gasabo,Kigali,530000,3672,3220,1302,13,1,0.404,50.4,21.8,90,80,13,85,92
2026-W21,2026-05-18,Gasabo,Kigali,530000,3012,2832,1323,25,0,0.467,47.8,21.7,90,80,13,85,93
2026-W22,2026-05-25,Gasabo,Kigali,530000,3015,2658,1315,25,0,0.495,33.8,21.5,90,80,13,85,91
2026-W23,2026-06-01,Gasabo,Kigali,530000,3076,2844,1446,23,0,0.508,41.7,20.9,90,80,13,85,91
2026-W24,2026-06-08,Gasabo,Kigali,530000,2911,2814,1490,28,0,0.529,26.2,20.6,90,80,13,85,93
2026-W25,2026-06-15,Gasabo,Kigali,530000,3166,2938,1576,28,0,0.536,17.0,20.7,90,80,13,85,91
2026-W26,2026-06-22,Gasabo,Kigali,530000,3175,2881,1471,15,0,0.511,20.3,21.0,90,77,13,85,94
2026-W27,2026-06-29,Gasabo,Kigali,530000,2866,2516,1152,11,1,0.458,18.0,20.7,90,77,13,85,94
2026-W28,2026-07-06,Gasabo,Kigali,530000,3573,3210,1251,22,0,0.39,14.2,20.4,90,77,13,85,90
2026-W29,2026-07-13,Gasabo,Kigali,530000,3662,3215,1133,17,0,0.352,13.8,20.8,90,77,13,85,94
2026-W30,2026-07-20,Gasabo,Kigali,530000,3057,2893,951,19,0,0.329,13.9,20.5,90,77,13,85,93
2026-W31,2026-07-27,Gasabo,Kigali,530000,3519,3292,861,15,0,0.262,18.3,20.4,90,77,13,85,94
2026-W32,2026-08-03,Gasabo,Kigali,530000,4183,3641,777,14,0,0.213,23.1,20.1,90,77,13,85,91
2026-W33,2026-08-10,Gasabo,Kigali,530000,4485,3974,724,11,0,0.182,38.0,19.2,90,77,13,85,93
2026-W34,2026-08-17,Gasabo,Kigali,530000,3515,3214,681,8,0,0.212,24.2,19.3,90,77,13,85,92
2026-W35,2026-08-24,Gasabo,Kigali,530000,3755,3388,565,7,0,0.167,30.1,19.0,90,77,13,85,90
2026-W36,2026-08-31,Gasabo,Kigali,530000,4030,3568,589,8,0,0.165,58.6,18.4,90,77,13,85,92
2026-W37,2026-09-07,Gasabo,Kigali,530000,4198,3785,560,7,0,0.148,36.2,19.3,90,77,13,85,92
2026-W38,2026-09-14,Gasabo,Kigali,530000,3410,3276,561,9,0,0.171,49.6,18.5,90,77,13,85,91
2026-W39,2026-09-21,Gasabo,Kigali,530000,3243,3114,598,10,0,0.192,85.0,18.8,90,77,13,85,93
2026-W40,2026-09-28,Gasabo,Kigali,530000,4359,3935,689,9,0,0.175,59.1,18.4,90,77,13,85,93
2023-W01,2023-01-02,Kicukiro,Kigali,360000,1057,1011,481,8,0,0.476,20.1,18.8,91,82,0,88,95
2023-W02,2023-01-09,Kicukiro,Kigali,360000,1413,1236,493,8,0,0.399,14.0,18.5,91,82,0,88,94
2023-W03,2023-01-16,Kicukiro,Kigali,360000,1308,1171,423,6,0,0.361,14.0,19.2,91,82,0,88,93
2023-W04,2023-01-23,Kicukiro,Kigali,360000,1323,1195,374,7,0,0.313,23.2,19.1,91,82,0,88,95
2023-W05,2023-01-30,Kicukiro,Kigali,360000,1555,1435,339,5,0,0.236,19.9,20.0,91,82,0,88,94
2023-W06,2023-02-06,Kicukiro,Kigali,360000,1325,1283,299,3,0,0.233,19.4,19.6,91,82,0,88,93
2023-W07,2023-02-13,Kicukiro,Kigali,360000,1300,1251,273,5,0,0.218,30.3,19.7,91,82,0,88,91
2023-W08,2023-02-20,Kicukiro,Kigali,360000,1511,1407,268,2,0,0.19,38.8,19.8,91,82,0,88,91
2023-W09,2023-02-27,Kicukiro,Kigali,360000,1585,1400,273,5,0,0.195,39.5,20.5,91,82,0,88,92
2023-W10,2023-03-06,Kicukiro,Kigali,360000,1700,1519,232,3,0,0.153,68.0,20.3,91,82,0,88,95
2023-W11,2023-03-13,Kicukiro,Kigali,360000,1896,1658,252,3,0,0.152,58.9,20.5,91,82,0,88,91
2023-W12,2023-03-20,Kicukiro,Kigali,360000,1443,1374,248,3,0,0.18,69.7,20.9,91,82,0,88,95
2023-W13,2023-03-27,Kicukiro,Kigali,360000,1675,1608,295,3,0,0.183,80.0,20.4,91,82,0,88,92
2023-W14,2023-04-03,Kicukiro,Kigali,360000,1607,1507,246,4,0,0.163,81.3,20.8,91,82,0,88,95
2023-W15,2023-04-10,Kicukiro,Kigali,360000,1366,1197,275,3,0,0.23,83.1,21.4,91,82,0,88,93
2023-W16,2023-04-17,Kicukiro,Kigali,360000,1514,1375,310,3,0,0.225,75.0,21.6,91,82,0,88,95
2023-W17,2023-04-24,Kicukiro,Kigali,360000,1976,1802,456,5,0,0.253,63.1,21.8,91,82,0,88,95
2023-W18,2023-05-01,Kicukiro,Kigali,360000,1268,1204,356,5,0,0.296,52.7,21.1,91,82,0,88,93
2023-W19,2023-05-08,Kicukiro,Kigali,360000,1270,1191,433,7,0,0.364,71.7,21.5,91,82,0,88,95
2023-W20,2023-05-15,Kicukiro,Kigali,360000,1470,1297,553,7,0,0.426,70.0,21.5,91,82,0,88,94
2023-W21,2023-05-22,Kicukiro,Kigali,360000,1463,1273,568,7,0,0.446,28.1,21.7,91,82,0,88,91
2023-W22,2023-05-29,Kicukiro,Kigali,360000,1424,1314,630,8,0,0.479,30.9,21.2,91,82,0,88,92
2023-W23,2023-06-05,Kicukiro,Kigali,360000,1447,1353,662,10,0,0.489,25.0,21.0,91,82,0,88,91
2023-W24,2023-06-12,Kicukiro,Kigali,360000,1431,1322,684,9,0,0.517,18.9,20.7,91,82,0,88,91
2023-W25,2023-06-19,Kicukiro,Kigali,360000,1350,1181,583,6,0,0.494,32.2,20.5,91,82,0,88,91
2023-W26,2023-06-26,Kicukiro,Kigali,360000,1114,1076,552,8,0,0.513,13.5,20.4,91,79,0,88,92
2023-W27,2023-07-03,Kicukiro,Kigali,360000,1454,1402,591,11,0,0.422,15.1,20.1,91,79,0,88,94
2023-W28,2023-07-10,Kicukiro,Kigali,360000,1530,1417,555,9,0,0.392,13.1,20.3,91,79,0,88,95
2023-W29,2023-07-17,Kicukiro,Kigali,360000,1377,1286,453,8,0,0.352,17.3,20.4,91,79,0,88,93
2023-W30,2023-07-24,Kicukiro,Kigali,360000,1511,1326,391,7,0,0.295,14.1,20.2,91,79,0,88,91
2023-W31,2023-07-31,Kicukiro,Kigali,360000,1642,1572,381,5,0,0.242,14.6,19.8,91,79,0,88,95
2023-W32,2023-08-07,Kicukiro,Kigali,360000,1426,1294,326,4,0,0.252,17.4,19.8,91,79,0,88,91
2023-W33,2023-08-14,Kicukiro,Kigali,360000,1819,1591,298,5,0,0.187,26.7,19.0,91,79,0,88,92
2023-W34,2023-08-21,Kicukiro,Kigali,360000,1470,1295,271,3,0,0.209,28.9,19.9,91,79,0,88,93
2023-W35,2023-08-28,Kicukiro,Kigali,360000,1192,1093,217,3,0,0.199,32.2,18.6,91,79,0,88,92
2023-W36,2023-09-04,Kicukiro,Kigali,360000,1390,1274,232,3,0,0.182,30.8,19.0,91,79,0,88,95
2023-W37,2023-09-11,Kicukiro,Kigali,360000,1676,1588,259,5,0,0.163,44.3,19.3,91,79,0,88,94
2023-W38,2023-09-18,Kicukiro,Kigali,360000,1339,1277,245,3,0,0.192,40.4,18.7,91,79,0,88,92
2023-W39,2023-09-25,Kicukiro,Kigali,360000,1802,1670,241,2,0,0.144,69.8,18.2,91,79,0,88,92
2023-W40,2023-10-02,Kicukiro,Kigali,360000,1751,1667,261,4,0,0.157,55.2,17.9,91,79,0,88,93
2023-W41,2023-10-09,Kicukiro,Kigali,360000,1484,1425,286,3,0,0.201,57.6,18.7,91,82,0,88,92
2023-W42,2023-10-16,Kicukiro,Kigali,360000,1390,1237,295,4,0,0.238,71.9,18.3,91,82,0,88,95
2023-W43,2023-10-23,Kicukiro,Kigali,360000,1468,1309,348,3,0,0.266,50.8,17.9,91,82,0,88,92
2023-W44,2023-10-30,Kicukiro,Kigali,360000,1861,1770,453,9,0,0.256,60.8,18.5,91,82,0,88,95
2023-W45,2023-11-06,Kicukiro,Kigali,360000,1395,1311,429,8,0,0.327,39.8,17.7,91,82,0,88,93
2023-W46,2023-11-13,Kicukiro,Kigali,360000,1674,1485,548,6,0,0.369,44.3,17.7,91,82,0,88,93
2023-W47,2023-11-20,Kicukiro,Kigali,360000,1595,1466,621,9,0,0.424,37.1,18.1,91,82,0,88,95
2023-W48,2023-11-27,Kicukiro,Kigali,360000,1459,1325,649,10,0,0.49,31.3,17.8,91,82,0,88,95
2023-W49,2023-12-04,Kicukiro,Kigali,360000,1370,1305,708,6,1,0.543,27.7,17.9,91,82,0,88,94
2023-W50,2023-12-11,Kicukiro,Kigali,360000,1426,1334,706,7,1,0.529,14.8,18.9,91,82,0,88,95
2023-W51,2023-12-18,Kicukiro,Kigali,360000,1683,1500,807,7,0,0.538,15.1,18.8,91,82,0,88,92
2023-W52,2023-12-25,Kicukiro,Kigali,360000,1647,1450,723,10,0,0.499,17.9,19.0,91,82,0,88,94
2024-W01,2024-01-01,Kicukiro,Kigali,360000,1538,1350,614,10,0,0.455,14.5,18.9,91,82,0,88,91
2024-W02,2024-01-08,Kicukiro,Kigali,360000,1548,1387,513,5,0,0.37,16.4,19.4,91,82,0,88,94
2024-W03,2024-01-15,Kicukiro,Kigali,360000,1879,1758,541,10,0,0.308,12.1,19.1,91,82,0,88,91
2024-W04,2024-01-22,Kicukiro,Kigali,360000,1695,1501,437,4,0,0.291,18.6,19.7,91,82,0,88,92
2024-W05,2024-01-29,Kicukiro,Kigali,360000,1930,1686,405,4,0,0.24,18.3,19.6,91,82,0,88,95
2024-W06,2024-02-05,Kicukiro,Kigali,360000,1895,1739,347,6,0,0.2,30.9,19.6,91,82,0,88,94
2024-W07,2024-02-12,Kicukiro,Kigali,360000,1744,1587,313,3,0,0.197,32.0,20.4,91,82,0,88,92
2024-W08,2024-02-19,Kicukiro,Kigali,360000,1924,1741,285,2,0,0.164,34.1,20.0,91,82,0,88,95
2024-W09,2024-02-26,Kicukiro,Kigali,360000,1835,1662,309,4,0,0.186,44.0,20.5,91,82,0,88,93
2024-W10,2024-03-04,Kicukiro,Kigali,360000,1657,1536,289,3,0,0.188,39.7,20.2,91,82,0,88,94
2024-W11,2024-03-11,Kicukiro,Kigali,360000,2106,1915,287,5,0,0.15,68.5,20.3,91,82,0,88,93
2024-W12,2024-03-18,Kicukiro,Kigali,360000,1973,1845,304,3,0,0.165,56.5,20.7,91,82,0,88,94
2024-W13,2024-03-25,Kicukiro,Kigali,360000,1652,1461,296,3,0,0.203,71.1,20.3,91,82,0,88,95
2024-W14,2024-04-01,Kicukiro,Kigali,360000,1744,1631,327,4,0,0.2,83.7,20.7,91,82,0,88,91
2024-W15,2024-04-08,Kicukiro,Kigali,360000,1617,1543,356,7,0,0.231,90.2,21.4,91,82,0,88,94
2024-W16,2024-04-15,Kicukiro,Kigali,360000,2045,1900,411,4,0,0.216,119.4,20.9,91,82,0,88,94
2024-W17,2024-04-22,Kicukiro,Kigali,360000,1922,1687,449,7,0,0.266,59.9,21.5,91,82,0,88,91
2024-W18,2024-04-29,Kicukiro,Kigali,360000,1712,1611,452,5,0,0.281,44.2,20.9,91,82,0,88,91
2024-W19,2024-05-06,Kicukiro,Kigali,360000,1844,1619,537,8,0,0.332,51.6,20.9,91,82,0,88,92
2024-W20,2024-05-13,Kicukiro,Kigali,360000,1731,1588,667,9,0,0.42,54.0,21.4,91,82,0,88,95
2024-W21,2024-05-20,Kicukiro,Kigali,360000,1672,1528,717,8,0,0.469,35.7,21.1,91,82,0,88,91
2024-W22,2024-05-27,Kicukiro,Kigali,360000,1900,1664,825,7,0,0.496,50.7,21.4,91,82,0,88,94
2024-W23,2024-06-03,Kicukiro,Kigali,360000,1827,1668,830,9,1,0.498,33.0,20.7,91,82,0,88,95
2024-W24,2024-06-10,Kicukiro,Kigali,360000,1799,1613,872,10,0,0.541,22.3,20.5,91,82,0,88,91
2024-W25,2024-06-17,Kicukiro,Kigali,360000,1764,1694,852,11,1,0.503,25.7,20.7,91,82,0,88,92
2024-W26,2024-06-24,Kicukiro,Kigali,360000,1428,1340,670,12,0,0.5,19.3,21.3,91,79,0,88,94
2024-W27,2024-07-01,Kicukiro,Kigali,360000,1582,1529,722,8,0,0.472,13.0,20.5,91,79,0,88,91
2024-W28,2024-07-08,Kicukiro,Kigali,360000,1996,1739,715,9,1,0.411,15.2,20.9,91,79,0,88,91
2024-W29,2024-07-15,Kicukiro,Kigali,360000,1763,1710,610,11,0,0.357,14.4,20.1,91,79,0,88,92
2024-W30,2024-07-22,Kicukiro,Kigali,360000,1937,1775,548,10,0,0.309,13.5,19.9,91,79,0,88,91
2024-W31,2024-07-29,Kicukiro,Kigali,360000,2197,1995,519,7,0,0.26,10.8,19.5,91,79,0,88,95
2024-W32,2024-08-05,Kicukiro,Kigali,360000,2110,1988,481,9,0,0.242,20.2,19.1,91,79,0,88,91
2024-W33,2024-08-12,Kicukiro,Kigali,360000,2034,1971,409,8,0,0.208,22.2,19.0,91,79,0,88,95
2024-W34,2024-08-19,Kicukiro,Kigali,360000,1908,1722,370,5,0,0.215,28.8,19.8,91,79,0,88,95
2024-W35,2024-08-26,Kicukiro,Kigali,360000,2510,2203,385,5,0,0.175,38.2,19.4,91,79,0,88,92
2024-W36,2024-09-02,Kicukiro,Kigali,360000,2026,1851,326,5,0,0.176,42.1,19.1,91,79,0,88,94
2024-W37,2024-09-09,Kicukiro,Kigali,360000,2164,1968,380,4,0,0.193,55.0,18.8,91,79,0,88,92
2024-W38,2024-09-16,Kicukiro,Kigali,360000,2191,2083,351,4,0,0.169,51.4,18.7,91,79,0,88,91
2024-W39,2024-09-23,Kicukiro,Kigali,360000,1905,1832,365,7,0,0.199,90.3,18.6,91,79,0,88,95
2024-W40,2024-09-30,Kicukiro,Kigali,360000,2704,2460,378,5,0,0.154,90.1,18.0,91,79,0,88,93
2024-W41,2024-10-07,Kicukiro,Kigali,360000,2059,1844,379,7,0,0.206,62.8,18.2,91,82,0,88,91
2024-W42,2024-10-14,Kicukiro,Kigali,360000,2006,1893,410,7,0,0.217,65.1,18.6,91,82,0,88,93
2024-W43,2024-10-21,Kicukiro,Kigali,360000,2154,1930,502,4,1,0.26,49.8,17.8,91,82,0,88,91
2024-W44,2024-10-28,Kicukiro,Kigali,360000,2476,2296,610,12,1,0.266,56.5,18.2,91,82,0,88,92
2024-W45,2024-11-04,Kicukiro,Kigali,360000,2166,1960,603,9,0,0.308,59.0,17.9,91,82,0,88,93
2024-W46,2024-11-11,Kicukiro,Kigali,360000,2133,1890,755,8,0,0.399,28.3,17.6,91,82,0,88,93
2024-W47,2024-11-18,Kicukiro,Kigali,360000,2094,1927,900,9,0,0.467,37.5,18.0,91,82,0,88,92
2024-W48,2024-11-25,Kicukiro,Kigali,360000,1974,1861,908,16,0,0.488,39.3,18.4,91,82,0,88,93
2024-W49,2024-12-02,Kicukiro,Kigali,360000,2236,1961,1040,13,1,0.53,26.3,17.8,91,82,0,88,92
2024-W50,2024-12-09,Kicukiro,Kigali,360000,2058,1814,1027,11,1,0.566,17.4,18.0,91,82,0,88,91
2024-W51,2024-12-16,Kicukiro,Kigali,360000,2260,2096,1050,17,0,0.501,23.0,18.1,91,82,0,88,95
2024-W52,2024-12-23,Kicukiro,Kigali,360000,2269,2023,1016,19,0,0.502,17.9,19.0,91,82,0,88,93
2025-W01,2024-12-30,Kicukiro,Kigali,360000,2277,2179,926,10,1,0.425,14.1,18.9,91,82,0,88,91
2025-W02,2025-01-06,Kicukiro,Kigali,360000,2485,2213,909,16,1,0.411,12.5,19.0,91,82,0,88,91
2025-W03,2025-01-13,Kicukiro,Kigali,360000,2319,2071,688,13,0,0.332,14.1,19.1,91,82,0,88,93
2025-W04,2025-01-20,Kicukiro,Kigali,360000,2494,2368,616,11,0,0.26,15.9,18.9,91,82,0,88,93
2025-W05,2025-01-27,Kicukiro,Kigali,360000,2523,2352,504,7,0,0.214,24.8,19.9,91,82,0,88,93
2025-W06,2025-02-03,Kicukiro,Kigali,360000,2351,2220,439,6,0,0.198,26.8,20.2,91,82,0,88,92
2025-W07,2025-02-10,Kicukiro,Kigali,360000,2043,1856,404,7,0,0.218,30.1,19.5,91,82,0,88,91
2025-W08,2025-02-17,Kicukiro,Kigali,360000,3162,2855,423,4,0,0.148,30.2,20.0,91,82,0,88,94
2025-W09,2025-02-24,Kicukiro,Kigali,360000,2677,2470,368,6,0,0.149,33.0,20.1,91,82,0,88,94
2025-W10,2025-03-03,Kicukiro,Kigali,360000,2887,2521,400,6,0,0.159,51.3,20.0,91,82,0,88,92
2025-W11,2025-03-10,Kicukiro,Kigali,360000,2340,2120,393,4,0,0.185,56.0,20.1,91,82,0,88,95
2025-W12,2025-03-17,Kicukiro,Kigali,360000,2655,2337,434,7,0,0.186,88.7,21.1,91,82,0,88,94
2025-W13,2025-03-24,Kicukiro,Kigali,360000,2152,1980,390,3,0,0.197,105.1,20.6,91,82,0,88,92
2025-W14,2025-03-31,Kicukiro,Kigali,360000,2189,2090,417,4,0,0.2,83.3,21.4,91,82,0,88,92
2025-W15,2025-04-07,Kicukiro,Kigali,360000,2342,2116,464,6,0,0.219,73.3,21.1,91,82,0,88,93
2025-W16,2025-04-14,Kicukiro,Kigali,360000,2490,2381,502,5,0,0.211,100.0,21.6,91,82,0,88,92
2025-W17,2025-04-21,Kicukiro,Kigali,360000,2696,2419,633,11,0,0.262,58.4,21.6,91,82,0,88,95
2025-W18,2025-04-28,Kicukiro,Kigali,360000,2528,2220,679,10,0,0.306,60.3,21.9,91,82,0,88,95
2025-W19,2025-05-05,Kicukiro,Kigali,360000,2052,1925,639,5,0,0.332,60.0,21.8,91,82,0,88,92
2025-W20,2025-05-12,Kicukiro,Kigali,360000,2347,2207,926,10,0,0.42,65.7,20.8,91,82,0,88,95
2025-W21,2025-05-19,Kicukiro,Kigali,360000,2478,2365,1028,19,1,0.435,30.0,21.5,91,82,0,88,92
2025-W22,2025-05-26,Kicukiro,Kigali,360000,2545,2270,1080,9,1,0.476,29.4,21.5,91,82,0,88,94
2025-W23,2025-06-02,Kicukiro,Kigali,360000,2199,2014,1043,15,0,0.518,25.3,21.3,91,82,0,88,92
2025-W24,2025-06-09,Kicukiro,Kigali,360000,2044,1809,988,16,0,0.546,23.3,20.5,91,82,0,88,91
2025-W25,2025-06-16,Kicukiro,Kigali,360000,2473,2163,1080,20,0,0.499,18.6,20.4,91,82,0,88,95
2025-W26,2025-06-23,Kicukiro,Kigali,360000,2459,2163,1019,17,1,0.471,23.4,20.3,91,79,0,88,91
2025-W27,2025-06-30,Kicukiro,Kigali,360000,2387,2232,983,10,0,0.44,19.7,20.8,91,79,0,88,91
2025-W28,2025-07-07,Kicukiro,Kigali,360000,2324,2153,833,11,0,0.387,15.6,20.9,91,79,0,88,93
2025-W29,2025-07-14,Kicukiro,Kigali,360000,2570,2468,822,12,1,0.333,15.9,19.8,91,79,0,88,92
2025-W30,2025-07-21,Kicukiro,Kigali,360000,2183,2083,675,13,1,0.324,15.5,19.8,91,79,0,88,93
2025-W31,2025-07-28,Kicukiro,Kigali,360000,2529,2286,651,7,1,0.285,13.8,19.5,91,79,0,88,91
2025-W32,2025-08-04,Kicukiro,Kigali,360000,2425,2180,459,9,0,0.211,24.6,19.1,91,79,0,88,94
2025-W33,2025-08-11,Kicukiro,Kigali,360000,2839,2631,479,4,0,0.182,27.4,20.0,91,79,0,88,95
2025-W34,2025-08-18,Kicukiro,Kigali,360000,2986,2623,441,9,0,0.168,32.4,19.1,91,79,0,88,93
2025-W35,2025-08-25,Kicukiro,Kigali,360000,2092,1887,390,7,0,0.207,27.3,19.0,91,79,0,88,91
2025-W36,2025-09-01,Kicukiro,Kigali,360000,2430,2117,390,8,0,0.184,37.2,19.5,91,79,0,88,91
2025-W37,2025-09-08,Kicukiro,Kigali,360000,3052,2723,402,7,0,0.148,61.8,19.4,91,79,0,88,95
2025-W38,2025-09-15,Kicukiro,Kigali,360000,2417,2117,393,7,0,0.186,52.0,19.2,91,79,0,88,94
2025-W39,2025-09-22,Kicukiro,Kigali,360000,2891,2552,441,5,0,0.173,83.6,18.6,91,79,0,88,92
2025-W40,2025-09-29,Kicukiro,Kigali,360000,2272,2016,415,5,0,0.206,60.7,18.0,91,79,0,88,91
2025-W41,2025-10-06,Kicukiro,Kigali,360000,2305,2104,431,8,0,0.205,87.8,18.4,91,82,0,88,93
2025-W42,2025-10-13,Kicukiro,Kigali,360000,2326,2029,464,7,0,0.229,100.0,17.7,91,82,0,88,95
2025-W43,2025-10-20,Kicukiro,Kigali,360000,2345,2238,549,6,0,0.245,56.5,18.3,91,82,0,88,93
2025-W44,2025-10-27,Kicukiro,Kigali,360000,2167,2088,630,9,0,0.302,43.8,17.8,91,82,0,88,91
2025-W45,2025-11-03,Kicukiro,Kigali,360000,2422,2303,714,7,0,0.31,52.5,18.5,91,82,0,88,92
2025-W46,2025-11-10,Kicukiro,Kigali,360000,2345,2170,862,15,0,0.397,50.1,18.1,91,82,0,88,91
2025-W47,2025-11-17,Kicukiro,Kigali,360000,2058,1867,871,17,1,0.467,39.3,18.4,91,82,0,88,94
2025-W48,2025-11-24,Kicukiro,Kigali,360000,2496,2276,1123,10,0,0.493,24.3,18.8,91,82,0,88,91
2025-W49,2025-12-01,Kicukiro,Kigali,360000,2438,2155,1149,18,0,0.533,20.2,18.2,91,82,0,88,92
2025-W50,2025-12-08,Kicukiro,Kigali,360000,2440,2139,1106,16,0,0.517,19.8,17.9,91,82,0,88,94
2025-W51,2025-12-15,Kicukiro,Kigali,360000,2509,2194,1123,10,1,0.512,12.5,19.1,91,82,0,88,92
2025-W52,2025-12-22,Kicukiro,Kigali,360000,2170,1972,988,20,1,0.501,13.4,18.4,91,82,0,88,92
2026-W01,2025-12-29,Kicukiro,Kigali,360000,2290,2034,958,14,0,0.471,13.9,19.2,91,82,0,88,95
2026-W02,2026-01-05,Kicukiro,Kigali,360000,2071,1808,675,7,0,0.373,17.1,19.0,91,82,0,88,94
2026-W03,2026-01-12,Kicukiro,Kigali,360000,2295,2064,630,8,0,0.305,19.5,19.4,91,82,0,88,92
2026-W04,2026-01-19,Kicukiro,Kigali,360000,2179,2024,549,4,0,0.271,21.8,19.5,91,82,0,88,92
2026-W05,2026-01-26,Kicukiro,Kigali,360000,2068,1992,525,4,0,0.264,18.1,19.0,91,82,0,88,91
2026-W06,2026-02-02,Kicukiro,Kigali,360000,2687,2358,449,6,0,0.19,26.9,20.1,91,82,0,88,92
2026-W07,2026-02-09,Kicukiro,Kigali,360000,2385,2315,448,4,0,0.194,36.4,20.2,91,82,0,88,92
2026-W08,2026-02-16,Kicukiro,Kigali,360000,2465,2176,397,4,0,0.182,27.9,20.5,91,82,0,88,92
2026-W09,2026-02-23,Kicukiro,Kigali,360000,2485,2323,388,4,0,0.167,43.9,20.1,91,82,0,88,93
2026-W10,2026-03-02,Kicukiro,Kigali,360000,2304,2196,408,7,0,0.186,38.1,20.9,91,82,0,88,93
2026-W11,2026-03-09,Kicukiro,Kigali,360000,2529,2445,404,4,0,0.165,43.5,20.2,91,82,0,88,94
2026-W12,2026-03-16,Kicukiro,Kigali,360000,2973,2654,451,6,0,0.17,63.4,20.4,91,82,0,88,91
2026-W13,2026-03-23,Kicukiro,Kigali,360000,2616,2347,391,6,0,0.167,60.4,21.2,91,82,0,88,95
2026-W14,2026-03-30,Kicukiro,Kigali,360000,2432,2227,418,5,0,0.188,78.5,20.7,91,82,0,88,94
2026-W15,2026-04-06,Kicukiro,Kigali,360000,1953,1808,423,4,0,0.234,76.4,21.5,91,82,0,88,95
2026-W16,2026-04-13,Kicukiro,Kigali,360000,2766,2407,566,9,0,0.235,67.1,20.9,91,82,0,88,91
2026-W17,2026-04-20,Kicukiro,Kigali,360000,2317,2064,555,8,0,0.269,85.4,21.7,91,82,0,88,94
2026-W18,2026-04-27,Kicukiro,Kigali,360000,2008,1852,597,10,0,0.322,63.8,21.0,91,82,0,88,94
2026-W19,2026-05-04,Kicukiro,Kigali,360000,2413,2136,803,12,0,0.376,49.1,21.7,91,82,0,88,94
2026-W20,2026-05-11,Kicukiro,Kigali,360000,2321,2030,842,8,1,0.415,54.4,21.4,91,82,0,88,94
2026-W21,2026-05-18,Kicukiro,Kigali,360000,2016,1826,849,12,0,0.465,43.8,20.9,91,82,0,88,93
2026-W22,2026-05-25,Kicukiro,Kigali,360000,1985,1925,927,14,0,0.482,30.0,21.2,91,82,0,88,91
2026-W23,2026-06-01,Kicukiro,Kigali,360000,1838,1693,903,17,0,0.533,37.8,20.7,91,82,0,88,91
2026-W24,2026-06-08,Kicukiro,Kigali,360000,2406,2187,1195,13,0,0.546,21.9,21.1,91,82,0,88,91
2026-W25,2026-06-15,Kicukiro,Kigali,360000,2307,2130,1097,22,0,0.515,16.8,21.2,91,82,0,88,93
2026-W26,2026-06-22,Kicukiro,Kigali,360000,2165,1962,936,19,1,0.477,14.2,20.3,91,79,0,88,92
2026-W27,2026-06-29,Kicukiro,Kigali,360000,2161,1915,904,10,0,0.472,25.2,20.1,91,79,0,88,94
2026-W28,2026-07-06,Kicukiro,Kigali,360000,2255,2079,855,9,0,0.411,12.5,20.6,91,79,0,88,95
2026-W29,2026-07-13,Kicukiro,Kigali,360000,2357,2178,706,13,0,0.324,13.8,20.7,91,79,0,88,92
2026-W30,2026-07-20,Kicukiro,Kigali,360000,2163,1964,659,7,0,0.336,18.1,19.5,91,79,0,88,93
2026-W31,2026-07-27,Kicukiro,Kigali,360000,2506,2202,600,7,0,0.272,16.3,20.3,91,79,0,88,93
2026-W32,2026-08-03,Kicukiro,Kigali,360000,2384,2144,480,4,0,0.224,14.4,19.8,91,79,0,88,92
2026-W33,2026-08-10,Kicukiro,Kigali,360000,2173,1906,438,7,0,0.23,21.3,20.1,91,79,0,88,93
2026-W34,2026-08-17,Kicukiro,Kigali,360000,2228,2057,439,5,0,0.213,38.0,18.9,91,79,0,88,91
2026-W35,2026-08-24,Kicukiro,Kigali,360000,2209,2126,379,5,0,0.178,22.4,18.9,91,79,0,88,91
2026-W36,2026-08-31,Kicukiro,Kigali,360000,2873,2611,422,4,0,0.162,34.2,19.2,91,79,0,88,92
2026-W37,2026-09-07,Kicukiro,Kigali,360000,2285,2067,367,5,0,0.178,51.2,19.2,91,79,0,88,92
2026-W38,2026-09-14,Kicukiro,Kigali,360000,2052,1922,325,3,0,0.169,46.4,18.3,91,79,0,88,93
2026-W39,2026-09-21,Kicukiro,Kigali,360000,2708,2412,377,3,0,0.156,65.3,18.9,91,79,0,88,94
2026-W40,2026-09-28,Kicukiro,Kigali,360000,3108,2819,439,4,0,0.156,65.7,18.8,91,79,0,88,93
2023-W01,2023-01-02,Nyaruguru,Southern,300000,1197,1070,453,9,0,0.423,14.7,18.8,88,76,21,82,91
2023-W02,2023-01-09,Nyaruguru,Southern,300000,1067,969,363,7,0,0.375,12.3,18.8,88,76,21,82,89
2023-W03,2023-01-16,Nyaruguru,Southern,300000,1103,997,356,6,0,0.357,11.1,18.5,88,76,21,82,89
2023-W04,2023-01-23,Nyaruguru,Southern,300000,1236,1099,310,3,0,0.282,13.4,18.7,88,76,21,82,89
2023-W05,2023-01-30,Nyaruguru,Southern,300000,1200,1091,256,3,0,0.235,17.0,19.3,88,76,21,82,89
2023-W06,2023-02-06,Nyaruguru,Southern,300000,1230,1097,241,5,0,0.22,16.3,20.0,88,76,21,82,87
2023-W07,2023-02-13,Nyaruguru,Southern,300000,1329,1210,214,2,0,0.177,32.6,19.3,88,76,21,82,90
2023-W08,2023-02-20,Nyaruguru,Southern,300000,1342,1188,175,2,0,0.147,29.3,19.6,88,76,21,82,87
2023-W09,2023-02-27,Nyaruguru,Southern,300000,1173,1072,174,2,0,0.162,46.8,19.5,88,76,21,82,91
2023-W10,2023-03-06,Nyaruguru,Southern,300000,1290,1213,169,2,0,0.139,60.6,20.2,88,76,21,82,88
2023-W11,2023-03-13,Nyaruguru,Southern,300000,1104,1071,181,3,0,0.169,52.8,20.8,88,76,21,82,88
2023-W12,2023-03-20,Nyaruguru,Southern,300000,1569,1395,214,2,0,0.153,49.2,21.1,88,76,21,82,89
2023-W13,2023-03-27,Nyaruguru,Southern,300000,1266,1191,184,3,0,0.154,67.6,20.9,88,76,21,82,90
2023-W14,2023-04-03,Nyaruguru,Southern,300000,1146,1109,206,4,0,0.186,61.4,20.3,88,76,21,82,89
2023-W15,2023-04-10,Nyaruguru,Southern,300000,1266,1169,216,4,0,0.185,77.3,20.7,88,76,21,82,88
2023-W16,2023-04-17,Nyaruguru,Southern,300000,1166,1122,247,3,0,0.22,111.4,21.0,88,76,21,82,90
2023-W17,2023-04-24,Nyaruguru,Southern,300000,1031,982,278,5,0,0.283,53.7,20.5,88,76,21,82,90
2023-W18,2023-05-01,Nyaruguru,Southern,300000,921,888,286,2,0,0.322,67.5,21.4,88,76,21,82,89
2023-W19,2023-05-08,Nyaruguru,Southern,300000,1088,968,330,5,0,0.341,67.3,20.6,88,76,21,82,90
2023-W20,2023-05-15,Nyaruguru,Southern,300000,967,865,356,4,0,0.412,50.1,21.0,88,76,21,82,90
2023-W21,2023-05-22,Nyaruguru,Southern,300000,1112,971,450,5,0,0.463,47.8,21.5,88,76,21,82,88
2023-W22,2023-05-29,Nyaruguru,Southern,300000,822,792,404,6,0,0.51,32.5,21.1,88,76,21,82,87
2023-W23,2023-06-05,Nyaruguru,Southern,300000,978,948,489,7,0,0.516,38.9,20.8,88,76,21,82,89
2023-W24,2023-06-12,Nyaruguru,Southern,300000,1063,1028,550,10,0,0.535,21.5,20.8,88,76,21,82,88
2023-W25,2023-06-19,Nyaruguru,Southern,300000,904,875,444,6,0,0.507,18.2,20.6,88,76,21,82,90
2023-W26,2023-06-26,Nyaruguru,Southern,300000,1117,1082,544,8,0,0.503,15.9,20.4,88,73,21,82,91
2023-W27,2023-07-03,Nyaruguru,Southern,300000,1098,988,438,4,0,0.443,21.1,20.8,88,73,21,82,89
2023-W28,2023-07-10,Nyaruguru,Southern,300000,1103,1064,404,6,0,0.38,17.9,20.1,88,73,21,82,90
2023-W29,2023-07-17,Nyaruguru,Southern,300000,1087,969,325,4,0,0.335,23.3,20.0,88,73,21,82,91
2023-W30,2023-07-24,Nyaruguru,Southern,300000,1108,1066,329,7,0,0.309,15.4,19.8,88,73,21,82,89
2023-W31,2023-07-31,Nyaruguru,Southern,300000,1367,1199,291,2,0,0.243,17.7,19.8,88,73,21,82,88
2023-W32,2023-08-07,Nyaruguru,Southern,300000,1174,1057,258,3,0,0.244,22.6,19.0,88,73,21,82,89
2023-W33,2023-08-14,Nyaruguru,Southern,300000,1393,1212,247,4,0,0.204,23.8,19.1,88,73,21,82,91
2023-W34,2023-08-21,Nyaruguru,Southern,300000,1481,1300,230,4,0,0.177,39.1,19.5,88,73,21,82,87
2023-W35,2023-08-28,Nyaruguru,Southern,300000,1294,1142,198,2,0,0.173,31.6,18.5,88,73,21,82,91
2023-W36,2023-09-04,Nyaruguru,Southern,300000,1078,1034,202,3,0,0.195,59.6,18.3,88,73,21,82,87
2023-W37,2023-09-11,Nyaruguru,Southern,300000,1323,1276,179,3,0,0.14,40.6,18.6,88,73,21,82,91
2023-W38,2023-09-18,Nyaruguru,Southern,300000,1208,1151,217,2,0,0.189,58.6,18.8,88,73,21,82,89
2023-W39,2023-09-25,Nyaruguru,Southern,300000,1191,1052,207,3,0,0.197,46.9,18.5,88,73,21,82,87
2023-W40,2023-10-02,Nyaruguru,Southern,300000,1166,1048,181,3,0,0.173,63.5,18.3,88,73,21,82,91
2023-W41,2023-10-09,Nyaruguru,Southern,300000,1278,1112,221,3,0,0.199,61.4,18.4,88,76,21,82,90
2023-W42,2023-10-16,Nyaruguru,Southern,300000,1356,1220,240,4,0,0.197,57.6,18.5,88,76,21,82,88
2023-W43,2023-10-23,Nyaruguru,Southern,300000,1378,1204,262,4,0,0.218,83.0,17.8,88,76,21,82,87
2023-W44,2023-10-30,Nyaruguru,Southern,300000,1014,970,290,5,0,0.299,51.2,17.6,88,76,21,82,90
2023-W45,2023-11-06,Nyaruguru,Southern,300000,1021,908,314,5,0,0.346,43.0,18.1,88,76,21,82,91
2023-W46,2023-11-13,Nyaruguru,Southern,300000,1079,995,411,6,0,0.413,46.6,18.5,88,76,21,82,88
2023-W47,2023-11-20,Nyaruguru,Southern,300000,1057,980,454,7,0,0.463,36.0,18.4,88,76,21,82,88
2023-W48,2023-11-27,Nyaruguru,Southern,300000,1116,974,476,7,0,0.489,39.2,17.9,88,76,21,82,88
2023-W49,2023-12-04,Nyaruguru,Southern,300000,1172,1057,589,6,0,0.557,31.9,17.7,88,76,21,82,91
2023-W50,2023-12-11,Nyaruguru,Southern,300000,1090,988,546,7,0,0.553,16.8,17.8,88,76,21,82,91
2023-W51,2023-12-18,Nyaruguru,Southern,300000,1123,979,519,8,0,0.53,14.1,18.5,88,76,21,82,90
2023-W52,2023-12-25,Nyaruguru,Southern,300000,1316,1176,552,9,0,0.469,18.2,18.1,88,76,21,82,87
2024-W01,2024-01-01,Nyaruguru,Southern,300000,1117,1028,484,4,0,0.471,12.6,18.3,88,76,21,82,88
2024-W02,2024-01-08,Nyaruguru,Southern,300000,1270,1207,446,5,0,0.37,14.8,18.9,88,76,21,82,87
2024-W03,2024-01-15,Nyaruguru,Southern,300000,1102,1055,378,7,0,0.358,26.6,19.3,88,76,21,82,89
2024-W04,2024-01-22,Nyaruguru,Southern,300000,1391,1254,318,3,0,0.254,17.2,19.1,88,76,21,82,91
2024-W05,2024-01-29,Nyaruguru,Southern,300000,1207,1059,273,4,0,0.258,26.7,18.9,88,76,21,82,88
2024-W06,2024-02-05,Nyaruguru,Southern,300000,1253,1203,263,2,0,0.219,19.9,20.1,88,76,21,82,87
2024-W07,2024-02-12,Nyaruguru,Southern,300000,1219,1159,226,2,0,0.195,35.1,20.0,88,76,21,82,91
2024-W08,2024-02-19,Nyaruguru,Southern,300000,1362,1294,207,3,0,0.16,24.1,19.6,88,76,21,82,91
2024-W09,2024-02-26,Nyaruguru,Southern,300000,1222,1078,213,4,0,0.198,50.4,19.6,88,76,21,82,91
2024-W10,2024-03-04,Nyaruguru,Southern,300000,1538,1402,195,3,0,0.139,39.2,20.7,88,76,21,82,91
2024-W11,2024-03-11,Nyaruguru,Southern,300000,1360,1315,211,4,0,0.16,75.1,20.8,88,76,21,82,89
2024-W12,2024-03-18,Nyaruguru,Southern,300000,1657,1538,242,3,0,0.157,58.4,20.9,88,76,21,82,87
2024-W13,2024-03-25,Nyaruguru,Southern,300000,1389,1300,194,2,0,0.149,71.9,20.8,88,76,21,82,90
2024-W14,2024-04-01,Nyaruguru,Southern,300000,1462,1381,283,4,0,0.205,78.8,21.4,88,76,21,82,87
2024-W15,2024-04-08,Nyaruguru,Southern,300000,1661,1554,279,4,0,0.18,65.8,21.2,88,76,21,82,88
2024-W16,2024-04-15,Nyaruguru,Southern,300000,1469,1332,288,4,0,0.216,72.2,21.6,88,76,21,82,91
2024-W17,2024-04-22,Nyaruguru,Southern,300000,1323,1153,315,5,0,0.273,72.5,21.3,88,76,21,82,89
2024-W18,2024-04-29,Nyaruguru,Southern,300000,1376,1257,357,5,0,0.284,72.1,21.3,88,76,21,82,87
2024-W19,2024-05-06,Nyaruguru,Southern,300000,1468,1304,446,7,0,0.342,63.3,21.6,88,76,21,82,89
2024-W20,2024-05-13,Nyaruguru,Southern,300000,1398,1233,513,8,0,0.416,52.4,21.0,88,76,21,82,87
2024-W21,2024-05-20,Nyaruguru,Southern,300000,1142,1067,499,5,1,0.468,41.9,20.9,88,76,21,82,90
2024-W22,2024-05-27,Nyaruguru,Southern,300000,1284,1126,565,7,0,0.502,30.8,20.8,88,76,21,82,88
2024-W23,2024-06-03,Nyaruguru,Southern,300000,1149,1088,583,7,0,0.536,34.3,20.4,88,76,21,82,90
2024-W24,2024-06-10,Nyaruguru,Southern,300000,1176,1052,539,10,0,0.512,24.7,21.2,88,76,21,82,91
2024-W25,2024-06-17,Nyaruguru,Southern,300000,1415,1272,632,11,0,0.497,20.0,20.4,88,76,21,82,87
2024-W26,2024-06-24,Nyaruguru,Southern,300000,1309,1264,650,11,0,0.514,22.1,20.9,88,73,21,82,90
2024-W27,2024-07-01,Nyaruguru,Southern,300000,1262,1219,556,6,0,0.456,14.5,20.5,88,73,21,82,91
2024-W28,2024-07-08,Nyaruguru,Southern,300000,1294,1207,478,5,0,0.396,17.1,20.1,88,73,21,82,88
2024-W29,2024-07-15,Nyaruguru,Southern,300000,1631,1477,492,4,0,0.333,9.6,19.6,88,73,21,82,90
2024-W30,2024-07-22,Nyaruguru,Southern,300000,1523,1477,448,6,0,0.303,19.1,19.4,88,73,21,82,89
2024-W31,2024-07-29,Nyaruguru,Southern,300000,1609,1447,376,3,0,0.26,21.7,20.1,88,73,21,82,89
2024-W32,2024-08-05,Nyaruguru,Southern,300000,1552,1444,333,3,0,0.231,20.4,19.6,88,73,21,82,87
2024-W33,2024-08-12,Nyaruguru,Southern,300000,1942,1744,322,6,0,0.185,25.3,19.8,88,73,21,82,87
2024-W34,2024-08-19,Nyaruguru,Southern,300000,1823,1596,298,5,0,0.187,18.0,19.2,88,73,21,82,88
2024-W35,2024-08-26,Nyaruguru,Southern,300000,1649,1505,274,2,0,0.182,30.5,19.2,88,73,21,82,90
2024-W36,2024-09-02,Nyaruguru,Southern,300000,1354,1299,250,3,0,0.192,41.5,19.2,88,73,21,82,88
2024-W37,2024-09-09,Nyaruguru,Southern,300000,1872,1684,280,3,0,0.166,44.8,18.7,88,73,21,82,88
2024-W38,2024-09-16,Nyaruguru,Southern,300000,1404,1306,243,4,0,0.186,44.5,18.6,88,73,21,82,88
2024-W39,2024-09-23,Nyaruguru,Southern,300000,1634,1578,253,3,0,0.16,43.6,18.0,88,73,21,82,88
2024-W40,2024-09-30,Nyaruguru,Southern,300000,1926,1768,283,3,0,0.16,77.6,18.2,88,73,21,82,89
2024-W41,2024-10-07,Nyaruguru,Southern,300000,1905,1823,322,4,0,0.177,62.9,18.2,88,76,21,82,88
2024-W42,2024-10-14,Nyaruguru,Southern,300000,2059,1822,334,6,0,0.183,62.1,18.3,88,76,21,82,88
2024-W43,2024-10-21,Nyaruguru,Southern,300000,1787,1655,373,6,0,0.225,39.9,18.2,88,76,21,82,87
2024-W44,2024-10-28,Nyaruguru,Southern,300000,1840,1776,472,6,0,0.266,45.6,17.7,88,76,21,82,89
2024-W45,2024-11-04,Nyaruguru,Southern,300000,1764,1687,543,8,0,0.322,44.7,17.7,88,76,21,82,88
2024-W46,2024-11-11,Nyaruguru,Southern,300000,1687,1492,571,8,1,0.383,36.5,18.3,88,76,21,82,89
2024-W47,2024-11-18,Nyaruguru,Southern,300000,1720,1504,712,12,1,0.473,31.0,18.0,88,76,21,82,87
2024-W48,2024-11-25,Nyaruguru,Southern,300000,1602,1458,730,10,0,0.501,32.1,18.5,88,76,21,82,91
2024-W49,2024-12-02,Nyaruguru,Southern,300000,1598,1417,759,6,1,0.536,24.8,18.0,88,76,21,82,90
2024-W50,2024-12-09,Nyaruguru,Southern,300000,1479,1394,773,10,0,0.555,20.6,18.6,88,76,21,82,87
2024-W51,2024-12-16,Nyaruguru,Southern,300000,2054,1872,970,12,0,0.518,16.0,18.8,88,76,21,82,88
2024-W52,2024-12-23,Nyaruguru,Southern,300000,1560,1400,701,8,0,0.501,21.5,18.2,88,76,21,82,90
2025-W01,2024-12-30,Nyaruguru,Southern,300000,1989,1771,745,11,0,0.421,14.2,18.8,88,76,21,82,87
2025-W02,2025-01-06,Nyaruguru,Southern,300000,1500,1393,573,5,0,0.411,10.7,18.8,88,76,21,82,89
2025-W03,2025-01-13,Nyaruguru,Southern,300000,1542,1409,511,9,0,0.363,17.8,19.2,88,76,21,82,91
2025-W04,2025-01-20,Nyaruguru,Southern,300000,1588,1450,401,8,0,0.277,17.4,19.5,88,76,21,82,87
2025-W05,2025-01-27,Nyaruguru,Southern,300000,1879,1823,429,6,0,0.235,19.9,19.8,88,76,21,82,89
2025-W06,2025-02-03,Nyaruguru,Southern,300000,1592,1489,355,6,0,0.238,24.0,18.9,88,76,21,82,90
2025-W07,2025-02-10,Nyaruguru,Southern,300000,1780,1579,328,6,0,0.208,23.6,19.4,88,76,21,82,87
2025-W08,2025-02-17,Nyaruguru,Southern,300000,1865,1690,327,6,0,0.193,40.1,19.8,88,76,21,82,91
2025-W09,2025-02-24,Nyaruguru,Southern,300000,1674,1589,314,6,0,0.198,36.8,20.2,88,76,21,82,87
2025-W10,2025-03-03,Nyaruguru,Southern,300000,1757,1663,289,6,0,0.174,41.4,20.3,88,76,21,82,91
2025-W11,2025-03-10,Nyaruguru,Southern,300000,1916,1739,325,6,0,0.187,65.3,20.1,88,76,21,82,88
2025-W12,2025-03-17,Nyaruguru,Southern,300000,1990,1873,305,2,0,0.163,44.1,20.4,88,76,21,82,90
2025-W13,2025-03-24,Nyaruguru,Southern,300000,1540,1441,299,5,0,0.207,112.9,20.8,88,76,21,82,91
2025-W14,2025-03-31,Nyaruguru,Southern,300000,1744,1665,329,6,0,0.198,91.1,20.9,88,76,21,82,88
2025-W15,2025-04-07,Nyaruguru,Southern,300000,1653,1522,349,6,0,0.229,76.6,20.9,88,76,21,82,89
2025-W16,2025-04-14,Nyaruguru,Southern,300000,1837,1657,399,4,0,0.241,79.3,21.0,88,76,21,82,88
2025-W17,2025-04-21,Nyaruguru,Southern,300000,1910,1715,473,8,0,0.276,51.4,20.7,88,76,21,82,90
2025-W18,2025-04-28,Nyaruguru,Southern,300000,1754,1671,527,7,0,0.315,60.2,20.9,88,76,21,82,88
2025-W19,2025-05-05,Nyaruguru,Southern,300000,1642,1578,603,5,0,0.382,63.1,21.1,88,76,21,82,88
2025-W20,2025-05-12,Nyaruguru,Southern,300000,1784,1581,625,9,0,0.395,59.0,21.0,88,76,21,82,88
2025-W21,2025-05-19,Nyaruguru,Southern,300000,1713,1498,667,6,0,0.445,40.1,20.5,88,76,21,82,90
2025-W22,2025-05-26,Nyaruguru,Southern,300000,1634,1478,745,10,0,0.504,38.4,20.5,88,76,21,82,90
2025-W23,2025-06-02,Nyaruguru,Southern,300000,1672,1609,794,14,0,0.493,42.1,21.2,88,76,21,82,90
2025-W24,2025-06-09,Nyaruguru,Southern,300000,1832,1662,821,12,1,0.494,27.3,20.7,88,76,21,82,90
2025-W25,2025-06-16,Nyaruguru,Southern,300000,1848,1706,848,9,0,0.497,15.4,20.2,88,76,21,82,88
2025-W26,2025-06-23,Nyaruguru,Southern,300000,1924,1711,799,12,0,0.467,18.0,20.6,88,73,21,82,91
2025-W27,2025-06-30,Nyaruguru,Southern,300000,1639,1573,720,12,0,0.458,14.3,20.8,88,73,21,82,91
2025-W28,2025-07-07,Nyaruguru,Southern,300000,1771,1609,646,6,0,0.401,15.7,20.2,88,73,21,82,89
2025-W29,2025-07-14,Nyaruguru,Southern,300000,1937,1814,593,8,0,0.327,14.0,20.3,88,73,21,82,88
2025-W30,2025-07-21,Nyaruguru,Southern,300000,1610,1521,496,5,0,0.326,18.1,19.7,88,73,21,82,89
2025-W31,2025-07-28,Nyaruguru,Southern,300000,1866,1679,476,4,0,0.284,16.7,20.1,88,73,21,82,88
2025-W32,2025-08-04,Nyaruguru,Southern,300000,1966,1842,407,8,0,0.221,23.0,19.8,88,73,21,82,88
2025-W33,2025-08-11,Nyaruguru,Southern,300000,1915,1835,387,6,0,0.211,23.7,18.8,88,73,21,82,90
2025-W34,2025-08-18,Nyaruguru,Southern,300000,2241,1975,370,4,0,0.187,32.0,19.0,88,73,21,82,89
2025-W35,2025-08-25,Nyaruguru,Southern,300000,1814,1608,327,4,0,0.203,31.3,18.7,88,73,21,82,88
2025-W36,2025-09-01,Nyaruguru,Southern,300000,2318,2161,332,6,0,0.154,48.7,18.4,88,73,21,82,91
2025-W37,2025-09-08,Nyaruguru,Southern,300000,1694,1637,298,4,0,0.182,44.3,18.1,88,73,21,82,89
2025-W38,2025-09-15,Nyaruguru,Southern,300000,1653,1560,283,4,0,0.181,67.2,18.8,88,73,21,82,90
2025-W39,2025-09-22,Nyaruguru,Southern,300000,1974,1764,324,5,0,0.184,79.7,18.6,88,73,21,82,91
2025-W40,2025-09-29,Nyaruguru,Southern,300000,1853,1718,306,4,0,0.178,74.5,17.9,88,73,21,82,90
2025-W41,2025-10-06,Nyaruguru,Southern,300000,1680,1489,302,3,0,0.203,74.1,17.6,88,76,21,82,90
2025-W42,2025-10-13,Nyaruguru,Southern,300000,1987,1770,347,3,0,0.196,78.7,18.2,88,76,21,82,90
2025-W43,2025-10-20,Nyaruguru,Southern,300000,1894,1754,431,6,0,0.246,80.0,18.5,88,76,21,82,87
2025-W44,2025-10-27,Nyaruguru,Southern,300000,1727,1624,450,8,0,0.277,63.4,18.1,88,76,21,82,88
2025-W45,2025-11-03,Nyaruguru,Southern,300000,1889,1691,518,10,0,0.306,48.6,17.3,88,76,21,82,90
2025-W46,2025-11-10,Nyaruguru,Southern,300000,2006,1881,715,13,0,0.38,43.6,18.2,88,76,21,82,89
2025-W47,2025-11-17,Nyaruguru,Southern,300000,1646,1521,670,8,0,0.44,25.5,17.6,88,76,21,82,88
2025-W48,2025-11-24,Nyaruguru,Southern,300000,1677,1563,782,15,0,0.5,25.2,17.6,88,76,21,82,88
2025-W49,2025-12-01,Nyaruguru,Southern,300000,1726,1531,841,10,0,0.549,27.0,18.7,88,76,21,82,89
2025-W50,2025-12-08,Nyaruguru,Southern,300000,1621,1414,804,14,0,0.569,20.2,17.8,88,76,21,82,91
2025-W51,2025-12-15,Nyaruguru,Southern,300000,1871,1640,840,10,0,0.512,15.8,18.4,88,76,21,82,88
2025-W52,2025-12-22,Nyaruguru,Southern,300000,1536,1414,697,12,0,0.493,16.8,18.5,88,76,21,82,89
2026-W01,2025-12-29,Nyaruguru,Southern,300000,1678,1537,681,6,0,0.443,16.6,18.3,88,76,21,82,89
2026-W02,2026-01-05,Nyaruguru,Southern,300000,1677,1582,579,8,0,0.366,14.8,18.8,88,76,21,82,87
2026-W03,2026-01-12,Nyaruguru,Southern,300000,1863,1661,535,10,0,0.322,18.0,18.8,88,76,21,82,91
2026-W04,2026-01-19,Nyaruguru,Southern,300000,1649,1534,463,5,0,0.302,17.2,18.8,88,76,21,82,88
2026-W05,2026-01-26,Nyaruguru,Southern,300000,2083,1872,435,5,0,0.232,19.1,19.1,88,76,21,82,88
2026-W06,2026-02-02,Nyaruguru,Southern,300000,1810,1742,320,4,0,0.184,23.6,19.9,88,76,21,82,91
2026-W07,2026-02-09,Nyaruguru,Southern,300000,1881,1820,307,4,0,0.169,26.0,19.5,88,76,21,82,88
2026-W08,2026-02-16,Nyaruguru,Southern,300000,1857,1657,310,6,0,0.187,35.8,20.0,88,76,21,82,88
2026-W09,2026-02-23,Nyaruguru,Southern,300000,2138,1868,282,3,0,0.151,44.1,20.5,88,76,21,82,89
2026-W10,2026-03-02,Nyaruguru,Southern,300000,2028,1903,282,5,0,0.148,49.9,20.0,88,76,21,82,87
2026-W11,2026-03-09,Nyaruguru,Southern,300000,2185,1951,310,5,0,0.159,65.4,20.5,88,76,21,82,89
2026-W12,2026-03-16,Nyaruguru,Southern,300000,2005,1774,275,3,0,0.155,81.9,20.9,88,76,21,82,91
2026-W13,2026-03-23,Nyaruguru,Southern,300000,1909,1667,324,4,0,0.194,67.3,20.7,88,76,21,82,89
2026-W14,2026-03-30,Nyaruguru,Southern,300000,1637,1560,305,6,0,0.196,90.3,21.1,88,76,21,82,88
2026-W15,2026-04-06,Nyaruguru,Southern,300000,1722,1509,333,3,0,0.221,75.8,20.6,88,76,21,82,89
2026-W16,2026-04-13,Nyaruguru,Southern,300000,1655,1553,403,5,0,0.259,105.5,20.9,88,76,21,82,88
2026-W17,2026-04-20,Nyaruguru,Southern,300000,1932,1830,459,7,0,0.251,76.7,21.1,88,76,21,82,90
2026-W18,2026-04-27,Nyaruguru,Southern,300000,1822,1660,515,8,0,0.31,83.1,21.3,88,76,21,82,90
2026-W19,2026-05-04,Nyaruguru,Southern,300000,1901,1741,575,6,0,0.33,56.3,21.1,88,76,21,82,88
2026-W20,2026-05-11,Nyaruguru,Southern,300000,1829,1671,717,9,0,0.429,57.5,20.7,88,76,21,82,89
2026-W21,2026-05-18,Nyaruguru,Southern,300000,1562,1449,691,7,0,0.477,41.3,21.2,88,76,21,82,88
2026-W22,2026-05-25,Nyaruguru,Southern,300000,1699,1517,756,8,0,0.498,33.6,21.1,88,76,21,82,91
2026-W23,2026-06-01,Nyaruguru,Southern,300000,1697,1599,790,14,1,0.494,24.7,21.4,88,76,21,82,89
2026-W24,2026-06-08,Nyaruguru,Southern,300000,1588,1537,791,13,0,0.515,22.1,20.3,88,76,21,82,90
2026-W25,2026-06-15,Nyaruguru,Southern,300000,1420,1361,718,12,1,0.528,22.6,20.4,88,76,21,82,89
2026-W26,2026-06-22,Nyaruguru,Southern,300000,1524,1434,723,13,1,0.504,18.6,20.1,88,73,21,82,87
2026-W27,2026-06-29,Nyaruguru,Southern,300000,1841,1616,683,6,0,0.423,17.3,20.6,88,73,21,82,87
2026-W28,2026-07-06,Nyaruguru,Southern,300000,1510,1323,563,7,0,0.426,15.6,19.8,88,73,21,82,88
2026-W29,2026-07-13,Nyaruguru,Southern,300000,2013,1751,595,6,0,0.34,17.0,20.3,88,73,21,82,90
2026-W30,2026-07-20,Nyaruguru,Southern,300000,1672,1476,480,9,0,0.325,14.2,19.5,88,73,21,82,91
2026-W31,2026-07-27,Nyaruguru,Southern,300000,1802,1723,439,6,0,0.255,13.7,19.9,88,73,21,82,91
2026-W32,2026-08-03,Nyaruguru,Southern,300000,1541,1415,361,4,0,0.255,13.4,19.0,88,73,21,82,90
2026-W33,2026-08-10,Nyaruguru,Southern,300000,1671,1591,359,6,0,0.226,19.3,19.1,88,73,21,82,90
2026-W34,2026-08-17,Nyaruguru,Southern,300000,1710,1647,330,5,0,0.2,34.2,19.6,88,73,21,82,87
2026-W35,2026-08-24,Nyaruguru,Southern,300000,1839,1610,286,4,0,0.178,29.9,19.4,88,73,21,82,90
2026-W36,2026-08-31,Nyaruguru,Southern,300000,1747,1654,290,3,0,0.175,48.3,18.7,88,73,21,82,89
2026-W37,2026-09-07,Nyaruguru,Southern,300000,1856,1639,275,3,0,0.168,41.0,18.9,88,73,21,82,89
2026-W38,2026-09-14,Nyaruguru,Southern,300000,1949,1793,287,5,0,0.16,59.8,18.8,88,73,21,82,87
2026-W39,2026-09-21,Nyaruguru,Southern,300000,2046,1805,323,4,0,0.179,68.0,17.7,88,73,21,82,90
2026-W40,2026-09-28,Nyaruguru,Southern,300000,1643,1577,296,3,0,0.188,53.5,17.7,88,73,21,82,89
2023-W01,2023-01-02,Muhanga,Southern,350000,1402,1279,544,6,0,0.425,15.1,19.0,89,78,0,82,90
2023-W02,2023-01-09,Muhanga,Southern,350000,1231,1190,429,7,0,0.361,12.4,19.1,89,78,0,82,86
2023-W03,2023-01-16,Muhanga,Southern,350000,1386,1298,397,5,0,0.306,16.1,19.3,89,78,0,82,89
2023-W04,2023-01-23,Muhanga,Southern,350000,1094,956,296,4,0,0.31,17.9,19.6,89,78,0,82,86
2023-W05,2023-01-30,Muhanga,Southern,350000,1113,974,260,3,0,0.267,29.8,19.3,89,78,0,82,86
2023-W06,2023-02-06,Muhanga,Southern,350000,1423,1264,265,3,0,0.21,24.5,19.6,89,78,0,82,86
2023-W07,2023-02-13,Muhanga,Southern,350000,1244,1124,214,4,0,0.19,31.7,19.9,89,78,0,82,86
2023-W08,2023-02-20,Muhanga,Southern,350000,1101,1016,194,4,0,0.191,32.9,19.7,89,78,0,82,88
2023-W09,2023-02-27,Muhanga,Southern,350000,1323,1231,240,4,0,0.195,46.5,20.5,89,78,0,82,86
2023-W10,2023-03-06,Muhanga,Southern,350000,1432,1382,225,3,0,0.163,58.4,20.1,89,78,0,82,86
2023-W11,2023-03-13,Muhanga,Southern,350000,1476,1317,200,2,0,0.152,51.5,19.9,89,78,0,82,87
2023-W12,2023-03-20,Muhanga,Southern,350000,1323,1276,203,2,0,0.159,45.4,20.7,89,78,0,82,87
2023-W13,2023-03-27,Muhanga,Southern,350000,1574,1450,241,4,0,0.166,71.3,20.4,89,78,0,82,87
2023-W14,2023-04-03,Muhanga,Southern,350000,1514,1349,241,3,0,0.179,60.8,20.5,89,78,0,82,89
2023-W15,2023-04-10,Muhanga,Southern,350000,1336,1256,250,5,0,0.199,93.7,20.8,89,78,0,82,87
2023-W16,2023-04-17,Muhanga,Southern,350000,1320,1251,260,4,0,0.208,76.4,21.5,89,78,0,82,86
2023-W17,2023-04-24,Muhanga,Southern,350000,1091,1014,290,2,0,0.286,73.0,21.5,89,78,0,82,90
2023-W18,2023-05-01,Muhanga,Southern,350000,1419,1240,352,5,0,0.284,50.3,21.6,89,78,0,82,87
2023-W19,2023-05-08,Muhanga,Southern,350000,1415,1243,421,5,0,0.339,67.7,21.7,89,78,0,82,88
2023-W20,2023-05-15,Muhanga,Southern,350000,1156,1084,414,7,0,0.382,41.2,21.3,89,78,0,82,86
2023-W21,2023-05-22,Muhanga,Southern,350000,1163,1053,456,6,0,0.433,33.4,20.9,89,78,0,82,86
2023-W22,2023-05-29,Muhanga,Southern,350000,1204,1079,514,6,0,0.476,28.4,21.1,89,78,0,82,90
2023-W23,2023-06-05,Muhanga,Southern,350000,1276,1191,573,10,1,0.481,23.7,21.1,89,78,0,82,89
2023-W24,2023-06-12,Muhanga,Southern,350000,1350,1256,621,8,0,0.494,21.1,21.1,89,78,0,82,86
2023-W25,2023-06-19,Muhanga,Southern,350000,1285,1200,608,7,0,0.507,22.3,20.1,89,78,0,82,90
2023-W26,2023-06-26,Muhanga,Southern,350000,1237,1115,545,10,0,0.489,13.9,20.4,89,75,0,82,90
2023-W27,2023-07-03,Muhanga,Southern,350000,1273,1151,508,5,0,0.441,17.0,20.2,89,75,0,82,87
2023-W28,2023-07-10,Muhanga,Southern,350000,1323,1232,480,5,0,0.39,19.6,19.9,89,75,0,82,86
2023-W29,2023-07-17,Muhanga,Southern,350000,1163,1038,393,6,0,0.379,15.8,19.6,89,75,0,82,89
2023-W30,2023-07-24,Muhanga,Southern,350000,1158,1077,332,3,0,0.308,15.7,19.9,89,75,0,82,90
2023-W31,2023-07-31,Muhanga,Southern,350000,1098,1057,277,5,0,0.262,22.1,19.1,89,75,0,82,89
2023-W32,2023-08-07,Muhanga,Southern,350000,1322,1257,289,4,0,0.23,17.2,19.2,89,75,0,82,88
2023-W33,2023-08-14,Muhanga,Southern,350000,1210,1089,211,2,0,0.194,22.8,19.2,89,75,0,82,87
2023-W34,2023-08-21,Muhanga,Southern,350000,1301,1152,205,2,0,0.178,21.9,18.7,89,75,0,82,90
2023-W35,2023-08-28,Muhanga,Southern,350000,1123,1072,219,4,0,0.204,37.5,19.5,89,75,0,82,88
2023-W36,2023-09-04,Muhanga,Southern,350000,1379,1300,229,4,0,0.176,43.1,19.2,89,75,0,82,88
2023-W37,2023-09-11,Muhanga,Southern,350000,1385,1218,225,3,0,0.185,68.2,18.8,89,75,0,82,88
2023-W38,2023-09-18,Muhanga,Southern,350000,1228,1176,223,3,0,0.19,58.3,18.2,89,75,0,82,90
2023-W39,2023-09-25,Muhanga,Southern,350000,1235,1109,204,4,0,0.184,60.9,18.2,89,75,0,82,89
2023-W40,2023-10-02,Muhanga,Southern,350000,1242,1082,203,3,0,0.188,95.0,17.9,89,75,0,82,88
2023-W41,2023-10-09,Muhanga,Southern,350000,1193,1136,247,5,0,0.217,81.1,18.3,89,78,0,82,89
2023-W42,2023-10-16,Muhanga,Southern,350000,1227,1076,239,4,0,0.222,78.5,18.3,89,78,0,82,86
2023-W43,2023-10-23,Muhanga,Southern,350000,1368,1220,278,3,0,0.228,51.6,17.8,89,78,0,82,89
2023-W44,2023-10-30,Muhanga,Southern,350000,1050,948,281,4,0,0.296,66.5,18.2,89,78,0,82,86
2023-W45,2023-11-06,Muhanga,Southern,350000,1265,1190,366,3,0,0.308,41.9,18.3,89,78,0,82,87
2023-W46,2023-11-13,Muhanga,Southern,350000,1280,1212,457,5,0,0.377,32.5,17.3,89,78,0,82,89
2023-W47,2023-11-20,Muhanga,Southern,350000,1297,1192,517,9,0,0.434,28.4,18.4,89,78,0,82,86
2023-W48,2023-11-27,Muhanga,Southern,350000,1216,1091,553,8,0,0.507,16.0,17.9,89,78,0,82,90
2023-W49,2023-12-04,Muhanga,Southern,350000,1206,1124,616,10,0,0.548,27.7,18.7,89,78,0,82,87
2023-W50,2023-12-11,Muhanga,Southern,350000,1224,1112,610,8,0,0.549,18.4,17.9,89,78,0,82,87
2023-W51,2023-12-18,Muhanga,Southern,350000,1227,1153,627,8,0,0.544,16.1,18.5,89,78,0,82,90
2023-W52,2023-12-25,Muhanga,Southern,350000,1242,1101,570,10,1,0.518,14.6,18.8,89,78,0,82,87
2024-W01,2024-01-01,Muhanga,Southern,350000,1233,1167,528,6,0,0.452,16.0,18.1,89,78,0,82,90
2024-W02,2024-01-08,Muhanga,Southern,350000,1295,1257,461,7,0,0.367,13.8,18.8,89,78,0,82,87
2024-W03,2024-01-15,Muhanga,Southern,350000,1137,1089,393,7,0,0.361,17.9,18.9,89,78,0,82,89
2024-W04,2024-01-22,Muhanga,Southern,350000,1347,1183,304,3,0,0.257,20.2,18.9,89,78,0,82,88
2024-W05,2024-01-29,Muhanga,Southern,350000,1288,1151,311,4,0,0.27,34.1,19.6,89,78,0,82,89
2024-W06,2024-02-05,Muhanga,Southern,350000,1551,1406,287,4,0,0.204,23.6,19.6,89,78,0,82,89
2024-W07,2024-02-12,Muhanga,Southern,350000,1515,1468,261,4,0,0.178,33.6,19.3,89,78,0,82,89
2024-W08,2024-02-19,Muhanga,Southern,350000,1389,1318,256,4,0,0.194,29.6,20.5,89,78,0,82,86
2024-W09,2024-02-26,Muhanga,Southern,350000,1605,1515,238,2,0,0.157,44.3,20.6,89,78,0,82,88
2024-W10,2024-03-04,Muhanga,Southern,350000,1261,1167,218,2,0,0.187,53.0,20.4,89,78,0,82,89
2024-W11,2024-03-11,Muhanga,Southern,350000,1518,1437,272,3,0,0.189,56.9,20.0,89,78,0,82,88
2024-W12,2024-03-18,Muhanga,Southern,350000,1842,1712,251,5,0,0.147,81.4,20.3,89,78,0,82,87
2024-W13,2024-03-25,Muhanga,Southern,350000,1756,1608,274,3,0,0.17,94.3,21.0,89,78,0,82,87
2024-W14,2024-04-01,Muhanga,Southern,350000,1689,1522,249,3,0,0.164,49.5,20.8,89,78,0,82,86
2024-W15,2024-04-08,Muhanga,Southern,350000,1436,1290,287,3,0,0.222,65.1,21.3,89,78,0,82,87
2024-W16,2024-04-15,Muhanga,Southern,350000,1714,1657,344,3,0,0.208,57.2,20.5,89,78,0,82,86
2024-W17,2024-04-22,Muhanga,Southern,350000,1444,1374,394,6,0,0.287,87.9,21.4,89,78,0,82,90
2024-W18,2024-04-29,Muhanga,Southern,350000,1723,1546,451,7,0,0.292,73.2,21.1,89,78,0,82,86
2024-W19,2024-05-06,Muhanga,Southern,350000,1636,1473,490,6,0,0.333,74.2,21.4,89,78,0,82,88
2024-W20,2024-05-13,Muhanga,Southern,350000,1622,1469,565,6,0,0.385,40.9,20.8,89,78,0,82,89
2024-W21,2024-05-20,Muhanga,Southern,350000,1586,1521,639,11,0,0.42,33.0,20.9,89,78,0,82,87
2024-W22,2024-05-27,Muhanga,Southern,350000,1540,1349,693,9,0,0.514,33.6,21.2,89,78,0,82,87
2024-W23,2024-06-03,Muhanga,Southern,350000,1456,1347,696,9,0,0.517,22.5,20.4,89,78,0,82,89
2024-W24,2024-06-10,Muhanga,Southern,350000,1724,1564,784,15,0,0.501,23.7,20.5,89,78,0,82,88
2024-W25,2024-06-17,Muhanga,Southern,350000,1563,1438,720,10,0,0.501,24.2,20.1,89,78,0,82,87
2024-W26,2024-06-24,Muhanga,Southern,350000,1583,1482,742,14,0,0.501,13.3,20.1,89,75,0,82,89
2024-W27,2024-07-01,Muhanga,Southern,350000,1633,1427,613,6,0,0.43,19.0,19.9,89,75,0,82,90
2024-W28,2024-07-08,Muhanga,Southern,350000,1485,1359,575,5,0,0.423,13.1,20.5,89,75,0,82,87
2024-W29,2024-07-15,Muhanga,Southern,350000,1515,1413,529,7,0,0.374,13.3,20.3,89,75,0,82,87
2024-W30,2024-07-22,Muhanga,Southern,350000,1624,1528,482,7,0,0.315,16.5,20.5,89,75,0,82,87
2024-W31,2024-07-29,Muhanga,Southern,350000,1617,1462,400,3,0,0.274,20.3,19.3,89,75,0,82,87
2024-W32,2024-08-05,Muhanga,Southern,350000,2092,1878,431,6,0,0.229,25.2,20.1,89,75,0,82,88
2024-W33,2024-08-12,Muhanga,Southern,350000,2082,1856,342,4,0,0.184,21.9,19.6,89,75,0,82,89
2024-W34,2024-08-19,Muhanga,Southern,350000,1677,1491,288,4,0,0.193,25.0,18.6,89,75,0,82,89
2024-W35,2024-08-26,Muhanga,Southern,350000,1990,1763,365,4,0,0.207,38.4,18.6,89,75,0,82,88
2024-W36,2024-09-02,Muhanga,Southern,350000,1919,1731,313,6,0,0.181,47.5,19.3,89,75,0,82,88
2024-W37,2024-09-09,Muhanga,Southern,350000,2389,2119,295,4,0,0.139,49.4,18.3,89,75,0,82,89
2024-W38,2024-09-16,Muhanga,Southern,350000,2266,2137,321,4,0,0.15,58.6,18.5,89,75,0,82,88
2024-W39,2024-09-23,Muhanga,Southern,350000,1713,1657,268,3,0,0.162,60.7,18.8,89,75,0,82,90
2024-W40,2024-09-30,Muhanga,Southern,350000,1884,1782,337,6,0,0.189,68.2,18.5,89,75,0,82,88
2024-W41,2024-10-07,Muhanga,Southern,350000,1756,1683,304,3,0,0.181,68.9,17.9,89,78,0,82,86
2024-W42,2024-10-14,Muhanga,Southern,350000,1910,1717,339,5,0,0.197,82.0,17.8,89,78,0,82,86
2024-W43,2024-10-21,Muhanga,Southern,350000,2290,2163,472,6,1,0.218,52.7,18.4,89,78,0,82,88
2024-W44,2024-10-28,Muhanga,Southern,350000,1702,1511,444,5,0,0.294,55.9,18.0,89,78,0,82,88
2024-W45,2024-11-04,Muhanga,Southern,350000,1964,1752,541,11,0,0.309,53.9,17.7,89,78,0,82,86
2024-W46,2024-11-11,Muhanga,Southern,350000,1761,1650,625,10,0,0.379,52.2,17.9,89,78,0,82,90
2024-W47,2024-11-18,Muhanga,Southern,350000,1941,1831,785,7,0,0.429,47.0,17.8,89,78,0,82,89
2024-W48,2024-11-25,Muhanga,Southern,350000,1911,1768,902,17,1,0.51,28.7,18.0,89,78,0,82,89
2024-W49,2024-12-02,Muhanga,Southern,350000,1715,1587,850,9,0,0.536,32.4,18.6,89,78,0,82,89
2024-W50,2024-12-09,Muhanga,Southern,350000,1836,1627,862,12,0,0.53,23.9,18.1,89,78,0,82,86
2024-W51,2024-12-16,Muhanga,Southern,350000,1546,1356,743,11,1,0.548,15.8,17.9,89,78,0,82,90
2024-W52,2024-12-23,Muhanga,Southern,350000,1881,1796,875,9,0,0.487,13.4,18.8,89,78,0,82,89
2025-W01,2024-12-30,Muhanga,Southern,350000,1814,1625,737,8,0,0.454,15.1,18.8,89,78,0,82,87
2025-W02,2025-01-06,Muhanga,Southern,350000,1984,1746,653,11,0,0.374,15.7,19.0,89,78,0,82,86
2025-W03,2025-01-13,Muhanga,Southern,350000,1856,1623,560,11,0,0.345,18.2,18.4,89,78,0,82,89
2025-W04,2025-01-20,Muhanga,Southern,350000,1944,1857,483,7,0,0.26,17.4,18.7,89,78,0,82,86
2025-W05,2025-01-27,Muhanga,Southern,350000,2045,1819,448,6,0,0.246,20.1,19.1,89,78,0,82,90
2025-W06,2025-02-03,Muhanga,Southern,350000,2316,2175,395,7,0,0.182,20.1,19.0,89,78,0,82,87
2025-W07,2025-02-10,Muhanga,Southern,350000,2103,1918,336,3,0,0.175,41.8,19.3,89,78,0,82,88
2025-W08,2025-02-17,Muhanga,Southern,350000,2220,2004,343,3,0,0.171,39.9,20.1,89,78,0,82,89
2025-W09,2025-02-24,Muhanga,Southern,350000,2649,2372,342,4,0,0.144,57.2,20.0,89,78,0,82,86
2025-W10,2025-03-03,Muhanga,Southern,350000,2114,1930,308,3,0,0.16,52.6,20.6,89,78,0,82,87
2025-W11,2025-03-10,Muhanga,Southern,350000,2025,1949,291,5,0,0.149,66.0,20.3,89,78,0,82,86
2025-W12,2025-03-17,Muhanga,Southern,350000,1914,1728,313,5,0,0.181,67.6,20.6,89,78,0,82,88
2025-W13,2025-03-24,Muhanga,Southern,350000,2331,2257,360,3,0,0.16,87.6,20.6,89,78,0,82,88
2025-W14,2025-03-31,Muhanga,Southern,350000,2670,2404,390,7,0,0.162,70.8,20.3,89,78,0,82,86
2025-W15,2025-04-07,Muhanga,Southern,350000,2729,2424,445,5,0,0.184,76.9,20.8,89,78,0,82,88
2025-W16,2025-04-14,Muhanga,Southern,350000,2192,2011,433,5,0,0.215,72.8,20.6,89,78,0,82,89
2025-W17,2025-04-21,Muhanga,Southern,350000,2083,1932,471,8,0,0.244,65.6,20.6,89,78,0,82,90
2025-W18,2025-04-28,Muhanga,Southern,350000,1991,1896,612,6,0,0.323,71.5,20.9,89,78,0,82,86
2025-W19,2025-05-05,Muhanga,Southern,350000,1643,1508,569,6,0,0.377,60.5,21.0,89,78,0,82,86
2025-W20,2025-05-12,Muhanga,Southern,350000,1871,1778,734,10,0,0.413,50.5,21.6,89,78,0,82,89
2025-W21,2025-05-19,Muhanga,Southern,350000,1806,1678,756,11,0,0.451,38.7,21.6,89,78,0,82,86
2025-W22,2025-05-26,Muhanga,Southern,350000,1770,1552,753,8,0,0.485,28.9,21.6,89,78,0,82,87
2025-W23,2025-06-02,Muhanga,Southern,350000,2068,1864,1003,10,0,0.538,30.5,20.4,89,78,0,82,88
2025-W24,2025-06-09,Muhanga,Southern,350000,2036,1938,959,14,0,0.495,21.9,20.4,89,78,0,82,90
2025-W25,2025-06-16,Muhanga,Southern,350000,2146,1980,1010,16,0,0.51,27.3,20.7,89,78,0,82,88
2025-W26,2025-06-23,Muhanga,Southern,350000,1859,1772,872,16,0,0.492,11.1,20.9,89,75,0,82,89
2025-W27,2025-06-30,Muhanga,Southern,350000,1831,1650,745,15,0,0.452,13.5,20.8,89,75,0,82,88
2025-W28,2025-07-07,Muhanga,Southern,350000,1858,1645,711,7,0,0.432,18.0,19.9,89,75,0,82,89
2025-W29,2025-07-14,Muhanga,Southern,350000,1726,1586,572,8,0,0.361,19.1,20.3,89,75,0,82,90
2025-W30,2025-07-21,Muhanga,Southern,350000,2714,2365,665,7,1,0.281,12.3,20.1,89,75,0,82,86
2025-W31,2025-07-28,Muhanga,Southern,350000,1923,1686,470,8,0,0.279,20.1,19.8,89,75,0,82,86
2025-W32,2025-08-04,Muhanga,Southern,350000,2269,2043,424,6,0,0.208,23.3,19.3,89,75,0,82,89
2025-W33,2025-08-11,Muhanga,Southern,350000,1986,1758,376,4,0,0.214,18.5,18.9,89,75,0,82,88
2025-W34,2025-08-18,Muhanga,Southern,350000,1777,1620,332,6,0,0.205,25.2,19.5,89,75,0,82,86
2025-W35,2025-08-25,Muhanga,Southern,350000,2183,2035,372,3,0,0.183,31.3,18.7,89,75,0,82,87
2025-W36,2025-09-01,Muhanga,Southern,350000,2990,2655,376,6,0,0.142,52.2,18.9,89,75,0,82,89
2025-W37,2025-09-08,Muhanga,Southern,350000,2024,1849,352,3,0,0.19,53.0,18.7,89,75,0,82,87
2025-W38,2025-09-15,Muhanga,Southern,350000,2173,2032,356,7,0,0.175,56.2,18.1,89,75,0,82,90
2025-W39,2025-09-22,Muhanga,Southern,350000,2176,1955,327,3,0,0.167,55.2,17.9,89,75,0,82,87
2025-W40,2025-09-29,Muhanga,Southern,350000,1665,1574,315,6,0,0.2,57.8,18.0,89,75,0,82,86
2025-W41,2025-10-06,Muhanga,Southern,350000,1821,1710,341,3,0,0.199,76.2,18.7,89,78,0,82,86
2025-W42,2025-10-13,Muhanga,Southern,350000,1826,1700,391,6,0,0.23,64.1,17.8,89,78,0,82,88
2025-W43,2025-10-20,Muhanga,Southern,350000,2097,1916,447,7,0,0.233,44.5,17.5,89,78,0,82,88
2025-W44,2025-10-27,Muhanga,Southern,350000,2055,1813,549,9,0,0.303,59.8,17.7,89,78,0,82,88
2025-W45,2025-11-03,Muhanga,Southern,350000,1711,1547,562,6,0,0.363,46.1,18.5,89,78,0,82,90
2025-W46,2025-11-10,Muhanga,Southern,350000,1940,1773,676,6,1,0.381,45.3,18.2,89,78,0,82,90
2025-W47,2025-11-17,Muhanga,Southern,350000,2212,1966,913,9,0,0.464,31.3,18.2,89,78,0,82,90
2025-W48,2025-11-24,Muhanga,Southern,350000,2141,1927,919,13,1,0.477,24.7,18.5,89,78,0,82,90
2025-W49,2025-12-01,Muhanga,Southern,350000,1718,1575,809,14,0,0.514,18.3,17.7,89,78,0,82,90
2025-W50,2025-12-08,Muhanga,Southern,350000,2159,2032,1078,13,0,0.531,26.4,18.7,89,78,0,82,90
2025-W51,2025-12-15,Muhanga,Southern,350000,1712,1609,889,9,0,0.553,16.8,18.0,89,78,0,82,86
2025-W52,2025-12-22,Muhanga,Southern,350000,2254,2047,953,14,1,0.466,14.0,18.7,89,78,0,82,89
2026-W01,2025-12-29,Muhanga,Southern,350000,2080,1890,837,13,0,0.443,16.6,19.0,89,78,0,82,86
2026-W02,2026-01-05,Muhanga,Southern,350000,1743,1610,662,6,1,0.411,16.9,19.3,89,78,0,82,89
2026-W03,2026-01-12,Muhanga,Southern,350000,1642,1518,537,6,0,0.354,18.0,18.4,89,78,0,82,86
2026-W04,2026-01-19,Muhanga,Southern,350000,1993,1792,482,5,0,0.269,12.3,19.7,89,78,0,82,90
2026-W05,2026-01-26,Muhanga,Southern,350000,1733,1621,439,8,0,0.271,18.6,19.7,89,78,0,82,87
2026-W06,2026-02-02,Muhanga,Southern,350000,2303,2056,390,4,0,0.19,24.7,19.3,89,78,0,82,89
2026-W07,2026-02-09,Muhanga,Southern,350000,1968,1737,381,6,0,0.219,28.5,19.5,89,78,0,82,88
2026-W08,2026-02-16,Muhanga,Southern,350000,2059,1837,340,5,0,0.185,49.8,19.5,89,78,0,82,90
2026-W09,2026-02-23,Muhanga,Southern,350000,1886,1680,320,6,0,0.19,39.9,20.6,89,78,0,82,90
2026-W10,2026-03-02,Muhanga,Southern,350000,1946,1787,338,4,0,0.189,60.4,20.1,89,78,0,82,86
2026-W11,2026-03-09,Muhanga,Southern,350000,2191,1989,307,4,0,0.154,62.9,19.9,89,78,0,82,86
2026-W12,2026-03-16,Muhanga,Southern,350000,2418,2175,336,3,0,0.154,40.3,20.5,89,78,0,82,89
2026-W13,2026-03-23,Muhanga,Southern,350000,2321,2030,318,4,0,0.157,102.2,21.2,89,78,0,82,90
2026-W14,2026-03-30,Muhanga,Southern,350000,1949,1720,357,5,0,0.208,78.5,20.6,89,78,0,82,87
2026-W15,2026-04-06,Muhanga,Southern,350000,2255,1969,382,7,0,0.194,75.9,20.6,89,78,0,82,87
2026-W16,2026-04-13,Muhanga,Southern,350000,2022,1886,420,5,0,0.223,92.2,20.6,89,78,0,82,90
2026-W17,2026-04-20,Muhanga,Southern,350000,1998,1819,502,6,0,0.276,61.7,20.6,89,78,0,82,88
2026-W18,2026-04-27,Muhanga,Southern,350000,2020,1822,564,7,1,0.31,52.5,21.7,89,78,0,82,86
2026-W19,2026-05-04,Muhanga,Southern,350000,1727,1663,596,10,0,0.358,64.5,21.0,89,78,0,82,86
2026-W20,2026-05-11,Muhanga,Southern,350000,2011,1798,724,13,0,0.403,49.8,21.0,89,78,0,82,88
2026-W21,2026-05-18,Muhanga,Southern,350000,1759,1623,750,14,0,0.462,39.9,20.5,89,78,0,82,89
2026-W22,2026-05-25,Muhanga,Southern,350000,1953,1728,858,13,1,0.497,45.6,20.8,89,78,0,82,88
2026-W23,2026-06-01,Muhanga,Southern,350000,2115,1925,927,9,0,0.482,29.0,21.0,89,78,0,82,87
2026-W24,2026-06-08,Muhanga,Southern,350000,2036,1871,959,13,1,0.513,28.0,21.1,89,78,0,82,90
2026-W25,2026-06-15,Muhanga,Southern,350000,1889,1673,835,7,0,0.499,25.8,21.2,89,78,0,82,87
2026-W26,2026-06-22,Muhanga,Southern,350000,2138,1861,874,13,0,0.47,21.4,21.1,89,75,0,82,89
2026-W27,2026-06-29,Muhanga,Southern,350000,2038,1787,757,7,0,0.424,14.8,20.1,89,75,0,82,89
2026-W28,2026-07-06,Muhanga,Southern,350000,2238,1956,738,14,0,0.377,13.3,20.3,89,75,0,82,88
2026-W29,2026-07-13,Muhanga,Southern,350000,1763,1613,583,10,0,0.361,15.2,19.9,89,75,0,82,90
2026-W30,2026-07-20,Muhanga,Southern,350000,1619,1533,496,5,0,0.324,12.1,20.0,89,75,0,82,90
2026-W31,2026-07-27,Muhanga,Southern,350000,1988,1803,456,8,0,0.253,27.3,19.8,89,75,0,82,87
2026-W32,2026-08-03,Muhanga,Southern,350000,2586,2369,498,5,0,0.21,18.9,19.0,89,75,0,82,88
2026-W33,2026-08-10,Muhanga,Southern,350000,1555,1471,347,4,0,0.236,22.7,19.5,89,75,0,82,86
2026-W34,2026-08-17,Muhanga,Southern,350000,2037,1898,406,6,0,0.214,27.0,19.4,89,75,0,82,87
2026-W35,2026-08-24,Muhanga,Southern,350000,1785,1709,355,5,0,0.208,28.1,19.1,89,75,0,82,90
2026-W36,2026-08-31,Muhanga,Southern,350000,1990,1914,318,5,0,0.166,40.5,19.0,89,75,0,82,89
2026-W37,2026-09-07,Muhanga,Southern,350000,2104,2029,354,6,0,0.174,49.5,18.8,89,75,0,82,87
2026-W38,2026-09-14,Muhanga,Southern,350000,2242,1986,336,6,0,0.169,65.0,18.6,89,75,0,82,87
2026-W39,2026-09-21,Muhanga,Southern,350000,2046,1902,337,3,0,0.177,61.5,18.6,89,75,0,82,86
2026-W40,2026-09-28,Muhanga,Southern,350000,1999,1809,349,3,0,0.193,61.0,18.3,89,75,0,82,90
2023-W01,2023-01-02,Rulindo,Northern,290000,798,735,342,3,0,0.465,8.8,16.5,88,77,0,80,89
2023-W02,2023-01-09,Rulindo,Northern,290000,785,760,316,6,0,0.416,12.7,15.7,88,77,0,80,91
2023-W03,2023-01-16,Rulindo,Northern,290000,956,845,278,5,0,0.329,16.5,15.9,88,77,0,80,91
2023-W04,2023-01-23,Rulindo,Northern,290000,773,747,220,4,0,0.295,17.3,16.6,88,77,0,80,90
2023-W05,2023-01-30,Rulindo,Northern,290000,938,875,209,3,0,0.239,19.9,17.3,88,77,0,80,91
2023-W06,2023-02-06,Rulindo,Northern,290000,796,705,167,2,0,0.237,17.9,16.4,88,77,0,80,91
2023-W07,2023-02-13,Rulindo,Northern,290000,767,723,149,3,0,0.206,27.2,16.8,88,77,0,80,91
2023-W08,2023-02-20,Rulindo,Northern,290000,832,784,149,3,0,0.19,30.4,17.5,88,77,0,80,91
2023-W09,2023-02-27,Rulindo,Northern,290000,831,787,145,1,0,0.184,41.7,17.3,88,77,0,80,91
2023-W10,2023-03-06,Rulindo,Northern,290000,990,882,154,3,0,0.175,43.9,17.9,88,77,0,80,88
2023-W11,2023-03-13,Rulindo,Northern,290000,884,808,155,1,0,0.192,48.1,17.4,88,77,0,80,91
2023-W12,2023-03-20,Rulindo,Northern,290000,928,812,150,2,0,0.185,63.9,17.9,88,77,0,80,89
2023-W13,2023-03-27,Rulindo,Northern,290000,833,783,162,2,0,0.207,56.6,17.8,88,77,0,80,90
2023-W14,2023-04-03,Rulindo,Northern,290000,837,760,158,2,0,0.208,57.3,18.9,88,77,0,80,87
2023-W15,2023-04-10,Rulindo,Northern,290000,720,665,156,3,0,0.235,93.6,18.3,88,77,0,80,89
2023-W16,2023-04-17,Rulindo,Northern,290000,819,789,178,2,0,0.226,59.5,18.5,88,77,0,80,90
2023-W17,2023-04-24,Rulindo,Northern,290000,732,667,195,2,0,0.292,74.0,18.1,88,77,0,80,89
2023-W18,2023-05-01,Rulindo,Northern,290000,737,698,226,4,0,0.324,62.0,18.7,88,77,0,80,89
2023-W19,2023-05-08,Rulindo,Northern,290000,813,716,273,5,0,0.381,49.9,18.0,88,77,0,80,89
2023-W20,2023-05-15,Rulindo,Northern,290000,950,881,341,7,0,0.387,46.1,19.0,88,77,0,80,89
2023-W21,2023-05-22,Rulindo,Northern,290000,862,758,335,5,0,0.442,37.1,18.7,88,77,0,80,88
2023-W22,2023-05-29,Rulindo,Northern,290000,786,715,360,3,0,0.503,41.1,18.4,88,77,0,80,88
2023-W23,2023-06-05,Rulindo,Northern,290000,979,862,417,8,0,0.484,39.8,18.6,88,77,0,80,91
2023-W24,2023-06-12,Rulindo,Northern,290000,818,786,400,4,0,0.509,30.2,18.3,88,77,0,80,91
2023-W25,2023-06-19,Rulindo,Northern,290000,809,733,353,6,0,0.482,21.4,17.7,88,77,0,80,91
2023-W26,2023-06-26,Rulindo,Northern,290000,783,713,341,6,0,0.478,18.4,17.7,88,74,0,80,87
2023-W27,2023-07-03,Rulindo,Northern,290000,863,770,347,6,0,0.451,17.5,17.8,88,74,0,80,90
2023-W28,2023-07-10,Rulindo,Northern,290000,782,719,293,4,0,0.408,17.5,17.9,88,74,0,80,89
2023-W29,2023-07-17,Rulindo,Northern,290000,751,690,246,3,0,0.357,17.0,17.7,88,74,0,80,87
2023-W30,2023-07-24,Rulindo,Northern,290000,865,763,244,3,0,0.32,14.4,17.3,88,74,0,80,88
2023-W31,2023-07-31,Rulindo,Northern,290000,993,956,242,5,0,0.253,14.3,17.0,88,74,0,80,91
2023-W32,2023-08-07,Rulindo,Northern,290000,983,887,193,3,0,0.218,21.4,16.8,88,74,0,80,88
2023-W33,2023-08-14,Rulindo,Northern,290000,1043,953,184,4,0,0.193,32.9,17.2,88,74,0,80,89
2023-W34,2023-08-21,Rulindo,Northern,290000,905,793,167,2,0,0.211,31.9,16.8,88,74,0,80,88
2023-W35,2023-08-28,Rulindo,Northern,290000,915,814,157,2,0,0.193,34.1,16.8,88,74,0,80,90
2023-W36,2023-09-04,Rulindo,Northern,290000,943,849,157,2,0,0.185,37.3,16.3,88,74,0,80,89
2023-W37,2023-09-11,Rulindo,Northern,290000,880,789,153,2,0,0.194,51.8,15.5,88,74,0,80,90
2023-W38,2023-09-18,Rulindo,Northern,290000,914,815,144,2,0,0.177,59.7,16.0,88,74,0,80,90
2023-W39,2023-09-25,Rulindo,Northern,290000,1119,1048,158,3,0,0.151,69.0,16.0,88,74,0,80,91
2023-W40,2023-10-02,Rulindo,Northern,290000,1094,973,158,2,0,0.162,89.3,15.8,88,74,0,80,87
2023-W41,2023-10-09,Rulindo,Northern,290000,1072,1015,171,3,0,0.168,63.5,15.2,88,77,0,80,87
2023-W42,2023-10-16,Rulindo,Northern,290000,848,808,176,3,0,0.218,60.0,15.2,88,77,0,80,90
2023-W43,2023-10-23,Rulindo,Northern,290000,1099,974,231,2,0,0.237,58.9,15.8,88,77,0,80,90
2023-W44,2023-10-30,Rulindo,Northern,290000,1106,1013,266,5,0,0.263,60.0,15.7,88,77,0,80,91
2023-W45,2023-11-06,Rulindo,Northern,290000,961,879,294,4,0,0.334,43.0,15.0,88,77,0,80,88
2023-W46,2023-11-13,Rulindo,Northern,290000,864,767,284,3,0,0.37,46.1,16.0,88,77,0,80,89
2023-W47,2023-11-20,Rulindo,Northern,290000,890,805,351,4,0,0.436,25.3,15.2,88,77,0,80,89
2023-W48,2023-11-27,Rulindo,Northern,290000,838,806,419,5,0,0.52,22.7,15.0,88,77,0,80,91
2023-W49,2023-12-04,Rulindo,Northern,290000,1018,964,486,9,0,0.504,28.2,16.1,88,77,0,80,90
2023-W50,2023-12-11,Rulindo,Northern,290000,900,871,479,4,0,0.55,17.6,15.2,88,77,0,80,87
2023-W51,2023-12-18,Rulindo,Northern,290000,785,761,404,3,0,0.531,21.7,15.8,88,77,0,80,91
2023-W52,2023-12-25,Rulindo,Northern,290000,776,744,376,5,0,0.505,17.4,15.9,88,77,0,80,90
2024-W01,2024-01-01,Rulindo,Northern,290000,962,883,390,3,0,0.442,14.3,15.9,88,77,0,80,91
2024-W02,2024-01-08,Rulindo,Northern,290000,948,903,328,6,0,0.363,13.1,16.0,88,77,0,80,91
2024-W03,2024-01-15,Rulindo,Northern,290000,1046,934,302,5,0,0.323,10.9,15.9,88,77,0,80,91
2024-W04,2024-01-22,Rulindo,Northern,290000,1043,979,286,3,0,0.292,23.0,16.1,88,77,0,80,91
2024-W05,2024-01-29,Rulindo,Northern,290000,1007,962,227,3,0,0.236,28.3,16.6,88,77,0,80,88
2024-W06,2024-02-05,Rulindo,Northern,290000,866,838,189,3,0,0.226,24.4,17.4,88,77,0,80,91
2024-W07,2024-02-12,Rulindo,Northern,290000,994,887,162,3,0,0.183,27.7,17.6,88,77,0,80,87
2024-W08,2024-02-19,Rulindo,Northern,290000,1144,1083,176,3,0,0.163,32.4,17.2,88,77,0,80,91
2024-W09,2024-02-26,Rulindo,Northern,290000,1196,1160,196,2,0,0.169,41.0,17.6,88,77,0,80,90
2024-W10,2024-03-04,Rulindo,Northern,290000,1209,1115,176,2,0,0.158,47.0,18.3,88,77,0,80,89
2024-W11,2024-03-11,Rulindo,Northern,290000,1091,991,174,2,0,0.176,43.6,18.2,88,77,0,80,90
2024-W12,2024-03-18,Rulindo,Northern,290000,1048,1016,170,2,0,0.167,75.5,18.2,88,77,0,80,90
2024-W13,2024-03-25,Rulindo,Northern,290000,1342,1213,197,3,0,0.162,54.6,18.1,88,77,0,80,90
2024-W14,2024-04-01,Rulindo,Northern,290000,1092,950,181,2,0,0.191,63.0,17.8,88,77,0,80,89
2024-W15,2024-04-08,Rulindo,Northern,290000,1367,1190,221,3,0,0.186,89.7,18.9,88,77,0,80,89
2024-W16,2024-04-15,Rulindo,Northern,290000,1317,1220,271,3,0,0.222,65.3,18.2,88,77,0,80,89
2024-W17,2024-04-22,Rulindo,Northern,290000,1028,981,263,3,0,0.268,87.2,18.6,88,77,0,80,91
2024-W18,2024-04-29,Rulindo,Northern,290000,1160,1037,312,3,0,0.301,69.5,19.0,88,77,0,80,90
2024-W19,2024-05-06,Rulindo,Northern,290000,903,824,313,3,0,0.38,55.1,18.7,88,77,0,80,90
2024-W20,2024-05-13,Rulindo,Northern,290000,1137,1076,427,6,0,0.397,57.3,18.8,88,77,0,80,87
2024-W21,2024-05-20,Rulindo,Northern,290000,963,922,399,6,0,0.433,49.1,19.1,88,77,0,80,88
2024-W22,2024-05-27,Rulindo,Northern,290000,1046,988,462,8,0,0.468,31.4,17.9,88,77,0,80,90
2024-W23,2024-06-03,Rulindo,Northern,290000,998,904,485,8,0,0.537,34.8,18.0,88,77,0,80,89
2024-W24,2024-06-10,Rulindo,Northern,290000,1047,926,467,4,0,0.504,24.9,18.3,88,77,0,80,89
2024-W25,2024-06-17,Rulindo,Northern,290000,1074,957,494,7,0,0.516,19.2,17.8,88,77,0,80,87
2024-W26,2024-06-24,Rulindo,Northern,290000,1170,1067,538,11,0,0.504,24.2,17.5,88,74,0,80,88
2024-W27,2024-07-01,Rulindo,Northern,290000,1102,998,446,7,0,0.447,15.4,18.0,88,74,0,80,91
2024-W28,2024-07-08,Rulindo,Northern,290000,1230,1095,439,4,0,0.401,20.9,17.4,88,74,0,80,88
2024-W29,2024-07-15,Rulindo,Northern,290000,1215,1105,411,4,0,0.372,13.9,17.0,88,74,0,80,88
2024-W30,2024-07-22,Rulindo,Northern,290000,1203,1167,360,4,0,0.308,15.4,16.9,88,74,0,80,87
2024-W31,2024-07-29,Rulindo,Northern,290000,1047,1016,284,5,0,0.28,14.8,16.8,88,74,0,80,87
2024-W32,2024-08-05,Rulindo,Northern,290000,1278,1142,265,5,0,0.232,21.7,16.7,88,74,0,80,87
2024-W33,2024-08-12,Rulindo,Northern,290000,1370,1203,219,3,0,0.182,26.4,16.9,88,74,0,80,89
2024-W34,2024-08-19,Rulindo,Northern,290000,1175,1071,230,3,0,0.215,24.9,16.7,88,74,0,80,88
2024-W35,2024-08-26,Rulindo,Northern,290000,1336,1221,201,3,0,0.165,27.2,16.7,88,74,0,80,91
2024-W36,2024-09-02,Rulindo,Northern,290000,1209,1089,209,2,0,0.192,43.5,16.5,88,74,0,80,88
2024-W37,2024-09-09,Rulindo,Northern,290000,1093,966,189,3,0,0.196,59.3,16.1,88,74,0,80,91
2024-W38,2024-09-16,Rulindo,Northern,290000,1333,1170,228,4,0,0.195,58.9,16.1,88,74,0,80,87
2024-W39,2024-09-23,Rulindo,Northern,290000,1331,1248,237,4,0,0.19,74.2,16.2,88,74,0,80,88
2024-W40,2024-09-30,Rulindo,Northern,290000,1527,1469,228,4,0,0.155,56.8,16.3,88,74,0,80,90
2024-W41,2024-10-07,Rulindo,Northern,290000,1286,1153,249,3,0,0.216,56.4,15.2,88,77,0,80,89
2024-W42,2024-10-14,Rulindo,Northern,290000,1484,1414,296,6,0,0.209,60.3,15.8,88,77,0,80,89
2024-W43,2024-10-21,Rulindo,Northern,290000,1243,1100,278,4,0,0.253,70.2,15.0,88,77,0,80,90
2024-W44,2024-10-28,Rulindo,Northern,290000,1520,1361,349,5,0,0.256,63.1,15.4,88,77,0,80,88
2024-W45,2024-11-04,Rulindo,Northern,290000,1357,1184,387,7,0,0.327,45.9,14.9,88,77,0,80,87
2024-W46,2024-11-11,Rulindo,Northern,290000,1327,1165,478,8,0,0.41,38.9,15.3,88,77,0,80,87
2024-W47,2024-11-18,Rulindo,Northern,290000,1191,1077,500,7,0,0.464,24.3,15.0,88,77,0,80,91
2024-W48,2024-11-25,Rulindo,Northern,290000,1258,1136,583,7,0,0.513,37.7,15.9,88,77,0,80,87
2024-W49,2024-12-02,Rulindo,Northern,290000,1462,1283,652,11,0,0.508,22.7,15.8,88,77,0,80,88
2024-W50,2024-12-09,Rulindo,Northern,290000,1297,1251,641,7,0,0.512,22.9,15.3,88,77,0,80,91
2024-W51,2024-12-16,Rulindo,Northern,290000,1213,1143,618,12,0,0.541,17.9,15.9,88,77,0,80,91
2024-W52,2024-12-23,Rulindo,Northern,290000,1177,1087,510,6,0,0.469,13.9,16.5,88,77,0,80,91
2025-W01,2024-12-30,Rulindo,Northern,290000,1365,1220,532,9,0,0.436,15.9,16.1,88,77,0,80,88
2025-W02,2025-01-06,Rulindo,Northern,290000,1184,1136,466,5,0,0.41,13.6,16.7,88,77,0,80,88
2025-W03,2025-01-13,Rulindo,Northern,290000,1467,1309,412,8,0,0.315,13.9,16.4,88,77,0,80,87
2025-W04,2025-01-20,Rulindo,Northern,290000,1363,1264,345,3,0,0.273,21.5,16.1,88,77,0,80,89
2025-W05,2025-01-27,Rulindo,Northern,290000,1445,1262,272,3,0,0.216,27.7,17.3,88,77,0,80,90
2025-W06,2025-02-03,Rulindo,Northern,290000,1422,1261,276,5,0,0.219,24.1,17.1,88,77,0,80,88
2025-W07,2025-02-10,Rulindo,Northern,290000,1505,1404,300,5,0,0.214,44.5,17.0,88,77,0,80,90
2025-W08,2025-02-17,Rulindo,Northern,290000,1619,1464,231,2,0,0.158,42.4,17.7,88,77,0,80,88
2025-W09,2025-02-24,Rulindo,Northern,290000,1664,1538,249,3,0,0.162,34.1,17.3,88,77,0,80,89
2025-W10,2025-03-03,Rulindo,Northern,290000,1417,1300,222,3,0,0.171,49.0,17.4,88,77,0,80,88
2025-W11,2025-03-10,Rulindo,Northern,290000,1325,1280,246,4,0,0.192,55.4,17.4,88,77,0,80,88
2025-W12,2025-03-17,Rulindo,Northern,290000,1576,1437,247,4,0,0.172,81.1,17.6,88,77,0,80,88
2025-W13,2025-03-24,Rulindo,Northern,290000,1360,1220,252,4,0,0.207,64.0,18.3,88,77,0,80,89
2025-W14,2025-03-31,Rulindo,Northern,290000,1692,1509,277,4,0,0.184,73.3,18.9,88,77,0,80,90
2025-W15,2025-04-07,Rulindo,Northern,290000,1468,1355,297,5,0,0.219,65.3,18.1,88,77,0,80,87
2025-W16,2025-04-14,Rulindo,Northern,290000,1468,1309,342,5,0,0.261,77.8,18.2,88,77,0,80,91
2025-W17,2025-04-21,Rulindo,Northern,290000,1491,1371,332,5,0,0.242,69.8,18.4,88,77,0,80,91
2025-W18,2025-04-28,Rulindo,Northern,290000,1453,1362,387,5,0,0.284,59.5,19.2,88,77,0,80,88
2025-W19,2025-05-05,Rulindo,Northern,290000,1391,1345,448,5,0,0.333,44.4,18.3,88,77,0,80,90
2025-W20,2025-05-12,Rulindo,Northern,290000,1465,1390,538,7,0,0.387,51.3,18.5,88,77,0,80,89
2025-W21,2025-05-19,Rulindo,Northern,290000,1321,1261,539,9,0,0.427,48.9,18.0,88,77,0,80,87
2025-W22,2025-05-26,Rulindo,Northern,290000,1498,1324,671,9,0,0.507,34.9,18.0,88,77,0,80,88
2025-W23,2025-06-02,Rulindo,Northern,290000,1405,1355,670,6,0,0.494,25.1,18.9,88,77,0,80,87
2025-W24,2025-06-09,Rulindo,Northern,290000,1424,1239,628,9,0,0.507,18.2,17.9,88,77,0,80,91
2025-W25,2025-06-16,Rulindo,Northern,290000,1484,1318,642,6,0,0.487,18.7,17.6,88,77,0,80,88
2025-W26,2025-06-23,Rulindo,Northern,290000,1203,1163,593,7,0,0.51,15.6,18.1,88,74,0,80,87
2025-W27,2025-06-30,Rulindo,Northern,290000,1393,1327,596,11,0,0.449,12.7,17.4,88,74,0,80,91
2025-W28,2025-07-07,Rulindo,Northern,290000,1383,1232,498,7,0,0.404,14.3,17.2,88,74,0,80,88
2025-W29,2025-07-14,Rulindo,Northern,290000,1306,1225,458,5,0,0.374,12.5,17.3,88,74,0,80,91
2025-W30,2025-07-21,Rulindo,Northern,290000,1608,1520,429,4,0,0.282,11.9,17.6,88,74,0,80,90
2025-W31,2025-07-28,Rulindo,Northern,290000,1501,1335,382,6,0,0.286,18.5,17.6,88,74,0,80,91
2025-W32,2025-08-04,Rulindo,Northern,290000,1632,1426,354,6,0,0.248,19.4,17.2,88,74,0,80,88
2025-W33,2025-08-11,Rulindo,Northern,290000,1589,1530,282,3,0,0.184,23.9,16.2,88,74,0,80,89
2025-W34,2025-08-18,Rulindo,Northern,290000,1716,1546,259,3,0,0.168,26.7,16.3,88,74,0,80,87
2025-W35,2025-08-25,Rulindo,Northern,290000,1411,1291,255,2,0,0.198,51.7,16.3,88,74,0,80,89
2025-W36,2025-09-01,Rulindo,Northern,290000,1727,1557,234,3,0,0.15,40.8,16.4,88,74,0,80,91
2025-W37,2025-09-08,Rulindo,Northern,290000,2093,1975,272,3,0,0.138,37.7,16.6,88,74,0,80,87
2025-W38,2025-09-15,Rulindo,Northern,290000,1646,1468,221,3,0,0.151,58.8,15.9,88,74,0,80,90
2025-W39,2025-09-22,Rulindo,Northern,290000,1811,1575,224,3,0,0.142,68.8,15.5,88,74,0,80,87
2025-W40,2025-09-29,Rulindo,Northern,290000,1770,1662,251,4,0,0.151,71.4,15.8,88,74,0,80,91
2025-W41,2025-10-06,Rulindo,Northern,290000,1498,1452,278,4,0,0.191,65.3,15.9,88,77,0,80,90
2025-W42,2025-10-13,Rulindo,Northern,290000,1333,1226,286,4,0,0.233,48.5,15.0,88,77,0,80,87
2025-W43,2025-10-20,Rulindo,Northern,290000,1462,1272,328,4,0,0.258,55.9,16.0,88,77,0,80,89
2025-W44,2025-10-27,Rulindo,Northern,290000,1374,1299,364,6,0,0.28,69.1,15.0,88,77,0,80,91
2025-W45,2025-11-03,Rulindo,Northern,290000,1601,1433,494,6,0,0.345,55.0,15.6,88,77,0,80,91
2025-W46,2025-11-10,Rulindo,Northern,290000,1419,1344,517,7,0,0.385,40.0,15.1,88,77,0,80,90
2025-W47,2025-11-17,Rulindo,Northern,290000,1362,1223,532,5,0,0.435,32.7,15.6,88,77,0,80,91
2025-W48,2025-11-24,Rulindo,Northern,290000,1232,1136,584,5,0,0.514,34.6,15.1,88,77,0,80,87
2025-W49,2025-12-01,Rulindo,Northern,290000,1572,1376,736,10,0,0.535,28.2,15.1,88,77,0,80,87
2025-W50,2025-12-08,Rulindo,Northern,290000,1381,1259,672,7,0,0.534,18.6,16.1,88,77,0,80,91
2025-W51,2025-12-15,Rulindo,Northern,290000,1542,1390,701,11,1,0.504,19.6,16.1,88,77,0,80,89
2025-W52,2025-12-22,Rulindo,Northern,290000,1423,1274,657,13,0,0.516,19.4,15.5,88,77,0,80,87
2026-W01,2025-12-29,Rulindo,Northern,290000,1317,1278,546,9,0,0.427,14.2,16.5,88,77,0,80,90
2026-W02,2026-01-05,Rulindo,Northern,290000,1359,1214,456,7,0,0.376,16.9,15.8,88,77,0,80,88
2026-W03,2026-01-12,Rulindo,Northern,290000,1278,1157,419,7,0,0.362,18.4,16.3,88,77,0,80,88
2026-W04,2026-01-19,Rulindo,Northern,290000,1359,1248,336,6,0,0.269,17.9,16.2,88,77,0,80,90
2026-W05,2026-01-26,Rulindo,Northern,290000,1336,1184,303,3,0,0.256,23.6,17.2,88,77,0,80,88
2026-W06,2026-02-02,Rulindo,Northern,290000,1527,1411,266,3,0,0.189,26.7,16.9,88,77,0,80,90
2026-W07,2026-02-09,Rulindo,Northern,290000,1636,1456,255,4,0,0.175,34.1,17.7,88,77,0,80,88
2026-W08,2026-02-16,Rulindo,Northern,290000,1300,1217,241,4,0,0.198,43.7,17.1,88,77,0,80,89
2026-W09,2026-02-23,Rulindo,Northern,290000,1348,1219,241,4,0,0.198,35.5,18.1,88,77,0,80,88
2026-W10,2026-03-02,Rulindo,Northern,290000,1275,1234,214,3,0,0.173,45.5,18.0,88,77,0,80,87
2026-W11,2026-03-09,Rulindo,Northern,290000,1633,1431,238,2,0,0.166,74.2,17.4,88,77,0,80,88
2026-W12,2026-03-16,Rulindo,Northern,290000,1689,1548,232,2,0,0.15,54.2,18.2,88,77,0,80,90
2026-W13,2026-03-23,Rulindo,Northern,290000,1451,1377,242,4,0,0.176,63.5,18.3,88,77,0,80,88
2026-W14,2026-03-30,Rulindo,Northern,290000,1257,1211,244,4,0,0.201,71.5,18.4,88,77,0,80,88
2026-W15,2026-04-06,Rulindo,Northern,290000,1454,1395,304,3,0,0.218,84.8,17.9,88,77,0,80,87
2026-W16,2026-04-13,Rulindo,Northern,290000,1318,1178,308,4,0,0.261,75.5,18.2,88,77,0,80,88
2026-W17,2026-04-20,Rulindo,Northern,290000,1325,1261,339,5,0,0.269,77.6,18.4,88,77,0,80,88
2026-W18,2026-04-27,Rulindo,Northern,290000,1323,1264,353,5,0,0.279,68.2,18.7,88,77,0,80,90
2026-W19,2026-05-04,Rulindo,Northern,290000,1378,1314,457,8,0,0.348,50.0,18.3,88,77,0,80,88
2026-W20,2026-05-11,Rulindo,Northern,290000,1399,1250,490,7,1,0.392,58.5,19.0,88,77,0,80,89
2026-W21,2026-05-18,Rulindo,Northern,290000,1139,1091,509,7,0,0.467,48.4,18.1,88,77,0,80,90
2026-W22,2026-05-25,Rulindo,Northern,290000,1361,1259,606,8,0,0.481,32.6,18.9,88,77,0,80,89
2026-W23,2026-06-01,Rulindo,Northern,290000,1154,1072,520,7,0,0.485,21.3,18.2,88,77,0,80,89
2026-W24,2026-06-08,Rulindo,Northern,290000,1283,1178,629,7,0,0.534,27.5,18.4,88,77,0,80,89
2026-W25,2026-06-15,Rulindo,Northern,290000,1263,1139,570,11,0,0.5,22.0,18.5,88,77,0,80,88
2026-W26,2026-06-22,Rulindo,Northern,290000,1288,1227,611,10,0,0.498,12.7,17.7,88,74,0,80,90
2026-W27,2026-06-29,Rulindo,Northern,290000,1480,1323,572,11,0,0.432,10.9,17.5,88,74,0,80,89
2026-W28,2026-07-06,Rulindo,Northern,290000,1289,1207,461,7,0,0.382,17.2,17.4,88,74,0,80,87
2026-W29,2026-07-13,Rulindo,Northern,290000,1143,1078,412,8,0,0.382,17.2,18.0,88,74,0,80,90
2026-W30,2026-07-20,Rulindo,Northern,290000,1199,1047,347,4,0,0.331,18.4,17.0,88,74,0,80,89
2026-W31,2026-07-27,Rulindo,Northern,290000,1482,1368,358,5,0,0.262,22.1,17.8,88,74,0,80,91
2026-W32,2026-08-03,Rulindo,Northern,290000,1180,1093,273,3,0,0.25,24.0,16.8,88,74,0,80,91
2026-W33,2026-08-10,Rulindo,Northern,290000,1757,1684,305,4,0,0.181,20.2,16.7,88,74,0,80,91
2026-W34,2026-08-17,Rulindo,Northern,290000,1714,1627,262,4,0,0.161,32.9,17.1,88,74,0,80,91
2026-W35,2026-08-24,Rulindo,Northern,290000,1390,1307,248,5,0,0.19,40.9,16.7,88,74,0,80,90
2026-W36,2026-08-31,Rulindo,Northern,290000,1487,1426,252,5,0,0.177,47.8,16.5,88,74,0,80,91
2026-W37,2026-09-07,Rulindo,Northern,290000,1530,1402,267,4,0,0.19,52.0,16.3,88,74,0,80,91
2026-W38,2026-09-14,Rulindo,Northern,290000,1739,1601,242,4,0,0.151,59.5,15.9,88,74,0,80,90
2026-W39,2026-09-21,Rulindo,Northern,290000,1385,1212,241,4,0,0.199,55.0,16.0,88,74,0,80,89
2026-W40,2026-09-28,Rulindo,Northern,290000,1489,1354,203,4,0,0.15,60.2,16.0,88,74,0,80,89
2023-W01,2023-01-02,Karongi,Western,340000,570,532,245,4,0,0.461,16.5,19.3,87,76,0,81,90
2023-W02,2023-01-09,Karongi,Western,340000,778,708,281,4,0,0.397,15.0,19.5,87,76,0,81,88
2023-W03,2023-01-16,Karongi,Western,340000,801,697,234,4,0,0.336,16.8,19.7,87,76,0,81,89
2023-W04,2023-01-23,Karongi,Western,340000,719,650,199,2,0,0.306,14.4,19.2,87,76,0,81,87
2023-W05,2023-01-30,Karongi,Western,340000,914,803,184,2,0,0.229,25.3,20.1,87,76,0,81,87
2023-W06,2023-02-06,Karongi,Western,340000,635,564,135,2,0,0.239,29.9,20.4,87,76,0,81,88
2023-W07,2023-02-13,Karongi,Western,340000,778,739,145,3,0,0.196,23.3,20.3,87,76,0,81,86
2023-W08,2023-02-20,Karongi,Western,340000,937,842,140,3,0,0.166,27.7,20.3,87,76,0,81,86
2023-W09,2023-02-27,Karongi,Western,340000,788,755,127,1,0,0.168,44.6,20.7,87,76,0,81,89
2023-W10,2023-03-06,Karongi,Western,340000,1085,1015,140,2,0,0.138,44.0,21.3,87,76,0,81,87
2023-W11,2023-03-13,Karongi,Western,340000,908,853,136,2,0,0.159,70.7,20.7,87,76,0,81,88
2023-W12,2023-03-20,Karongi,Western,340000,743,667,133,2,0,0.199,67.8,20.8,87,76,0,81,87
2023-W13,2023-03-27,Karongi,Western,340000,832,757,131,2,0,0.173,51.4,21.4,87,76,0,81,87
2023-W14,2023-04-03,Karongi,Western,340000,805,704,141,2,0,0.2,57.1,21.9,87,76,0,81,86
2023-W15,2023-04-10,Karongi,Western,340000,783,707,152,3,0,0.215,76.5,21.2,87,76,0,81,86
2023-W16,2023-04-17,Karongi,Western,340000,706,656,169,3,0,0.258,56.2,21.2,87,76,0,81,86
2023-W17,2023-04-24,Karongi,Western,340000,750,677,198,2,0,0.292,58.2,22.0,87,76,0,81,90
2023-W18,2023-05-01,Karongi,Western,340000,764,705,206,2,0,0.292,54.9,21.6,87,76,0,81,90
2023-W19,2023-05-08,Karongi,Western,340000,847,742,248,2,0,0.334,76.4,21.9,87,76,0,81,86
2023-W20,2023-05-15,Karongi,Western,340000,824,763,296,4,0,0.388,44.0,22.0,87,76,0,81,89
2023-W21,2023-05-22,Karongi,Western,340000,788,751,357,6,0,0.475,35.1,21.5,87,76,0,81,89
2023-W22,2023-05-29,Karongi,Western,340000,749,706,345,5,0,0.489,31.8,21.5,87,76,0,81,86
2023-W23,2023-06-05,Karongi,Western,340000,811,740,383,4,0,0.518,24.4,21.7,87,76,0,81,89
2023-W24,2023-06-12,Karongi,Western,340000,773,682,334,3,0,0.49,20.1,21.2,87,76,0,81,90
2023-W25,2023-06-19,Karongi,Western,340000,756,669,341,5,0,0.51,18.4,20.8,87,76,0,81,88
2023-W26,2023-06-26,Karongi,Western,340000,682,614,289,3,0,0.471,12.8,21.6,87,73,0,81,90
2023-W27,2023-07-03,Karongi,Western,340000,823,721,324,3,0,0.449,17.9,21.4,87,73,0,81,86
2023-W28,2023-07-10,Karongi,Western,340000,767,687,275,2,0,0.4,12.9,20.8,87,73,0,81,88
2023-W29,2023-07-17,Karongi,Western,340000,845,763,268,3,0,0.351,20.1,20.0,87,73,0,81,89
2023-W30,2023-07-24,Karongi,Western,340000,745,693,223,2,0,0.322,17.6,20.5,87,73,0,81,86
2023-W31,2023-07-31,Karongi,Western,340000,701,660,188,3,0,0.285,20.7,20.3,87,73,0,81,89
2023-W32,2023-08-07,Karongi,Western,340000,764,729,182,3,0,0.25,15.9,19.5,87,73,0,81,86
2023-W33,2023-08-14,Karongi,Western,340000,754,696,157,1,0,0.226,15.5,20.4,87,73,0,81,87
2023-W34,2023-08-21,Karongi,Western,340000,828,730,144,3,0,0.197,31.6,19.7,87,73,0,81,89
2023-W35,2023-08-28,Karongi,Western,340000,799,701,142,3,0,0.203,29.0,19.8,87,73,0,81,90
2023-W36,2023-09-04,Karongi,Western,340000,766,721,124,2,0,0.172,41.7,19.5,87,73,0,81,88
2023-W37,2023-09-11,Karongi,Western,340000,1051,956,133,2,0,0.139,44.7,19.0,87,73,0,81,90
2023-W38,2023-09-18,Karongi,Western,340000,916,800,148,2,0,0.185,62.1,19.2,87,73,0,81,90
2023-W39,2023-09-25,Karongi,Western,340000,914,847,131,2,0,0.155,59.0,19.0,87,73,0,81,90
2023-W40,2023-10-02,Karongi,Western,340000,785,749,149,2,0,0.199,55.4,18.5,87,73,0,81,90
2023-W41,2023-10-09,Karongi,Western,340000,915,807,153,3,0,0.19,74.9,19.1,87,76,0,81,88
2023-W42,2023-10-16,Karongi,Western,340000,836,811,169,2,0,0.208,52.3,18.5,87,76,0,81,89
2023-W43,2023-10-23,Karongi,Western,340000,879,796,182,3,0,0.229,81.4,18.5,87,76,0,81,90
2023-W44,2023-10-30,Karongi,Western,340000,877,820,224,2,0,0.273,46.6,18.0,87,76,0,81,90
2023-W45,2023-11-06,Karongi,Western,340000,850,764,273,5,0,0.357,49.3,18.0,87,76,0,81,88
2023-W46,2023-11-13,Karongi,Western,340000,843,765,312,4,0,0.408,53.6,18.8,87,76,0,81,87
2023-W47,2023-11-20,Karongi,Western,340000,939,819,353,6,0,0.431,37.2,18.9,87,76,0,81,87
2023-W48,2023-11-27,Karongi,Western,340000,763,720,375,4,0,0.521,22.7,18.7,87,76,0,81,88
2023-W49,2023-12-04,Karongi,Western,340000,691,610,317,6,0,0.52,17.4,18.6,87,76,0,81,87
2023-W50,2023-12-11,Karongi,Western,340000,815,716,398,5,0,0.556,13.9,18.5,87,76,0,81,89
2023-W51,2023-12-18,Karongi,Western,340000,759,730,378,7,0,0.518,18.2,18.4,87,76,0,81,87
2023-W52,2023-12-25,Karongi,Western,340000,898,816,406,8,0,0.498,13.0,19.2,87,76,0,81,90
2024-W01,2024-01-01,Karongi,Western,340000,892,776,347,6,0,0.447,11.6,19.5,87,76,0,81,87
2024-W02,2024-01-08,Karongi,Western,340000,815,783,323,5,0,0.413,21.4,18.8,87,76,0,81,89
2024-W03,2024-01-15,Karongi,Western,340000,803,724,261,3,0,0.36,17.3,19.4,87,76,0,81,89
2024-W04,2024-01-22,Karongi,Western,340000,951,831,224,2,0,0.27,20.3,19.8,87,76,0,81,88
2024-W05,2024-01-29,Karongi,Western,340000,953,833,198,2,0,0.238,20.5,19.3,87,76,0,81,88
2024-W06,2024-02-05,Karongi,Western,340000,926,852,173,2,0,0.203,30.6,19.6,87,76,0,81,90
2024-W07,2024-02-12,Karongi,Western,340000,960,854,153,1,0,0.179,27.3,20.1,87,76,0,81,90
2024-W08,2024-02-19,Karongi,Western,340000,1198,1064,171,3,0,0.161,32.8,20.4,87,76,0,81,90
2024-W09,2024-02-26,Karongi,Western,340000,1116,1033,167,3,0,0.162,41.1,21.0,87,76,0,81,88
2024-W10,2024-03-04,Karongi,Western,340000,1029,919,163,2,0,0.177,59.0,20.2,87,76,0,81,87
2024-W11,2024-03-11,Karongi,Western,340000,1020,895,142,2,0,0.159,66.8,21.0,87,76,0,81,88
2024-W12,2024-03-18,Karongi,Western,340000,897,830,159,1,0,0.192,66.2,20.6,87,76,0,81,86
2024-W13,2024-03-25,Karongi,Western,340000,1206,1055,164,2,0,0.155,70.5,21.1,87,76,0,81,90
2024-W14,2024-04-01,Karongi,Western,340000,1151,1082,188,3,0,0.174,52.2,21.3,87,76,0,81,90
2024-W15,2024-04-08,Karongi,Western,340000,1052,980,194,3,0,0.198,68.7,21.5,87,76,0,81,88
2024-W16,2024-04-15,Karongi,Western,340000,823,740,191,2,0,0.258,71.0,21.3,87,76,0,81,88
2024-W17,2024-04-22,Karongi,Western,340000,1060,953,262,3,0,0.275,87.9,21.6,87,76,0,81,86
2024-W18,2024-04-29,Karongi,Western,340000,883,799,264,3,0,0.33,63.2,21.4,87,76,0,81,86
2024-W19,2024-05-06,Karongi,Western,340000,977,884,320,4,0,0.362,62.9,22.1,87,76,0,81,87
2024-W20,2024-05-13,Karongi,Western,340000,972,870,369,3,0,0.424,58.4,21.9,87,76,0,81,87
2024-W21,2024-05-20,Karongi,Western,340000,843,816,382,4,0,0.468,32.8,21.2,87,76,0,81,89
2024-W22,2024-05-27,Karongi,Western,340000,990,931,428,8,0,0.46,32.0,21.3,87,76,0,81,86
2024-W23,2024-06-03,Karongi,Western,340000,1111,996,493,7,0,0.495,32.4,21.0,87,76,0,81,89
2024-W24,2024-06-10,Karongi,Western,340000,950,892,447,4,0,0.501,30.3,21.8,87,76,0,81,87
2024-W25,2024-06-17,Karongi,Western,340000,1077,978,473,6,0,0.484,21.1,20.7,87,76,0,81,89
2024-W26,2024-06-24,Karongi,Western,340000,975,934,446,7,0,0.478,18.9,20.9,87,73,0,81,90
2024-W27,2024-07-01,Karongi,Western,340000,1106,1045,443,6,0,0.424,13.1,21.4,87,73,0,81,86
2024-W28,2024-07-08,Karongi,Western,340000,1005,965,391,4,0,0.405,13.6,21.2,87,73,0,81,86
2024-W29,2024-07-15,Karongi,Western,340000,1086,956,319,4,0,0.334,14.2,20.6,87,73,0,81,88
2024-W30,2024-07-22,Karongi,Western,340000,1209,1071,323,5,0,0.302,11.3,20.3,87,73,0,81,87
2024-W31,2024-07-29,Karongi,Western,340000,924,858,242,4,0,0.282,17.0,20.4,87,73,0,81,86
2024-W32,2024-08-05,Karongi,Western,340000,890,778,194,3,0,0.249,21.5,19.9,87,73,0,81,89
2024-W33,2024-08-12,Karongi,Western,340000,1049,920,198,4,0,0.215,29.6,19.4,87,73,0,81,87
2024-W34,2024-08-19,Karongi,Western,340000,1309,1170,190,2,0,0.162,34.2,19.1,87,73,0,81,86
2024-W35,2024-08-26,Karongi,Western,340000,1285,1217,194,2,0,0.159,35.4,19.2,87,73,0,81,90
2024-W36,2024-09-02,Karongi,Western,340000,1160,1104,197,3,0,0.178,42.9,19.3,87,73,0,81,88
2024-W37,2024-09-09,Karongi,Western,340000,947,891,173,2,0,0.194,49.4,19.4,87,73,0,81,89
2024-W38,2024-09-16,Karongi,Western,340000,1355,1245,186,2,0,0.149,48.5,18.4,87,73,0,81,88
2024-W39,2024-09-23,Karongi,Western,340000,1270,1190,198,3,0,0.166,54.9,18.8,87,73,0,81,86
2024-W40,2024-09-30,Karongi,Western,340000,1282,1197,184,2,0,0.154,54.7,18.4,87,73,0,81,90
2024-W41,2024-10-07,Karongi,Western,340000,1103,1007,184,3,0,0.183,67.9,18.4,87,76,0,81,86
2024-W42,2024-10-14,Karongi,Western,340000,1222,1091,209,4,0,0.192,76.5,18.4,87,76,0,81,87
2024-W43,2024-10-21,Karongi,Western,340000,1058,923,247,5,0,0.268,44.8,18.2,87,76,0,81,88
2024-W44,2024-10-28,Karongi,Western,340000,1089,1009,290,4,0,0.287,44.9,18.0,87,76,0,81,87
2024-W45,2024-11-04,Karongi,Western,340000,1259,1132,384,6,0,0.339,67.6,18.8,87,76,0,81,89
2024-W46,2024-11-11,Karongi,Western,340000,1261,1111,425,8,0,0.383,43.2,18.7,87,76,0,81,90
2024-W47,2024-11-18,Karongi,Western,340000,1026,992,468,4,0,0.472,22.4,18.6,87,76,0,81,90
2024-W48,2024-11-25,Karongi,Western,340000,1048,945,472,6,0,0.499,23.4,18.4,87,76,0,81,90
2024-W49,2024-12-02,Karongi,Western,340000,1182,1055,531,7,0,0.503,26.5,18.4,87,76,0,81,90
2024-W50,2024-12-09,Karongi,Western,340000,968,854,481,8,0,0.563,18.9,18.4,87,76,0,81,88
2024-W51,2024-12-16,Karongi,Western,340000,1149,1030,555,8,0,0.539,22.1,18.8,87,76,0,81,86
2024-W52,2024-12-23,Karongi,Western,340000,1289,1190,557,8,0,0.468,18.0,19.1,87,76,0,81,88
2025-W01,2024-12-30,Karongi,Western,340000,933,902,416,5,0,0.461,15.5,18.6,87,76,0,81,88
2025-W02,2025-01-06,Karongi,Western,340000,985,923,368,4,0,0.399,18.5,19.4,87,76,0,81,89
2025-W03,2025-01-13,Karongi,Western,340000,1146,1011,336,5,0,0.332,16.8,19.0,87,76,0,81,88
2025-W04,2025-01-20,Karongi,Western,340000,1024,983,305,3,0,0.31,19.8,19.7,87,76,0,81,86
2025-W05,2025-01-27,Karongi,Western,340000,1320,1264,277,3,0,0.219,22.0,19.3,87,76,0,81,90
2025-W06,2025-02-03,Karongi,Western,340000,1243,1158,263,3,0,0.227,28.6,20.3,87,76,0,81,90
2025-W07,2025-02-10,Karongi,Western,340000,1192,1040,212,3,0,0.204,28.9,20.3,87,76,0,81,86
2025-W08,2025-02-17,Karongi,Western,340000,1469,1401,221,4,0,0.158,40.3,20.5,87,76,0,81,90
2025-W09,2025-02-24,Karongi,Western,340000,1206,1168,192,3,0,0.164,56.2,20.4,87,76,0,81,86
2025-W10,2025-03-03,Karongi,Western,340000,1138,1088,203,2,0,0.187,47.2,21.0,87,76,0,81,86
2025-W11,2025-03-10,Karongi,Western,340000,1251,1206,201,3,0,0.167,75.4,21.2,87,76,0,81,90
2025-W12,2025-03-17,Karongi,Western,340000,1580,1379,253,5,0,0.183,69.7,21.3,87,76,0,81,89
2025-W13,2025-03-24,Karongi,Western,340000,1222,1163,233,3,0,0.2,42.7,21.6,87,76,0,81,89
2025-W14,2025-03-31,Karongi,Western,340000,1336,1202,227,2,0,0.189,63.6,21.1,87,76,0,81,86
2025-W15,2025-04-07,Karongi,Western,340000,1323,1275,238,3,0,0.187,125.1,21.2,87,76,0,81,88
2025-W16,2025-04-14,Karongi,Western,340000,1631,1455,298,6,0,0.205,53.3,21.8,87,76,0,81,87
2025-W17,2025-04-21,Karongi,Western,340000,1223,1167,301,4,0,0.258,46.6,21.2,87,76,0,81,90
2025-W18,2025-04-28,Karongi,Western,340000,1261,1115,358,7,0,0.321,42.4,21.2,87,76,0,81,89
2025-W19,2025-05-05,Karongi,Western,340000,1279,1169,397,5,0,0.34,63.6,21.2,87,76,0,81,87
2025-W20,2025-05-12,Karongi,Western,340000,1211,1148,451,4,0,0.393,72.2,21.8,87,76,0,81,86
2025-W21,2025-05-19,Karongi,Western,340000,1137,1078,467,6,0,0.433,48.9,21.1,87,76,0,81,90
2025-W22,2025-05-26,Karongi,Western,340000,1307,1213,592,10,0,0.488,35.0,22.0,87,76,0,81,88
2025-W23,2025-06-02,Karongi,Western,340000,1200,1084,560,7,0,0.517,28.9,21.6,87,76,0,81,90
2025-W24,2025-06-09,Karongi,Western,340000,1156,1084,586,10,0,0.541,24.1,21.7,87,76,0,81,89
2025-W25,2025-06-16,Karongi,Western,340000,1216,1153,575,6,0,0.499,19.6,21.3,87,76,0,81,88
2025-W26,2025-06-23,Karongi,Western,340000,1195,1080,557,8,0,0.516,22.5,21.6,87,73,0,81,90
2025-W27,2025-06-30,Karongi,Western,340000,1401,1357,574,6,0,0.423,17.2,21.5,87,73,0,81,88
2025-W28,2025-07-07,Karongi,Western,340000,1301,1216,506,6,0,0.416,16.2,20.9,87,73,0,81,86
2025-W29,2025-07-14,Karongi,Western,340000,1118,1035,397,4,0,0.384,16.3,20.1,87,73,0,81,90
2025-W30,2025-07-21,Karongi,Western,340000,1095,1035,343,4,0,0.331,14.8,20.2,87,73,0,81,90
2025-W31,2025-07-28,Karongi,Western,340000,1252,1187,330,5,0,0.278,15.2,20.3,87,73,0,81,86
2025-W32,2025-08-04,Karongi,Western,340000,1243,1168,261,3,0,0.223,16.5,20.0,87,73,0,81,87
2025-W33,2025-08-11,Karongi,Western,340000,1300,1169,256,5,0,0.219,26.3,20.1,87,73,0,81,87
2025-W34,2025-08-18,Karongi,Western,340000,1257,1159,206,3,0,0.178,29.8,19.6,87,73,0,81,89
2025-W35,2025-08-25,Karongi,Western,340000,1478,1288,249,4,0,0.193,49.1,19.5,87,73,0,81,90
2025-W36,2025-09-01,Karongi,Western,340000,1455,1318,223,3,0,0.169,40.7,19.6,87,73,0,81,86
2025-W37,2025-09-08,Karongi,Western,340000,1302,1142,220,4,0,0.193,37.6,19.5,87,73,0,81,88
2025-W38,2025-09-15,Karongi,Western,340000,1509,1356,226,4,0,0.167,50.3,19.0,87,73,0,81,88
2025-W39,2025-09-22,Karongi,Western,340000,1126,1069,213,3,0,0.199,59.2,19.3,87,73,0,81,90
2025-W40,2025-09-29,Karongi,Western,340000,1493,1392,228,3,0,0.164,56.2,18.3,87,73,0,81,86
2025-W41,2025-10-06,Karongi,Western,340000,1318,1224,240,3,0,0.196,61.0,18.9,87,76,0,81,87
2025-W42,2025-10-13,Karongi,Western,340000,1334,1160,252,3,0,0.217,64.7,18.6,87,76,0,81,87
2025-W43,2025-10-20,Karongi,Western,340000,1230,1138,284,5,0,0.25,61.2,18.2,87,76,0,81,89
2025-W44,2025-10-27,Karongi,Western,340000,1325,1226,359,4,0,0.293,60.2,18.7,87,76,0,81,88
2025-W45,2025-11-03,Karongi,Western,340000,1221,1176,393,6,0,0.334,55.1,18.4,87,76,0,81,87
2025-W46,2025-11-10,Karongi,Western,340000,1150,1031,424,7,0,0.411,42.0,17.8,87,76,0,81,86
2025-W47,2025-11-17,Karongi,Western,340000,1144,1017,476,4,0,0.468,26.4,18.9,87,76,0,81,90
2025-W48,2025-11-24,Karongi,Western,340000,1320,1176,568,5,0,0.483,27.0,18.0,87,76,0,81,90
2025-W49,2025-12-01,Karongi,Western,340000,1196,1098,580,8,0,0.528,24.4,19.0,87,76,0,81,87
2025-W50,2025-12-08,Karongi,Western,340000,1135,1076,611,6,0,0.568,25.5,18.7,87,76,0,81,88
2025-W51,2025-12-15,Karongi,Western,340000,1180,1096,563,5,0,0.514,24.0,19.1,87,76,0,81,87
2025-W52,2025-12-22,Karongi,Western,340000,1218,1140,595,10,0,0.522,13.6,18.4,87,76,0,81,86
2026-W01,2025-12-29,Karongi,Western,340000,1536,1377,585,10,0,0.425,15.5,18.6,87,76,0,81,88
2026-W02,2026-01-05,Karongi,Western,340000,1033,939,367,7,0,0.391,9.9,19.6,87,76,0,81,88
2026-W03,2026-01-12,Karongi,Western,340000,1201,1089,376,7,0,0.345,16.6,19.0,87,76,0,81,89
2026-W04,2026-01-19,Karongi,Western,340000,1060,934,282,5,0,0.302,15.1,19.3,87,76,0,81,90
2026-W05,2026-01-26,Karongi,Western,340000,1103,1031,269,5,0,0.261,18.1,19.9,87,76,0,81,87
2026-W06,2026-02-02,Karongi,Western,340000,1217,1108,262,2,0,0.236,22.0,20.2,87,76,0,81,86
2026-W07,2026-02-09,Karongi,Western,340000,1086,1003,217,3,0,0.216,34.8,20.1,87,76,0,81,89
2026-W08,2026-02-16,Karongi,Western,340000,1249,1206,236,3,0,0.196,33.3,20.1,87,76,0,81,89
2026-W09,2026-02-23,Karongi,Western,340000,1303,1137,221,4,0,0.194,41.0,20.1,87,76,0,81,89
2026-W10,2026-03-02,Karongi,Western,340000,1162,1127,191,2,0,0.169,58.1,20.8,87,76,0,81,89
2026-W11,2026-03-09,Karongi,Western,340000,1321,1259,203,3,0,0.161,61.7,20.5,87,76,0,81,87
2026-W12,2026-03-16,Karongi,Western,340000,1499,1392,225,2,0,0.162,65.0,21.2,87,76,0,81,86
2026-W13,2026-03-23,Karongi,Western,340000,1108,1035,213,2,0,0.206,83.1,21.5,87,76,0,81,87
2026-W14,2026-03-30,Karongi,Western,340000,1349,1307,239,4,0,0.183,77.8,20.9,87,76,0,81,86
2026-W15,2026-04-06,Karongi,Western,340000,1097,1052,235,4,0,0.223,90.9,21.8,87,76,0,81,90
2026-W16,2026-04-13,Karongi,Western,340000,1063,956,241,4,0,0.252,80.1,21.9,87,76,0,81,86
2026-W17,2026-04-20,Karongi,Western,340000,1338,1277,312,3,0,0.244,70.0,21.7,87,76,0,81,86
2026-W18,2026-04-27,Karongi,Western,340000,1357,1293,371,5,0,0.287,76.8,22.0,87,76,0,81,88
2026-W19,2026-05-04,Karongi,Western,340000,1120,980,375,5,0,0.383,64.6,22.1,87,76,0,81,87
2026-W20,2026-05-11,Karongi,Western,340000,972,928,373,4,0,0.402,45.7,21.1,87,76,0,81,89
2026-W21,2026-05-18,Karongi,Western,340000,1242,1171,513,6,0,0.438,42.4,21.0,87,76,0,81,88
2026-W22,2026-05-25,Karongi,Western,340000,1185,1063,509,7,0,0.479,28.6,21.9,87,76,0,81,89
2026-W23,2026-06-01,Karongi,Western,340000,1121,991,489,5,0,0.493,30.3,21.7,87,76,0,81,87
2026-W24,2026-06-08,Karongi,Western,340000,1158,1024,542,9,0,0.529,25.5,21.7,87,76,0,81,86
2026-W25,2026-06-15,Karongi,Western,340000,1207,1064,521,7,0,0.49,16.5,21.3,87,76,0,81,89
2026-W26,2026-06-22,Karongi,Western,340000,1213,1079,545,10,0,0.505,18.4,20.5,87,73,0,81,86
2026-W27,2026-06-29,Karongi,Western,340000,1349,1265,552,8,0,0.436,22.2,21.2,87,73,0,81,86
2026-W28,2026-07-06,Karongi,Western,340000,1330,1219,461,4,0,0.378,15.4,20.9,87,73,0,81,87
2026-W29,2026-07-13,Karongi,Western,340000,988,907,306,4,0,0.337,13.4,20.2,87,73,0,81,87
2026-W30,2026-07-20,Karongi,Western,340000,1209,1172,365,5,0,0.311,19.8,20.7,87,73,0,81,90
2026-W31,2026-07-27,Karongi,Western,340000,1130,1065,299,4,0,0.281,18.8,20.7,87,73,0,81,87
2026-W32,2026-08-03,Karongi,Western,340000,1197,1076,282,4,0,0.262,10.5,19.6,87,73,0,81,90
2026-W33,2026-08-10,Karongi,Western,340000,1689,1515,283,3,0,0.187,21.1,20.2,87,73,0,81,90
2026-W34,2026-08-17,Karongi,Western,340000,1274,1121,245,4,0,0.219,21.8,19.3,87,73,0,81,88
2026-W35,2026-08-24,Karongi,Western,340000,1227,1179,216,4,0,0.183,39.9,19.0,87,73,0,81,88
2026-W36,2026-08-31,Karongi,Western,340000,1271,1169,204,3,0,0.175,49.2,19.8,87,73,0,81,90
2026-W37,2026-09-07,Karongi,Western,340000,1411,1344,231,4,0,0.172,57.8,19.5,87,73,0,81,87
2026-W38,2026-09-14,Karongi,Western,340000,1396,1282,220,3,0,0.172,53.2,19.3,87,73,0,81,89
2026-W39,2026-09-21,Karongi,Western,340000,1084,985,197,2,0,0.2,69.2,19.1,87,73,0,81,87
2026-W40,2026-09-28,Karongi,Western,340000,1483,1310,194,2,0,0.148,55.4,18.2,87,73,0,81,88
2023-W01,2023-01-02,Gakenke,Northern,340000,637,584,258,3,0,0.442,15.3,16.5,88,78,0,81,91
2023-W02,2023-01-09,Gakenke,Northern,340000,718,696,270,5,0,0.388,15.3,16.8,88,78,0,81,90
2023-W03,2023-01-16,Gakenke,Northern,340000,718,651,199,3,0,0.306,8.2,16.5,88,78,0,81,90
2023-W04,2023-01-23,Gakenke,Northern,340000,803,723,202,2,0,0.279,19.0,16.8,88,78,0,81,89
2023-W05,2023-01-30,Gakenke,Northern,340000,711,634,158,2,0,0.249,17.5,16.3,88,78,0,81,90
2023-W06,2023-02-06,Gakenke,Northern,340000,747,661,152,2,0,0.23,24.4,17.1,88,78,0,81,91
2023-W07,2023-02-13,Gakenke,Northern,340000,869,840,156,3,0,0.186,25.4,17.0,88,78,0,81,90
2023-W08,2023-02-20,Gakenke,Northern,340000,961,843,135,3,0,0.16,35.2,17.0,88,78,0,81,90
2023-W09,2023-02-27,Gakenke,Northern,340000,830,731,121,2,0,0.166,49.0,17.8,88,78,0,81,90
2023-W10,2023-03-06,Gakenke,Northern,340000,799,697,120,2,0,0.172,56.2,18.2,88,78,0,81,89
2023-W11,2023-03-13,Gakenke,Northern,340000,816,770,139,2,0,0.181,70.8,18.2,88,78,0,81,91
2023-W12,2023-03-20,Gakenke,Northern,340000,673,629,113,1,0,0.18,38.3,17.5,88,78,0,81,90
2023-W13,2023-03-27,Gakenke,Northern,340000,806,721,130,2,0,0.18,74.8,18.1,88,78,0,81,90
2023-W14,2023-04-03,Gakenke,Northern,340000,857,760,124,1,0,0.163,84.6,18.7,88,78,0,81,89
2023-W15,2023-04-10,Gakenke,Northern,340000,975,859,156,2,0,0.182,71.4,18.1,88,78,0,81,89
2023-W16,2023-04-17,Gakenke,Northern,340000,820,737,179,4,0,0.243,71.2,18.2,88,78,0,81,88
2023-W17,2023-04-24,Gakenke,Northern,340000,741,682,194,2,0,0.284,90.4,18.3,88,78,0,81,87
2023-W18,2023-05-01,Gakenke,Northern,340000,709,680,191,4,0,0.281,79.8,18.7,88,78,0,81,88
2023-W19,2023-05-08,Gakenke,Northern,340000,657,580,219,3,0,0.378,69.1,18.0,88,78,0,81,89
2023-W20,2023-05-15,Gakenke,Northern,340000,717,694,287,5,0,0.414,50.3,18.9,88,78,0,81,87
2023-W21,2023-05-22,Gakenke,Northern,340000,679,611,289,3,0,0.473,51.4,18.1,88,78,0,81,88
2023-W22,2023-05-29,Gakenke,Northern,340000,701,653,317,5,0,0.485,42.1,19.1,88,78,0,81,88
2023-W23,2023-06-05,Gakenke,Northern,340000,736,646,328,5,0,0.508,34.2,18.6,88,78,0,81,87
2023-W24,2023-06-12,Gakenke,Northern,340000,611,579,317,5,0,0.547,28.1,18.0,88,78,0,81,87
2023-W25,2023-06-19,Gakenke,Northern,340000,616,584,308,6,0,0.527,31.1,18.7,88,78,0,81,91
2023-W26,2023-06-26,Gakenke,Northern,340000,682,648,298,5,0,0.46,14.0,17.9,88,75,0,81,89
2023-W27,2023-07-03,Gakenke,Northern,340000,704,646,283,3,0,0.438,11.5,18.0,88,75,0,81,89
2023-W28,2023-07-10,Gakenke,Northern,340000,824,730,272,3,0,0.373,12.5,17.4,88,75,0,81,87
2023-W29,2023-07-17,Gakenke,Northern,340000,802,744,268,3,0,0.36,15.9,17.9,88,75,0,81,89
2023-W30,2023-07-24,Gakenke,Northern,340000,839,812,236,2,0,0.291,12.7,17.9,88,75,0,81,87
2023-W31,2023-07-31,Gakenke,Northern,340000,765,687,199,3,0,0.29,20.8,16.9,88,75,0,81,90
2023-W32,2023-08-07,Gakenke,Northern,340000,741,672,155,3,0,0.231,21.8,17.3,88,75,0,81,89
2023-W33,2023-08-14,Gakenke,Northern,340000,680,621,125,2,0,0.201,23.5,17.3,88,75,0,81,88
2023-W34,2023-08-21,Gakenke,Northern,340000,961,913,152,2,0,0.166,42.0,16.8,88,75,0,81,87
2023-W35,2023-08-28,Gakenke,Northern,340000,977,855,129,1,0,0.151,40.3,16.2,88,75,0,81,91
2023-W36,2023-09-04,Gakenke,Northern,340000,764,677,128,2,0,0.189,62.5,16.3,88,75,0,81,88
2023-W37,2023-09-11,Gakenke,Northern,340000,770,727,131,2,0,0.18,51.4,16.4,88,75,0,81,91
2023-W38,2023-09-18,Gakenke,Northern,340000,1028,942,141,1,0,0.15,49.0,15.9,88,75,0,81,89
2023-W39,2023-09-25,Gakenke,Northern,340000,799,700,117,1,0,0.167,49.2,15.4,88,75,0,81,91
2023-W40,2023-10-02,Gakenke,Northern,340000,732,673,129,2,0,0.192,110.1,16.2,88,75,0,81,91
2023-W41,2023-10-09,Gakenke,Northern,340000,818,717,133,2,0,0.185,54.1,15.9,88,78,0,81,90
2023-W42,2023-10-16,Gakenke,Northern,340000,767,674,146,3,0,0.217,49.9,14.9,88,78,0,81,89
2023-W43,2023-10-23,Gakenke,Northern,340000,702,645,167,3,0,0.259,51.2,15.3,88,78,0,81,87
2023-W44,2023-10-30,Gakenke,Northern,340000,908,805,209,2,0,0.26,60.8,15.2,88,78,0,81,91
2023-W45,2023-11-06,Gakenke,Northern,340000,785,726,229,3,0,0.315,57.7,15.8,88,78,0,81,90
2023-W46,2023-11-13,Gakenke,Northern,340000,705,657,269,2,0,0.409,32.3,15.7,88,78,0,81,87
2023-W47,2023-11-20,Gakenke,Northern,340000,793,713,301,4,0,0.422,39.2,15.1,88,78,0,81,90
2023-W48,2023-11-27,Gakenke,Northern,340000,786,707,362,4,0,0.512,38.3,15.5,88,78,0,81,89
2023-W49,2023-12-04,Gakenke,Northern,340000,790,735,370,6,0,0.503,20.8,15.3,88,78,0,81,87
2023-W50,2023-12-11,Gakenke,Northern,340000,767,688,379,7,0,0.551,31.2,15.7,88,78,0,81,90
2023-W51,2023-12-18,Gakenke,Northern,340000,752,685,382,6,0,0.558,22.6,16.1,88,78,0,81,90
2023-W52,2023-12-25,Gakenke,Northern,340000,870,766,368,6,0,0.48,12.6,15.6,88,78,0,81,88
2024-W01,2024-01-01,Gakenke,Northern,340000,806,769,334,6,0,0.434,12.0,15.7,88,78,0,81,88
2024-W02,2024-01-08,Gakenke,Northern,340000,858,792,306,5,0,0.386,16.8,16.6,88,78,0,81,89
2024-W03,2024-01-15,Gakenke,Northern,340000,779,719,232,2,0,0.323,18.0,16.8,88,78,0,81,91
2024-W04,2024-01-22,Gakenke,Northern,340000,828,735,222,3,0,0.302,21.4,16.7,88,78,0,81,87
2024-W05,2024-01-29,Gakenke,Northern,340000,791,735,198,3,0,0.269,29.4,16.9,88,78,0,81,88
2024-W06,2024-02-05,Gakenke,Northern,340000,999,902,177,3,0,0.196,24.8,17.5,88,78,0,81,88
2024-W07,2024-02-12,Gakenke,Northern,340000,812,764,155,3,0,0.203,29.5,17.0,88,78,0,81,91
2024-W08,2024-02-19,Gakenke,Northern,340000,1145,1018,165,2,0,0.162,51.1,17.3,88,78,0,81,90
2024-W09,2024-02-26,Gakenke,Northern,340000,916,811,152,2,0,0.187,34.1,17.0,88,78,0,81,88
2024-W10,2024-03-04,Gakenke,Northern,340000,1050,989,164,2,0,0.166,47.9,17.7,88,78,0,81,89
2024-W11,2024-03-11,Gakenke,Northern,340000,986,868,142,2,0,0.164,57.3,17.9,88,78,0,81,87
2024-W12,2024-03-18,Gakenke,Northern,340000,1105,999,156,1,0,0.156,59.0,17.6,88,78,0,81,88
2024-W13,2024-03-25,Gakenke,Northern,340000,825,793,133,1,0,0.168,55.5,18.6,88,78,0,81,90
2024-W14,2024-04-01,Gakenke,Northern,340000,915,808,178,3,0,0.22,66.8,18.4,88,78,0,81,87
2024-W15,2024-04-08,Gakenke,Northern,340000,761,689,154,1,0,0.224,70.5,17.9,88,78,0,81,89
2024-W16,2024-04-15,Gakenke,Northern,340000,746,678,165,3,0,0.243,68.6,17.9,88,78,0,81,88
2024-W17,2024-04-22,Gakenke,Northern,340000,987,876,213,2,0,0.243,60.3,19.0,88,78,0,81,90
2024-W18,2024-04-29,Gakenke,Northern,340000,819,775,249,3,0,0.321,48.8,18.5,88,78,0,81,89
2024-W19,2024-05-06,Gakenke,Northern,340000,997,867,305,3,0,0.352,46.6,18.5,88,78,0,81,88
2024-W20,2024-05-13,Gakenke,Northern,340000,934,867,345,3,0,0.398,47.2,18.9,88,78,0,81,89
2024-W21,2024-05-20,Gakenke,Northern,340000,974,852,364,7,0,0.427,28.3,18.1,88,78,0,81,87
2024-W22,2024-05-27,Gakenke,Northern,340000,974,854,428,6,0,0.501,26.9,18.9,88,78,0,81,90
2024-W23,2024-06-03,Gakenke,Northern,340000,952,887,470,8,0,0.53,31.7,18.6,88,78,0,81,89
2024-W24,2024-06-10,Gakenke,Northern,340000,907,791,415,8,0,0.525,19.0,18.1,88,78,0,81,88
2024-W25,2024-06-17,Gakenke,Northern,340000,1065,1002,496,6,0,0.495,25.9,18.4,88,78,0,81,87
2024-W26,2024-06-24,Gakenke,Northern,340000,1029,908,416,7,0,0.458,18.0,17.8,88,75,0,81,87
2024-W27,2024-07-01,Gakenke,Northern,340000,988,885,391,4,0,0.442,21.1,17.5,88,75,0,81,87
2024-W28,2024-07-08,Gakenke,Northern,340000,952,921,368,6,0,0.4,22.3,17.7,88,75,0,81,87
2024-W29,2024-07-15,Gakenke,Northern,340000,961,915,335,6,0,0.366,21.8,17.1,88,75,0,81,91
2024-W30,2024-07-22,Gakenke,Northern,340000,965,891,272,2,0,0.305,17.3,17.7,88,75,0,81,87
2024-W31,2024-07-29,Gakenke,Northern,340000,1007,957,262,4,0,0.274,21.8,17.4,88,75,0,81,87
2024-W32,2024-08-05,Gakenke,Northern,340000,1065,1029,226,3,0,0.22,18.4,17.4,88,75,0,81,90
2024-W33,2024-08-12,Gakenke,Northern,340000,882,778,183,1,0,0.235,25.4,17.0,88,75,0,81,88
2024-W34,2024-08-19,Gakenke,Northern,340000,931,901,189,2,0,0.21,24.8,17.2,88,75,0,81,87
2024-W35,2024-08-26,Gakenke,Northern,340000,969,928,186,4,0,0.2,34.0,16.6,88,75,0,81,91
2024-W36,2024-09-02,Gakenke,Northern,340000,974,879,167,1,0,0.19,41.7,15.9,88,75,0,81,87
2024-W37,2024-09-09,Gakenke,Northern,340000,960,878,156,2,0,0.178,40.5,16.2,88,75,0,81,88
2024-W38,2024-09-16,Gakenke,Northern,340000,1021,979,186,2,0,0.19,59.0,15.9,88,75,0,81,90
2024-W39,2024-09-23,Gakenke,Northern,340000,969,900,178,3,0,0.198,69.4,15.6,88,75,0,81,87
2024-W40,2024-09-30,Gakenke,Northern,340000,1440,1274,206,4,0,0.162,91.1,15.8,88,75,0,81,89
2024-W41,2024-10-07,Gakenke,Northern,340000,1208,1079,180,3,0,0.167,66.1,15.1,88,78,0,81,88
2024-W42,2024-10-14,Gakenke,Northern,340000,1194,1102,233,5,0,0.211,57.7,15.4,88,78,0,81,91
2024-W43,2024-10-21,Gakenke,Northern,340000,1207,1152,253,2,0,0.22,58.6,15.0,88,78,0,81,90
2024-W44,2024-10-28,Gakenke,Northern,340000,1120,1058,280,2,0,0.265,58.2,14.9,88,78,0,81,90
2024-W45,2024-11-04,Gakenke,Northern,340000,1049,965,336,4,0,0.348,47.7,15.0,88,78,0,81,89
2024-W46,2024-11-11,Gakenke,Northern,340000,1036,988,363,5,0,0.367,45.4,15.1,88,78,0,81,88
2024-W47,2024-11-18,Gakenke,Northern,340000,1177,1063,457,6,0,0.43,42.7,15.2,88,78,0,81,90
2024-W48,2024-11-25,Gakenke,Northern,340000,964,902,455,6,0,0.504,34.7,15.5,88,78,0,81,88
2024-W49,2024-12-02,Gakenke,Northern,340000,1022,964,499,10,0,0.518,23.4,15.7,88,78,0,81,90
2024-W50,2024-12-09,Gakenke,Northern,340000,987,878,475,6,0,0.541,15.3,15.3,88,78,0,81,91
2024-W51,2024-12-16,Gakenke,Northern,340000,977,852,470,8,0,0.552,15.0,15.5,88,78,0,81,91
2024-W52,2024-12-23,Gakenke,Northern,340000,1104,982,504,4,1,0.513,19.1,15.7,88,78,0,81,88
2025-W01,2024-12-30,Gakenke,Northern,340000,982,942,401,6,0,0.426,15.9,16.6,88,78,0,81,91
2025-W02,2025-01-06,Gakenke,Northern,340000,1214,1103,408,5,0,0.37,15.6,16.7,88,78,0,81,87
2025-W03,2025-01-13,Gakenke,Northern,340000,1034,970,324,4,0,0.334,20.5,16.8,88,78,0,81,88
2025-W04,2025-01-20,Gakenke,Northern,340000,1016,955,296,6,0,0.31,15.2,16.9,88,78,0,81,90
2025-W05,2025-01-27,Gakenke,Northern,340000,1383,1259,278,2,0,0.221,19.5,16.5,88,78,0,81,90
2025-W06,2025-02-03,Gakenke,Northern,340000,1114,976,233,4,0,0.239,26.1,16.5,88,78,0,81,88
2025-W07,2025-02-10,Gakenke,Northern,340000,1193,1102,242,5,0,0.22,27.7,17.4,88,78,0,81,87
2025-W08,2025-02-17,Gakenke,Northern,340000,1360,1262,194,2,0,0.154,33.3,16.9,88,78,0,81,89
2025-W09,2025-02-24,Gakenke,Northern,340000,1146,1064,192,3,0,0.18,51.2,17.5,88,78,0,81,89
2025-W10,2025-03-03,Gakenke,Northern,340000,1231,1145,199,3,0,0.174,40.6,17.5,88,78,0,81,88
2025-W11,2025-03-10,Gakenke,Northern,340000,1629,1553,223,3,0,0.144,52.1,18.2,88,78,0,81,88
2025-W12,2025-03-17,Gakenke,Northern,340000,1307,1189,209,2,0,0.176,44.5,17.6,88,78,0,81,89
2025-W13,2025-03-24,Gakenke,Northern,340000,1318,1190,221,4,0,0.186,69.8,18.1,88,78,0,81,91
2025-W14,2025-03-31,Gakenke,Northern,340000,1171,1113,215,4,0,0.193,69.9,18.9,88,78,0,81,87
2025-W15,2025-04-07,Gakenke,Northern,340000,1448,1317,257,5,0,0.195,65.5,18.6,88,78,0,81,87
2025-W16,2025-04-14,Gakenke,Northern,340000,1380,1222,257,4,0,0.21,63.1,19.0,88,78,0,81,87
2025-W17,2025-04-21,Gakenke,Northern,340000,1242,1089,306,4,0,0.281,58.4,18.9,88,78,0,81,87
2025-W18,2025-04-28,Gakenke,Northern,340000,1288,1144,355,6,0,0.31,79.6,18.9,88,78,0,81,91
2025-W19,2025-05-05,Gakenke,Northern,340000,1232,1105,405,8,0,0.367,56.9,18.1,88,78,0,81,90
2025-W20,2025-05-12,Gakenke,Northern,340000,1164,1123,438,5,0,0.39,62.7,19.0,88,78,0,81,88
2025-W21,2025-05-19,Gakenke,Northern,340000,1006,946,451,6,0,0.477,52.9,18.6,88,78,0,81,88
2025-W22,2025-05-26,Gakenke,Northern,340000,1150,1030,522,9,0,0.507,32.9,18.6,88,78,0,81,87
2025-W23,2025-06-02,Gakenke,Northern,340000,1098,1043,560,7,0,0.537,30.0,17.8,88,78,0,81,87
2025-W24,2025-06-09,Gakenke,Northern,340000,1123,1000,504,5,0,0.504,25.0,17.8,88,78,0,81,90
2025-W25,2025-06-16,Gakenke,Northern,340000,1145,1087,567,6,0,0.522,15.8,18.8,88,78,0,81,87
2025-W26,2025-06-23,Gakenke,Northern,340000,1171,1027,513,10,0,0.5,20.9,17.9,88,75,0,81,89
2025-W27,2025-06-30,Gakenke,Northern,340000,1071,1025,472,4,0,0.46,14.0,17.4,88,75,0,81,89
2025-W28,2025-07-07,Gakenke,Northern,340000,1194,1138,443,6,0,0.389,19.2,17.9,88,75,0,81,89
2025-W29,2025-07-14,Gakenke,Northern,340000,1159,1081,364,7,0,0.337,11.5,17.3,88,75,0,81,87
2025-W30,2025-07-21,Gakenke,Northern,340000,1344,1202,363,3,0,0.302,13.3,17.4,88,75,0,81,88
2025-W31,2025-07-28,Gakenke,Northern,340000,1178,1082,284,4,0,0.262,18.3,17.6,88,75,0,81,87
2025-W32,2025-08-04,Gakenke,Northern,340000,1157,1094,271,5,0,0.248,24.6,17.5,88,75,0,81,87
2025-W33,2025-08-11,Gakenke,Northern,340000,1169,1126,235,3,0,0.209,18.4,17.1,88,75,0,81,91
2025-W34,2025-08-18,Gakenke,Northern,340000,1814,1609,261,4,0,0.162,31.1,17.2,88,75,0,81,87
2025-W35,2025-08-25,Gakenke,Northern,340000,1246,1175,196,3,0,0.167,30.5,16.3,88,75,0,81,91
2025-W36,2025-09-01,Gakenke,Northern,340000,1149,1092,206,2,0,0.189,37.6,15.7,88,75,0,81,88
2025-W37,2025-09-08,Gakenke,Northern,340000,1484,1407,215,3,0,0.153,45.3,15.8,88,75,0,81,89
2025-W38,2025-09-15,Gakenke,Northern,340000,1136,1097,188,3,0,0.171,66.7,16.1,88,75,0,81,89
2025-W39,2025-09-22,Gakenke,Northern,340000,1184,1068,194,3,0,0.182,63.7,16.3,88,75,0,81,91
2025-W40,2025-09-29,Gakenke,Northern,340000,1380,1267,241,3,0,0.19,50.1,15.6,88,75,0,81,87
2025-W41,2025-10-06,Gakenke,Northern,340000,1278,1115,215,2,0,0.193,58.0,15.6,88,78,0,81,87
2025-W42,2025-10-13,Gakenke,Northern,340000,1370,1225,241,3,0,0.197,81.3,15.9,88,78,0,81,88
2025-W43,2025-10-20,Gakenke,Northern,340000,1077,988,263,5,0,0.266,74.8,15.3,88,78,0,81,90
2025-W44,2025-10-27,Gakenke,Northern,340000,1235,1184,344,7,0,0.291,53.9,15.2,88,78,0,81,89
2025-W45,2025-11-03,Gakenke,Northern,340000,1223,1163,407,4,0,0.35,58.6,15.2,88,78,0,81,90
2025-W46,2025-11-10,Gakenke,Northern,340000,1068,1030,412,8,0,0.4,55.0,15.6,88,78,0,81,89
2025-W47,2025-11-17,Gakenke,Northern,340000,1176,1029,431,6,0,0.419,25.5,15.9,88,78,0,81,91
2025-W48,2025-11-24,Gakenke,Northern,340000,1328,1158,601,11,0,0.519,21.1,15.6,88,78,0,81,90
2025-W49,2025-12-01,Gakenke,Northern,340000,1224,1149,581,5,0,0.506,23.7,16.1,88,78,0,81,87
2025-W50,2025-12-08,Gakenke,Northern,340000,1151,1107,593,8,0,0.536,18.0,15.4,88,78,0,81,90
2025-W51,2025-12-15,Gakenke,Northern,340000,1024,985,523,9,0,0.531,16.8,15.5,88,78,0,81,89
2025-W52,2025-12-22,Gakenke,Northern,340000,1154,1092,527,9,0,0.483,21.0,16.3,88,78,0,81,91
2026-W01,2025-12-29,Gakenke,Northern,340000,1100,1061,494,5,0,0.466,19.8,15.6,88,78,0,81,90
2026-W02,2026-01-05,Gakenke,Northern,340000,1069,973,394,4,0,0.405,14.7,16.3,88,78,0,81,87
2026-W03,2026-01-12,Gakenke,Northern,340000,944,891,312,3,0,0.35,21.9,15.9,88,78,0,81,87
2026-W04,2026-01-19,Gakenke,Northern,340000,1132,1092,282,3,0,0.258,13.7,16.2,88,78,0,81,90
2026-W05,2026-01-26,Gakenke,Northern,340000,1462,1314,281,3,0,0.214,21.6,16.4,88,78,0,81,89
2026-W06,2026-02-02,Gakenke,Northern,340000,1270,1147,216,2,0,0.188,30.0,16.6,88,78,0,81,87
2026-W07,2026-02-09,Gakenke,Northern,340000,1364,1278,211,2,0,0.165,21.2,17.6,88,78,0,81,91
2026-W08,2026-02-16,Gakenke,Northern,340000,1056,1011,196,3,0,0.194,42.7,17.5,88,78,0,81,89
2026-W09,2026-02-23,Gakenke,Northern,340000,1196,1125,205,4,0,0.182,42.7,17.6,88,78,0,81,91
2026-W10,2026-03-02,Gakenke,Northern,340000,1335,1214,186,3,0,0.153,55.2,17.6,88,78,0,81,89
2026-W11,2026-03-09,Gakenke,Northern,340000,1292,1225,206,3,0,0.168,62.4,17.3,88,78,0,81,87
2026-W12,2026-03-16,Gakenke,Northern,340000,1691,1515,218,3,0,0.144,68.6,17.7,88,78,0,81,89
2026-W13,2026-03-23,Gakenke,Northern,340000,1447,1331,220,3,0,0.165,61.7,18.6,88,78,0,81,88
2026-W14,2026-03-30,Gakenke,Northern,340000,1010,933,195,2,0,0.209,62.0,18.2,88,78,0,81,90
2026-W15,2026-04-06,Gakenke,Northern,340000,1302,1182,226,4,0,0.191,79.9,18.5,88,78,0,81,88
2026-W16,2026-04-13,Gakenke,Northern,340000,1066,946,242,3,0,0.256,58.3,18.6,88,78,0,81,91
2026-W17,2026-04-20,Gakenke,Northern,340000,1094,1010,255,2,0,0.252,75.8,18.1,88,78,0,81,90
2026-W18,2026-04-27,Gakenke,Northern,340000,1271,1126,338,6,0,0.3,52.6,18.7,88,78,0,81,91
2026-W19,2026-05-04,Gakenke,Northern,340000,1164,1059,353,3,0,0.333,68.0,19.1,88,78,0,81,91
2026-W20,2026-05-11,Gakenke,Northern,340000,1049,951,407,7,0,0.428,73.7,19.0,88,78,0,81,88
2026-W21,2026-05-18,Gakenke,Northern,340000,1208,1064,452,7,0,0.425,41.3,18.2,88,78,0,81,88
2026-W22,2026-05-25,Gakenke,Northern,340000,1269,1152,527,6,0,0.457,35.0,18.4,88,78,0,81,89
2026-W23,2026-06-01,Gakenke,Northern,340000,1224,1151,573,11,0,0.498,21.9,18.1,88,78,0,81,87
2026-W24,2026-06-08,Gakenke,Northern,340000,1192,1136,593,8,0,0.522,22.5,18.7,88,78,0,81,91
2026-W25,2026-06-15,Gakenke,Northern,340000,1033,918,465,5,0,0.507,16.3,18.7,88,78,0,81,88
2026-W26,2026-06-22,Gakenke,Northern,340000,1159,1051,507,9,0,0.482,13.9,18.0,88,75,0,81,88
2026-W27,2026-06-29,Gakenke,Northern,340000,1072,937,427,7,0,0.456,17.3,18.3,88,75,0,81,89
2026-W28,2026-07-06,Gakenke,Northern,340000,1064,979,386,4,0,0.394,15.6,17.2,88,75,0,81,90
2026-W29,2026-07-13,Gakenke,Northern,340000,963,929,333,5,0,0.358,14.7,18.1,88,75,0,81,87
2026-W30,2026-07-20,Gakenke,Northern,340000,1287,1227,345,6,0,0.281,18.8,17.6,88,75,0,81,91
2026-W31,2026-07-27,Gakenke,Northern,340000,1135,1094,261,3,0,0.239,16.1,17.7,88,75,0,81,87
2026-W32,2026-08-03,Gakenke,Northern,340000,1041,990,260,4,0,0.263,19.1,16.7,88,75,0,81,87
2026-W33,2026-08-10,Gakenke,Northern,340000,1251,1166,233,4,0,0.2,23.6,16.7,88,75,0,81,87
2026-W34,2026-08-17,Gakenke,Northern,340000,1435,1391,229,4,0,0.165,27.2,16.5,88,75,0,81,89
2026-W35,2026-08-24,Gakenke,Northern,340000,1343,1227,206,4,0,0.168,38.7,15.9,88,75,0,81,91
2026-W36,2026-08-31,Gakenke,Northern,340000,1167,1081,211,2,0,0.195,42.2,15.8,88,75,0,81,87
2026-W37,2026-09-07,Gakenke,Northern,340000,1411,1273,178,2,0,0.14,58.8,16.6,88,75,0,81,88
2026-W38,2026-09-14,Gakenke,Northern,340000,1361,1201,186,4,0,0.155,69.6,16.5,88,75,0,81,90
2026-W39,2026-09-21,Gakenke,Northern,340000,1198,1109,200,3,0,0.18,63.0,15.9,88,75,0,81,87
2026-W40,2026-09-28,Gakenke,Northern,340000,1518,1426,223,2,0,0.156,69.2,16.2,88,75,0,81,88
2023-W01,2023-01-02,Kirehe,Eastern,420000,724,659,313,6,0,0.475,12.9,21.1,90,72,95,80,96
2023-W02,2023-01-09,Kirehe,Eastern,420000,870,794,298,3,0,0.375,15.7,21.1,90,72,95,80,99
2023-W03,2023-01-16,Kirehe,Eastern,420000,844,735,258,5,0,0.351,13.2,21.9,90,72,95,80,96
2023-W04,2023-01-23,Kirehe,Eastern,420000,842,786,223,3,0,0.284,16.2,21.5,90,72,95,80,95
2023-W05,2023-01-30,Kirehe,Eastern,420000,851,764,192,2,0,0.251,16.5,21.6,90,72,95,80,96
2023-W06,2023-02-06,Kirehe,Eastern,420000,757,713,148,3,0,0.208,24.3,21.5,90,72,95,80,98
2023-W07,2023-02-13,Kirehe,Eastern,420000,720,680,143,3,0,0.21,24.7,22.5,90,72,95,80,98
2023-W08,2023-02-20,Kirehe,Eastern,420000,869,778,135,2,0,0.174,44.6,22.0,90,72,95,80,95
2023-W09,2023-02-27,Kirehe,Eastern,420000,867,811,154,3,0,0.19,36.8,22.9,90,72,95,80,98
2023-W10,2023-03-06,Kirehe,Eastern,420000,887,781,130,2,0,0.166,52.9,22.4,90,72,95,80,96
2023-W11,2023-03-13,Kirehe,Eastern,420000,1037,988,146,2,0,0.148,70.8,23.3,90,72,95,80,96
2023-W12,2023-03-20,Kirehe,Eastern,420000,969,870,124,1,0,0.143,69.5,22.8,90,72,95,80,99
2023-W13,2023-03-27,Kirehe,Eastern,420000,742,714,124,2,0,0.174,61.0,23.6,90,72,95,80,99
2023-W14,2023-04-03,Kirehe,Eastern,420000,961,891,163,3,0,0.183,82.8,23.2,90,72,95,80,98
2023-W15,2023-04-10,Kirehe,Eastern,420000,841,733,169,1,0,0.231,83.9,23.3,90,72,95,80,97
2023-W16,2023-04-17,Kirehe,Eastern,420000,815,745,165,2,0,0.221,72.4,23.3,90,72,95,80,97
2023-W17,2023-04-24,Kirehe,Eastern,420000,746,677,197,3,0,0.291,71.9,23.3,90,72,95,80,95
2023-W18,2023-05-01,Kirehe,Eastern,420000,786,746,221,2,0,0.296,58.9,23.1,90,72,95,80,96
2023-W19,2023-05-08,Kirehe,Eastern,420000,651,571,216,4,0,0.378,54.7,23.6,90,72,95,80,97
2023-W20,2023-05-15,Kirehe,Eastern,420000,821,765,291,4,0,0.38,38.9,24.1,90,72,95,80,97
2023-W21,2023-05-22,Kirehe,Eastern,420000,753,659,284,6,0,0.431,42.3,23.1,90,72,95,80,96
2023-W22,2023-05-29,Kirehe,Eastern,420000,735,652,323,5,0,0.495,45.6,23.7,90,72,95,80,95
2023-W23,2023-06-05,Kirehe,Eastern,420000,789,733,359,3,0,0.49,30.1,23.8,90,72,95,80,98
2023-W24,2023-06-12,Kirehe,Eastern,420000,876,766,397,6,0,0.518,29.3,23.2,90,72,95,80,97
2023-W25,2023-06-19,Kirehe,Eastern,420000,823,761,393,6,0,0.516,26.2,22.7,90,72,95,80,99
2023-W26,2023-06-26,Kirehe,Eastern,420000,728,644,320,3,0,0.497,27.2,23.2,90,69,95,80,99
2023-W27,2023-07-03,Kirehe,Eastern,420000,715,681,299,3,0,0.439,17.0,22.4,90,69,95,80,97
2023-W28,2023-07-10,Kirehe,Eastern,420000,726,688,289,5,0,0.42,13.4,22.3,90,69,95,80,96
2023-W29,2023-07-17,Kirehe,Eastern,420000,813,784,267,4,0,0.341,12.3,22.2,90,69,95,80,96
2023-W30,2023-07-24,Kirehe,Eastern,420000,913,881,255,3,0,0.289,17.4,22.1,90,69,95,80,96
2023-W31,2023-07-31,Kirehe,Eastern,420000,828,751,207,3,0,0.276,12.8,21.7,90,69,95,80,99
2023-W32,2023-08-07,Kirehe,Eastern,420000,706,667,163,2,0,0.244,19.2,22.0,90,69,95,80,97
2023-W33,2023-08-14,Kirehe,Eastern,420000,954,881,161,2,0,0.183,23.9,21.8,90,69,95,80,95
2023-W34,2023-08-21,Kirehe,Eastern,420000,885,778,145,2,0,0.186,31.0,21.3,90,69,95,80,98
2023-W35,2023-08-28,Kirehe,Eastern,420000,856,825,170,3,0,0.206,46.8,21.5,90,69,95,80,98
2023-W36,2023-09-04,Kirehe,Eastern,420000,757,684,127,2,0,0.186,40.8,21.5,90,69,95,80,99
2023-W37,2023-09-11,Kirehe,Eastern,420000,807,732,144,2,0,0.197,51.9,20.8,90,69,95,80,96
2023-W38,2023-09-18,Kirehe,Eastern,420000,784,694,136,2,0,0.196,52.8,20.3,90,69,95,80,97
2023-W39,2023-09-25,Kirehe,Eastern,420000,1042,967,150,2,0,0.155,96.8,20.7,90,69,95,80,95
2023-W40,2023-10-02,Kirehe,Eastern,420000,764,741,143,1,0,0.193,81.4,20.9,90,69,95,80,96
2023-W41,2023-10-09,Kirehe,Eastern,420000,1008,924,151,3,0,0.163,71.0,20.7,90,72,95,80,96
2023-W42,2023-10-16,Kirehe,Eastern,420000,787,760,148,1,0,0.195,68.9,20.5,90,72,95,80,98
2023-W43,2023-10-23,Kirehe,Eastern,420000,891,837,200,2,0,0.239,63.3,20.4,90,72,95,80,95
2023-W44,2023-10-30,Kirehe,Eastern,420000,811,768,214,4,0,0.279,81.4,20.3,90,72,95,80,99
2023-W45,2023-11-06,Kirehe,Eastern,420000,815,728,224,4,0,0.308,48.9,21.0,90,72,95,80,95
2023-W46,2023-11-13,Kirehe,Eastern,420000,999,883,324,5,0,0.367,48.2,20.9,90,72,95,80,98
2023-W47,2023-11-20,Kirehe,Eastern,420000,892,782,328,6,0,0.419,37.9,20.5,90,72,95,80,98
2023-W48,2023-11-27,Kirehe,Eastern,420000,815,790,398,4,0,0.504,24.0,20.3,90,72,95,80,99
2023-W49,2023-12-04,Kirehe,Eastern,420000,906,866,442,6,0,0.51,22.0,20.7,90,72,95,80,98
2023-W50,2023-12-11,Kirehe,Eastern,420000,820,785,428,7,0,0.545,22.5,20.3,90,72,95,80,97
2023-W51,2023-12-18,Kirehe,Eastern,420000,793,768,389,7,0,0.507,19.2,20.3,90,72,95,80,99
2023-W52,2023-12-25,Kirehe,Eastern,420000,762,715,361,5,0,0.505,15.5,20.8,90,72,95,80,98
2024-W01,2024-01-01,Kirehe,Eastern,420000,866,759,342,6,0,0.451,13.1,21.1,90,72,95,80,97
2024-W02,2024-01-08,Kirehe,Eastern,420000,841,778,296,4,0,0.38,17.1,20.9,90,72,95,80,96
2024-W03,2024-01-15,Kirehe,Eastern,420000,886,801,251,3,0,0.313,16.6,21.7,90,72,95,80,98
2024-W04,2024-01-22,Kirehe,Eastern,420000,808,763,229,4,0,0.3,17.2,21.4,90,72,95,80,97
2024-W05,2024-01-29,Kirehe,Eastern,420000,1145,998,217,4,0,0.217,21.8,22.1,90,72,95,80,99
2024-W06,2024-02-05,Kirehe,Eastern,420000,896,788,189,2,0,0.24,28.1,21.5,90,72,95,80,98
2024-W07,2024-02-12,Kirehe,Eastern,420000,931,839,175,2,0,0.209,22.9,22.6,90,72,95,80,99
2024-W08,2024-02-19,Kirehe,Eastern,420000,1044,949,155,3,0,0.163,40.9,22.5,90,72,95,80,99
2024-W09,2024-02-26,Kirehe,Eastern,420000,894,852,159,3,0,0.187,42.2,22.0,90,72,95,80,96
2024-W10,2024-03-04,Kirehe,Eastern,420000,1187,1040,152,2,0,0.146,59.3,22.5,90,72,95,80,95
2024-W11,2024-03-11,Kirehe,Eastern,420000,1148,1091,161,2,0,0.148,49.1,22.3,90,72,95,80,96
2024-W12,2024-03-18,Kirehe,Eastern,420000,922,829,162,1,0,0.195,60.2,23.6,90,72,95,80,96
2024-W13,2024-03-25,Kirehe,Eastern,420000,1171,1071,178,2,0,0.166,88.3,23.0,90,72,95,80,95
2024-W14,2024-04-01,Kirehe,Eastern,420000,975,934,167,2,0,0.179,81.0,22.9,90,72,95,80,96
2024-W15,2024-04-08,Kirehe,Eastern,420000,1130,1090,197,3,0,0.181,77.3,23.5,90,72,95,80,96
2024-W16,2024-04-15,Kirehe,Eastern,420000,927,820,199,2,0,0.243,84.2,23.2,90,72,95,80,95
2024-W17,2024-04-22,Kirehe,Eastern,420000,927,881,248,3,0,0.281,66.2,23.8,90,72,95,80,96
2024-W18,2024-04-29,Kirehe,Eastern,420000,1089,1000,291,2,0,0.291,62.6,24.0,90,72,95,80,98
2024-W19,2024-05-06,Kirehe,Eastern,420000,1207,1055,368,3,0,0.349,58.0,23.9,90,72,95,80,98
2024-W20,2024-05-13,Kirehe,Eastern,420000,1015,920,352,4,0,0.383,59.0,24.0,90,72,95,80,97
2024-W21,2024-05-20,Kirehe,Eastern,420000,968,932,419,7,0,0.45,37.5,23.6,90,72,95,80,96
2024-W22,2024-05-27,Kirehe,Eastern,420000,965,912,443,6,0,0.486,35.0,23.6,90,72,95,80,96
2024-W23,2024-06-03,Kirehe,Eastern,420000,959,840,446,5,0,0.531,28.3,23.5,90,72,95,80,98
2024-W24,2024-06-10,Kirehe,Eastern,420000,838,811,424,8,0,0.523,26.4,22.9,90,72,95,80,95
2024-W25,2024-06-17,Kirehe,Eastern,420000,960,924,466,7,0,0.504,18.5,22.7,90,72,95,80,98
2024-W26,2024-06-24,Kirehe,Eastern,420000,1109,985,500,8,0,0.508,15.9,23.4,90,69,95,80,98
2024-W27,2024-07-01,Kirehe,Eastern,420000,1136,1027,464,4,0,0.452,14.7,23.2,90,69,95,80,99
2024-W28,2024-07-08,Kirehe,Eastern,420000,1097,1004,389,6,0,0.387,17.4,22.6,90,69,95,80,98
2024-W29,2024-07-15,Kirehe,Eastern,420000,1098,1050,345,5,0,0.329,11.9,22.4,90,69,95,80,98
2024-W30,2024-07-22,Kirehe,Eastern,420000,1171,1031,336,5,0,0.326,13.7,22.0,90,69,95,80,98
2024-W31,2024-07-29,Kirehe,Eastern,420000,1180,1138,283,5,0,0.249,14.9,22.3,90,69,95,80,98
2024-W32,2024-08-05,Kirehe,Eastern,420000,1278,1114,261,5,0,0.234,15.2,21.8,90,69,95,80,98
2024-W33,2024-08-12,Kirehe,Eastern,420000,1404,1358,256,5,0,0.189,25.0,21.9,90,69,95,80,99
2024-W34,2024-08-19,Kirehe,Eastern,420000,1103,1054,203,3,0,0.193,31.9,21.8,90,69,95,80,96
2024-W35,2024-08-26,Kirehe,Eastern,420000,1278,1183,215,3,0,0.182,34.2,22.0,90,69,95,80,96
2024-W36,2024-09-02,Kirehe,Eastern,420000,1422,1350,199,2,0,0.147,40.1,21.7,90,69,95,80,97
2024-W37,2024-09-09,Kirehe,Eastern,420000,1060,981,186,3,0,0.19,44.8,20.9,90,69,95,80,95
2024-W38,2024-09-16,Kirehe,Eastern,420000,1147,1072,164,3,0,0.153,61.1,20.7,90,69,95,80,97
2024-W39,2024-09-23,Kirehe,Eastern,420000,1044,995,193,2,0,0.194,76.9,20.4,90,69,95,80,97
2024-W40,2024-09-30,Kirehe,Eastern,420000,1341,1167,213,2,0,0.183,89.5,20.5,90,69,95,80,99
2024-W41,2024-10-07,Kirehe,Eastern,420000,1200,1105,234,4,0,0.212,84.3,20.2,90,72,95,80,97
2024-W42,2024-10-14,Kirehe,Eastern,420000,1056,1019,241,5,0,0.237,49.4,21.1,90,72,95,80,95
2024-W43,2024-10-21,Kirehe,Eastern,420000,1413,1241,282,3,0,0.227,72.8,20.0,90,72,95,80,96
2024-W44,2024-10-28,Kirehe,Eastern,420000,1440,1332,388,7,0,0.291,58.9,20.7,90,72,95,80,97
2024-W45,2024-11-04,Kirehe,Eastern,420000,1429,1308,409,6,0,0.313,47.6,19.8,90,72,95,80,95
2024-W46,2024-11-11,Kirehe,Eastern,420000,1283,1234,455,4,0,0.369,44.4,21.0,90,72,95,80,99
2024-W47,2024-11-18,Kirehe,Eastern,420000,1076,1013,456,7,0,0.45,26.5,20.3,90,72,95,80,98
2024-W48,2024-11-25,Kirehe,Eastern,420000,1228,1126,575,6,0,0.511,32.1,20.4,90,72,95,80,98
2024-W49,2024-12-02,Kirehe,Eastern,420000,1182,1037,532,5,0,0.513,16.6,21.0,90,72,95,80,99
2024-W50,2024-12-09,Kirehe,Eastern,420000,1280,1154,620,10,1,0.537,19.4,20.7,90,72,95,80,99
2024-W51,2024-12-16,Kirehe,Eastern,420000,1123,1034,546,10,0,0.528,14.5,20.2,90,72,95,80,97
2024-W52,2024-12-23,Kirehe,Eastern,420000,1263,1145,558,9,0,0.487,24.5,20.6,90,72,95,80,95
2025-W01,2024-12-30,Kirehe,Eastern,420000,1198,1160,540,5,0,0.466,13.7,21.0,90,72,95,80,95
2025-W02,2025-01-06,Kirehe,Eastern,420000,1345,1238,473,9,0,0.382,13.5,21.5,90,72,95,80,98
2025-W03,2025-01-13,Kirehe,Eastern,420000,1033,1000,359,6,0,0.359,14.0,22.0,90,72,95,80,99
2025-W04,2025-01-20,Kirehe,Eastern,420000,1293,1233,340,4,0,0.276,13.2,21.9,90,72,95,80,98
2025-W05,2025-01-27,Kirehe,Eastern,420000,1302,1147,305,3,0,0.266,11.6,21.4,90,72,95,80,95
2025-W06,2025-02-03,Kirehe,Eastern,420000,1257,1213,278,4,0,0.229,26.2,21.6,90,72,95,80,97
2025-W07,2025-02-10,Kirehe,Eastern,420000,1275,1123,247,3,0,0.22,33.4,22.7,90,72,95,80,99
2025-W08,2025-02-17,Kirehe,Eastern,420000,1330,1291,211,3,0,0.163,31.5,22.7,90,72,95,80,98
2025-W09,2025-02-24,Kirehe,Eastern,420000,1331,1282,233,5,0,0.182,41.4,22.4,90,72,95,80,99
2025-W10,2025-03-03,Kirehe,Eastern,420000,1630,1456,211,2,0,0.145,37.6,22.7,90,72,95,80,98
2025-W11,2025-03-10,Kirehe,Eastern,420000,1597,1403,208,4,0,0.148,47.8,22.7,90,72,95,80,99
2025-W12,2025-03-17,Kirehe,Eastern,420000,1368,1191,239,4,0,0.201,73.2,22.6,90,72,95,80,97
2025-W13,2025-03-24,Kirehe,Eastern,420000,1169,1053,211,3,0,0.2,54.4,23.3,90,72,95,80,95
2025-W14,2025-03-31,Kirehe,Eastern,420000,1711,1616,266,3,0,0.165,46.7,23.7,90,72,95,80,98
2025-W15,2025-04-07,Kirehe,Eastern,420000,1191,1108,249,3,0,0.225,61.7,24.0,90,72,95,80,95
2025-W16,2025-04-14,Kirehe,Eastern,420000,1357,1265,311,5,0,0.246,54.1,23.6,90,72,95,80,97
2025-W17,2025-04-21,Kirehe,Eastern,420000,1433,1352,332,5,0,0.246,58.5,23.3,90,72,95,80,95
2025-W18,2025-04-28,Kirehe,Eastern,420000,1315,1256,368,6,0,0.293,70.4,24.2,90,72,95,80,97
2025-W19,2025-05-05,Kirehe,Eastern,420000,1304,1142,400,8,0,0.35,52.2,23.8,90,72,95,80,99
2025-W20,2025-05-12,Kirehe,Eastern,420000,1246,1151,469,6,0,0.407,32.8,24.1,90,72,95,80,99
2025-W21,2025-05-19,Kirehe,Eastern,420000,1238,1152,535,5,1,0.464,50.1,23.7,90,72,95,80,99
2025-W22,2025-05-26,Kirehe,Eastern,420000,1329,1235,608,10,0,0.492,41.1,23.3,90,72,95,80,98
2025-W23,2025-06-02,Kirehe,Eastern,420000,1362,1214,606,6,0,0.499,32.9,23.5,90,72,95,80,97
2025-W24,2025-06-09,Kirehe,Eastern,420000,1367,1241,643,8,1,0.518,21.7,22.8,90,72,95,80,99
2025-W25,2025-06-16,Kirehe,Eastern,420000,1318,1191,608,7,0,0.51,20.5,23.6,90,72,95,80,97
2025-W26,2025-06-23,Kirehe,Eastern,420000,1298,1149,586,8,1,0.51,14.7,23.0,90,69,95,80,96
2025-W27,2025-06-30,Kirehe,Eastern,420000,1166,1121,523,10,0,0.467,13.7,23.1,90,69,95,80,99
2025-W28,2025-07-07,Kirehe,Eastern,420000,1499,1337,514,9,0,0.384,14.2,22.6,90,69,95,80,95
2025-W29,2025-07-14,Kirehe,Eastern,420000,1145,1103,392,5,0,0.355,13.8,22.5,90,69,95,80,98
2025-W30,2025-07-21,Kirehe,Eastern,420000,1248,1177,380,6,0,0.323,12.8,21.9,90,69,95,80,95
2025-W31,2025-07-28,Kirehe,Eastern,420000,1224,1163,305,3,0,0.262,14.2,22.1,90,69,95,80,99
2025-W32,2025-08-04,Kirehe,Eastern,420000,1455,1280,305,4,0,0.238,20.7,22.0,90,69,95,80,99
2025-W33,2025-08-11,Kirehe,Eastern,420000,1487,1329,286,3,0,0.215,21.3,21.3,90,69,95,80,96
2025-W34,2025-08-18,Kirehe,Eastern,420000,1142,1018,224,4,0,0.22,22.7,21.5,90,69,95,80,95
2025-W35,2025-08-25,Kirehe,Eastern,420000,1168,1059,219,3,0,0.207,33.5,20.9,90,69,95,80,99
2025-W36,2025-09-01,Kirehe,Eastern,420000,1269,1175,223,2,0,0.19,38.1,21.4,90,69,95,80,97
2025-W37,2025-09-08,Kirehe,Eastern,420000,1346,1282,224,3,0,0.175,70.3,20.8,90,69,95,80,96
2025-W38,2025-09-15,Kirehe,Eastern,420000,1373,1224,223,2,0,0.182,62.2,21.2,90,69,95,80,97
2025-W39,2025-09-22,Kirehe,Eastern,420000,1765,1562,233,3,0,0.149,86.7,20.9,90,69,95,80,99
2025-W40,2025-09-29,Kirehe,Eastern,420000,1720,1567,244,3,0,0.156,69.5,21.0,90,69,95,80,98
2025-W41,2025-10-06,Kirehe,Eastern,420000,1318,1191,249,3,0,0.209,80.0,20.6,90,72,95,80,99
2025-W42,2025-10-13,Kirehe,Eastern,420000,1358,1235,255,3,0,0.206,76.0,20.8,90,72,95,80,99
2025-W43,2025-10-20,Kirehe,Eastern,420000,1634,1469,331,5,0,0.225,79.4,20.0,90,72,95,80,98
2025-W44,2025-10-27,Kirehe,Eastern,420000,1494,1358,381,5,0,0.281,60.4,20.3,90,72,95,80,98
2025-W45,2025-11-03,Kirehe,Eastern,420000,1511,1334,411,5,0,0.308,59.0,20.5,90,72,95,80,99
2025-W46,2025-11-10,Kirehe,Eastern,420000,1145,1082,429,6,0,0.396,46.0,20.1,90,72,95,80,98
2025-W47,2025-11-17,Kirehe,Eastern,420000,1249,1159,523,5,0,0.451,39.1,20.9,90,72,95,80,96
2025-W48,2025-11-24,Kirehe,Eastern,420000,1281,1198,618,7,0,0.516,24.1,20.9,90,72,95,80,99
2025-W49,2025-12-01,Kirehe,Eastern,420000,1311,1172,644,8,0,0.549,22.4,20.8,90,72,95,80,96
2025-W50,2025-12-08,Kirehe,Eastern,420000,1404,1311,703,12,0,0.536,22.9,20.2,90,72,95,80,97
2025-W51,2025-12-15,Kirehe,Eastern,420000,1248,1186,644,12,0,0.543,23.3,21.4,90,72,95,80,99
2025-W52,2025-12-22,Kirehe,Eastern,420000,1446,1315,613,7,0,0.466,15.0,21.3,90,72,95,80,96
2026-W01,2025-12-29,Kirehe,Eastern,420000,1316,1145,511,7,0,0.446,15.3,21.6,90,72,95,80,96
2026-W02,2026-01-05,Kirehe,Eastern,420000,1255,1159,451,9,0,0.389,13.7,20.9,90,72,95,80,98
2026-W03,2026-01-12,Kirehe,Eastern,420000,1230,1119,371,6,0,0.332,12.1,21.8,90,72,95,80,96
2026-W04,2026-01-19,Kirehe,Eastern,420000,1425,1323,338,5,0,0.255,14.6,21.7,90,72,95,80,97
2026-W05,2026-01-26,Kirehe,Eastern,420000,1221,1121,275,5,0,0.245,20.0,22.2,90,72,95,80,97
2026-W06,2026-02-02,Kirehe,Eastern,420000,1119,1035,248,5,0,0.24,24.2,21.5,90,72,95,80,95
2026-W07,2026-02-09,Kirehe,Eastern,420000,1508,1342,240,3,0,0.179,28.2,21.6,90,72,95,80,95
2026-W08,2026-02-16,Kirehe,Eastern,420000,1163,1080,220,4,0,0.204,38.9,22.8,90,72,95,80,99
2026-W09,2026-02-23,Kirehe,Eastern,420000,1112,1009,200,2,0,0.198,52.6,22.0,90,72,95,80,96
2026-W10,2026-03-02,Kirehe,Eastern,420000,1524,1458,201,3,0,0.138,54.9,22.2,90,72,95,80,95
2026-W11,2026-03-09,Kirehe,Eastern,420000,1761,1677,232,3,0,0.138,60.1,23.2,90,72,95,80,99
2026-W12,2026-03-16,Kirehe,Eastern,420000,1390,1283,224,3,0,0.175,71.7,23.5,90,72,95,80,95
2026-W13,2026-03-23,Kirehe,Eastern,420000,1047,991,205,3,0,0.207,56.7,23.2,90,72,95,80,98
2026-W14,2026-03-30,Kirehe,Eastern,420000,1216,1099,214,4,0,0.195,48.9,23.0,90,72,95,80,96
2026-W15,2026-04-06,Kirehe,Eastern,420000,1527,1392,278,4,0,0.2,72.8,23.2,90,72,95,80,98
2026-W16,2026-04-13,Kirehe,Eastern,420000,1515,1319,275,5,0,0.208,83.6,23.9,90,72,95,80,95
2026-W17,2026-04-20,Kirehe,Eastern,420000,1266,1185,351,5,0,0.296,76.2,23.8,90,72,95,80,95
2026-W18,2026-04-27,Kirehe,Eastern,420000,1295,1233,351,6,0,0.285,60.2,24.0,90,72,95,80,95
2026-W19,2026-05-04,Kirehe,Eastern,420000,1151,1059,380,4,0,0.359,52.8,23.4,90,72,95,80,96
2026-W20,2026-05-11,Kirehe,Eastern,420000,1101,991,427,8,0,0.431,56.4,23.5,90,72,95,80,99
2026-W21,2026-05-18,Kirehe,Eastern,420000,1279,1191,506,5,0,0.425,38.1,24.0,90,72,95,80,96
2026-W22,2026-05-25,Kirehe,Eastern,420000,1218,1144,544,7,0,0.476,28.0,23.9,90,72,95,80,99
2026-W23,2026-06-01,Kirehe,Eastern,420000,966,914,494,7,0,0.54,29.0,23.3,90,72,95,80,96
2026-W24,2026-06-08,Kirehe,Eastern,420000,1243,1156,618,10,0,0.535,25.1,23.5,90,72,95,80,97
2026-W25,2026-06-15,Kirehe,Eastern,420000,1252,1121,561,10,0,0.5,19.2,22.6,90,72,95,80,96
2026-W26,2026-06-22,Kirehe,Eastern,420000,1351,1236,592,10,0,0.479,9.9,23.6,90,69,95,80,97
2026-W27,2026-06-29,Kirehe,Eastern,420000,1281,1158,497,4,0,0.429,21.9,23.1,90,69,95,80,98
2026-W28,2026-07-06,Kirehe,Eastern,420000,1211,1076,457,5,0,0.425,16.1,23.0,90,69,95,80,95
2026-W29,2026-07-13,Kirehe,Eastern,420000,1334,1258,426,7,0,0.339,13.8,23.0,90,69,95,80,99
2026-W30,2026-07-20,Kirehe,Eastern,420000,1099,1056,327,6,0,0.31,15.0,22.9,90,69,95,80,96
2026-W31,2026-07-27,Kirehe,Eastern,420000,1354,1270,316,5,0,0.249,21.1,22.0,90,69,95,80,98
2026-W32,2026-08-03,Kirehe,Eastern,420000,1221,1159,282,5,0,0.243,16.6,21.9,90,69,95,80,99
2026-W33,2026-08-10,Kirehe,Eastern,420000,1236,1142,247,2,0,0.216,21.7,21.8,90,69,95,80,97
2026-W34,2026-08-17,Kirehe,Eastern,420000,1032,978,196,3,0,0.2,26.6,21.6,90,69,95,80,98
2026-W35,2026-08-24,Kirehe,Eastern,420000,1552,1454,234,2,0,0.161,44.0,21.5,90,69,95,80,95
2026-W36,2026-08-31,Kirehe,Eastern,420000,1332,1288,199,4,0,0.155,33.7,21.6,90,69,95,80,98
2026-W37,2026-09-07,Kirehe,Eastern,420000,1338,1246,182,2,0,0.146,49.8,21.2,90,69,95,80,98
2026-W38,2026-09-14,Kirehe,Eastern,420000,1637,1500,215,3,0,0.143,72.3,20.4,90,69,95,80,95
2026-W39,2026-09-21,Kirehe,Eastern,420000,1937,1759,247,4,0,0.14,55.7,21.0,90,69,95,80,95
2026-W40,2026-09-28,Kirehe,Eastern,420000,2102,1902,283,4,0,0.149,76.1,21.1,90,69,95,80,95
2023-W01,2023-01-02,Rusizi,Western,400000,626,589,252,5,0,0.428,12.3,19.5,89,70,50,80,88
2023-W02,2023-01-09,Rusizi,Western,400000,613,551,220,4,0,0.399,11.1,18.7,89,70,50,80,90
2023-W03,2023-01-16,Rusizi,Western,400000,639,590,209,2,0,0.354,19.8,19.4,89,70,50,80,88
2023-W04,2023-01-23,Rusizi,Western,400000,649,580,158,1,0,0.272,18.1,19.9,89,70,50,80,92
2023-W05,2023-01-30,Rusizi,Western,400000,650,626,158,3,0,0.252,29.0,19.4,89,70,50,80,91
2023-W06,2023-02-06,Rusizi,Western,400000,835,773,146,2,0,0.189,23.0,20.3,89,70,50,80,89
2023-W07,2023-02-13,Rusizi,Western,400000,631,563,118,1,0,0.21,25.7,19.8,89,70,50,80,89
2023-W08,2023-02-20,Rusizi,Western,400000,791,706,116,2,0,0.164,28.0,20.2,89,70,50,80,89
2023-W09,2023-02-27,Rusizi,Western,400000,831,757,113,1,0,0.149,53.8,20.3,89,70,50,80,91
2023-W10,2023-03-06,Rusizi,Western,400000,765,701,121,2,0,0.173,49.9,20.3,89,70,50,80,92
2023-W11,2023-03-13,Rusizi,Western,400000,635,585,100,1,0,0.171,51.5,21.0,89,70,50,80,89
2023-W12,2023-03-20,Rusizi,Western,400000,769,673,114,2,0,0.169,56.3,21.3,89,70,50,80,92
2023-W13,2023-03-27,Rusizi,Western,400000,598,567,116,1,0,0.205,57.5,21.5,89,70,50,80,90
2023-W14,2023-04-03,Rusizi,Western,400000,626,608,118,2,0,0.194,57.1,21.8,89,70,50,80,90
2023-W15,2023-04-10,Rusizi,Western,400000,664,616,125,2,0,0.203,65.2,21.3,89,70,50,80,92
2023-W16,2023-04-17,Rusizi,Western,400000,740,661,137,2,0,0.207,71.7,21.9,89,70,50,80,92
2023-W17,2023-04-24,Rusizi,Western,400000,590,563,150,3,0,0.266,71.7,22.1,89,70,50,80,90
2023-W18,2023-05-01,Rusizi,Western,400000,562,543,175,3,0,0.322,68.4,21.5,89,70,50,80,89
2023-W19,2023-05-08,Rusizi,Western,400000,580,525,173,3,0,0.33,69.9,21.6,89,70,50,80,91
2023-W20,2023-05-15,Rusizi,Western,400000,684,596,233,3,0,0.391,51.5,22.1,89,70,50,80,89
2023-W21,2023-05-22,Rusizi,Western,400000,704,618,271,3,0,0.439,58.4,21.5,89,70,50,80,90
2023-W22,2023-05-29,Rusizi,Western,400000,583,536,273,5,0,0.509,41.7,21.5,89,70,50,80,91
2023-W23,2023-06-05,Rusizi,Western,400000,712,647,328,4,0,0.507,28.1,20.9,89,70,50,80,88
2023-W24,2023-06-12,Rusizi,Western,400000,628,550,293,3,0,0.533,24.1,21.7,89,70,50,80,92
2023-W25,2023-06-19,Rusizi,Western,400000,612,558,297,5,0,0.532,21.8,21.7,89,70,50,80,92
2023-W26,2023-06-26,Rusizi,Western,400000,578,539,249,5,0,0.462,12.7,20.5,89,67,50,80,90
2023-W27,2023-07-03,Rusizi,Western,400000,631,550,242,2,0,0.44,16.7,21.0,89,67,50,80,88
2023-W28,2023-07-10,Rusizi,Western,400000,684,612,228,2,0,0.373,15.6,20.6,89,67,50,80,89
2023-W29,2023-07-17,Rusizi,Western,400000,594,530,193,2,0,0.364,17.3,20.9,89,67,50,80,89
2023-W30,2023-07-24,Rusizi,Western,400000,707,620,202,3,0,0.326,21.5,21.0,89,67,50,80,91
2023-W31,2023-07-31,Rusizi,Western,400000,671,594,173,3,0,0.291,13.4,20.7,89,67,50,80,88
2023-W32,2023-08-07,Rusizi,Western,400000,666,598,157,2,0,0.263,17.6,20.0,89,67,50,80,92
2023-W33,2023-08-14,Rusizi,Western,400000,729,699,125,1,0,0.179,19.3,19.4,89,67,50,80,88
2023-W34,2023-08-21,Rusizi,Western,400000,677,646,123,2,0,0.19,23.5,20.2,89,67,50,80,91
2023-W35,2023-08-28,Rusizi,Western,400000,583,565,109,2,0,0.193,37.2,19.7,89,67,50,80,88
2023-W36,2023-09-04,Rusizi,Western,400000,738,678,118,2,0,0.174,40.8,19.1,89,67,50,80,89
2023-W37,2023-09-11,Rusizi,Western,400000,693,631,124,1,0,0.197,42.4,19.0,89,67,50,80,91
2023-W38,2023-09-18,Rusizi,Western,400000,686,642,103,2,0,0.16,54.0,18.8,89,67,50,80,90
2023-W39,2023-09-25,Rusizi,Western,400000,775,676,106,1,0,0.157,55.8,19.0,89,67,50,80,92
2023-W40,2023-10-02,Rusizi,Western,400000,738,697,118,2,0,0.169,59.6,18.5,89,67,50,80,91
2023-W41,2023-10-09,Rusizi,Western,400000,906,802,143,1,0,0.178,62.2,18.6,89,70,50,80,90
2023-W42,2023-10-16,Rusizi,Western,400000,617,593,136,2,0,0.229,77.9,18.7,89,70,50,80,92
2023-W43,2023-10-23,Rusizi,Western,400000,623,578,155,2,0,0.268,48.7,18.1,89,70,50,80,90
2023-W44,2023-10-30,Rusizi,Western,400000,716,631,196,2,0,0.311,53.1,19.0,89,70,50,80,91
2023-W45,2023-11-06,Rusizi,Western,400000,676,618,220,2,0,0.356,47.7,18.0,89,70,50,80,90
2023-W46,2023-11-13,Rusizi,Western,400000,661,636,240,2,0,0.377,46.6,18.8,89,70,50,80,89
2023-W47,2023-11-20,Rusizi,Western,400000,656,588,249,2,0,0.423,41.9,18.9,89,70,50,80,90
2023-W48,2023-11-27,Rusizi,Western,400000,565,509,266,5,0,0.523,36.6,18.5,89,70,50,80,92
2023-W49,2023-12-04,Rusizi,Western,400000,586,548,290,4,0,0.529,20.1,19.2,89,70,50,80,88
2023-W50,2023-12-11,Rusizi,Western,400000,716,642,335,3,0,0.522,25.1,19.2,89,70,50,80,90
2023-W51,2023-12-18,Rusizi,Western,400000,695,631,331,5,0,0.525,19.7,18.7,89,70,50,80,89
2023-W52,2023-12-25,Rusizi,Western,400000,649,581,295,4,0,0.508,12.7,19.3,89,70,50,80,92
2024-W01,2024-01-01,Rusizi,Western,400000,692,608,284,5,0,0.467,11.5,18.7,89,70,50,80,89
2024-W02,2024-01-08,Rusizi,Western,400000,637,593,223,4,0,0.376,14.0,19.7,89,70,50,80,92
2024-W03,2024-01-15,Rusizi,Western,400000,771,698,224,4,0,0.321,17.4,19.2,89,70,50,80,88
2024-W04,2024-01-22,Rusizi,Western,400000,748,659,188,3,0,0.285,19.7,19.2,89,70,50,80,89
2024-W05,2024-01-29,Rusizi,Western,400000,655,629,168,2,0,0.267,20.4,19.7,89,70,50,80,92
2024-W06,2024-02-05,Rusizi,Western,400000,784,713,166,2,0,0.233,21.8,20.5,89,70,50,80,89
2024-W07,2024-02-12,Rusizi,Western,400000,826,754,145,2,0,0.192,30.9,20.3,89,70,50,80,89
2024-W08,2024-02-19,Rusizi,Western,400000,731,639,110,1,0,0.172,35.7,20.0,89,70,50,80,90
2024-W09,2024-02-26,Rusizi,Western,400000,800,715,123,2,0,0.172,45.6,20.6,89,70,50,80,88
2024-W10,2024-03-04,Rusizi,Western,400000,888,815,116,2,0,0.142,30.8,20.2,89,70,50,80,91
2024-W11,2024-03-11,Rusizi,Western,400000,981,873,134,2,0,0.153,66.0,20.6,89,70,50,80,88
2024-W12,2024-03-18,Rusizi,Western,400000,678,627,120,2,0,0.191,59.8,21.6,89,70,50,80,90
2024-W13,2024-03-25,Rusizi,Western,400000,968,868,136,1,0,0.157,51.4,21.6,89,70,50,80,89
2024-W14,2024-04-01,Rusizi,Western,400000,747,688,137,2,0,0.199,80.9,20.9,89,70,50,80,89
2024-W15,2024-04-08,Rusizi,Western,400000,1070,1024,191,4,0,0.187,61.8,21.3,89,70,50,80,90
2024-W16,2024-04-15,Rusizi,Western,400000,742,713,183,4,0,0.257,67.2,21.6,89,70,50,80,91
2024-W17,2024-04-22,Rusizi,Western,400000,883,778,210,2,0,0.27,78.7,21.4,89,70,50,80,92
2024-W18,2024-04-29,Rusizi,Western,400000,796,746,237,4,0,0.318,79.8,21.3,89,70,50,80,92
2024-W19,2024-05-06,Rusizi,Western,400000,765,738,245,5,0,0.332,45.6,21.8,89,70,50,80,91
2024-W20,2024-05-13,Rusizi,Western,400000,791,714,298,4,0,0.417,58.6,21.5,89,70,50,80,91
2024-W21,2024-05-20,Rusizi,Western,400000,835,781,337,6,0,0.431,46.7,22.1,89,70,50,80,88
2024-W22,2024-05-27,Rusizi,Western,400000,875,765,369,4,0,0.482,32.4,21.5,89,70,50,80,91
2024-W23,2024-06-03,Rusizi,Western,400000,705,641,328,6,0,0.512,30.8,21.4,89,70,50,80,91
2024-W24,2024-06-10,Rusizi,Western,400000,792,755,395,7,0,0.523,26.3,21.7,89,70,50,80,88
2024-W25,2024-06-17,Rusizi,Western,400000,805,745,395,3,0,0.53,20.3,20.7,89,70,50,80,92
2024-W26,2024-06-24,Rusizi,Western,400000,926,855,419,7,0,0.49,23.5,21.0,89,67,50,80,89
2024-W27,2024-07-01,Rusizi,Western,400000,807,709,317,4,0,0.447,20.3,21.2,89,67,50,80,89
2024-W28,2024-07-08,Rusizi,Western,400000,1009,882,339,4,0,0.384,12.8,20.4,89,67,50,80,89
2024-W29,2024-07-15,Rusizi,Western,400000,862,806,298,6,0,0.37,16.5,20.2,89,67,50,80,89
2024-W30,2024-07-22,Rusizi,Western,400000,828,775,231,2,0,0.298,16.8,19.9,89,67,50,80,88
2024-W31,2024-07-29,Rusizi,Western,400000,888,803,221,4,0,0.275,17.4,20.6,89,67,50,80,91
2024-W32,2024-08-05,Rusizi,Western,400000,914,839,192,3,0,0.229,18.7,19.6,89,67,50,80,89
2024-W33,2024-08-12,Rusizi,Western,400000,917,816,178,3,0,0.218,30.1,20.1,89,67,50,80,90
2024-W34,2024-08-19,Rusizi,Western,400000,878,806,165,2,0,0.205,39.0,19.8,89,67,50,80,89
2024-W35,2024-08-26,Rusizi,Western,400000,1007,890,164,2,0,0.184,36.8,19.6,89,67,50,80,92
2024-W36,2024-09-02,Rusizi,Western,400000,849,756,149,2,0,0.197,35.2,19.0,89,67,50,80,92
2024-W37,2024-09-09,Rusizi,Western,400000,897,789,148,2,0,0.188,46.5,19.3,89,67,50,80,88
2024-W38,2024-09-16,Rusizi,Western,400000,1259,1160,163,3,0,0.141,79.9,19.3,89,67,50,80,92
2024-W39,2024-09-23,Rusizi,Western,400000,961,848,152,3,0,0.179,60.6,19.0,89,67,50,80,89
2024-W40,2024-09-30,Rusizi,Western,400000,1239,1090,171,3,0,0.157,67.3,18.6,89,67,50,80,88
2024-W41,2024-10-07,Rusizi,Western,400000,996,887,174,2,0,0.196,82.7,18.9,89,70,50,80,88
2024-W42,2024-10-14,Rusizi,Western,400000,980,950,183,3,0,0.193,70.2,19.1,89,70,50,80,91
2024-W43,2024-10-21,Rusizi,Western,400000,878,850,222,2,0,0.261,62.6,18.4,89,70,50,80,88
2024-W44,2024-10-28,Rusizi,Western,400000,947,892,279,5,0,0.313,64.3,18.7,89,70,50,80,91
2024-W45,2024-11-04,Rusizi,Western,400000,1016,913,286,4,0,0.313,51.7,18.8,89,70,50,80,91
2024-W46,2024-11-11,Rusizi,Western,400000,860,785,290,5,0,0.369,48.1,18.0,89,70,50,80,91
2024-W47,2024-11-18,Rusizi,Western,400000,960,895,393,7,0,0.439,43.7,18.6,89,70,50,80,91
2024-W48,2024-11-25,Rusizi,Western,400000,924,852,415,4,0,0.487,30.6,18.6,89,70,50,80,92
2024-W49,2024-12-02,Rusizi,Western,400000,992,886,458,8,0,0.517,17.8,18.8,89,70,50,80,91
2024-W50,2024-12-09,Rusizi,Western,400000,902,828,470,4,0,0.568,23.6,18.6,89,70,50,80,89
2024-W51,2024-12-16,Rusizi,Western,400000,862,815,418,7,0,0.513,16.4,19.3,89,70,50,80,92
2024-W52,2024-12-23,Rusizi,Western,400000,979,905,464,9,0,0.513,13.7,19.0,89,70,50,80,91
2025-W01,2024-12-30,Rusizi,Western,400000,886,860,375,5,0,0.436,13.7,19.2,89,70,50,80,89
2025-W02,2025-01-06,Rusizi,Western,400000,938,865,361,7,0,0.417,15.6,19.0,89,70,50,80,88
2025-W03,2025-01-13,Rusizi,Western,400000,1033,900,314,3,0,0.349,15.3,19.3,89,70,50,80,91
2025-W04,2025-01-20,Rusizi,Western,400000,1075,1003,290,5,0,0.289,12.8,19.7,89,70,50,80,90
2025-W05,2025-01-27,Rusizi,Western,400000,857,826,205,3,0,0.248,19.2,19.8,89,70,50,80,90
2025-W06,2025-02-03,Rusizi,Western,400000,1130,1036,193,3,0,0.186,25.2,20.0,89,70,50,80,90
2025-W07,2025-02-10,Rusizi,Western,400000,969,927,186,2,0,0.201,30.5,20.0,89,70,50,80,88
2025-W08,2025-02-17,Rusizi,Western,400000,1037,1003,181,3,0,0.18,32.7,20.3,89,70,50,80,91
2025-W09,2025-02-24,Rusizi,Western,400000,1047,932,180,3,0,0.193,48.7,20.8,89,70,50,80,92
2025-W10,2025-03-03,Rusizi,Western,400000,1096,987,189,2,0,0.191,49.8,20.3,89,70,50,80,91
2025-W11,2025-03-10,Rusizi,Western,400000,1267,1146,196,3,0,0.171,39.5,20.9,89,70,50,80,89
2025-W12,2025-03-17,Rusizi,Western,400000,1223,1071,167,2,0,0.156,76.5,21.1,89,70,50,80,92
2025-W13,2025-03-24,Rusizi,Western,400000,1251,1207,180,3,0,0.149,71.8,21.3,89,70,50,80,88
2025-W14,2025-03-31,Rusizi,Western,400000,1226,1137,195,2,0,0.172,70.2,21.5,89,70,50,80,88
2025-W15,2025-04-07,Rusizi,Western,400000,1304,1204,224,2,0,0.186,102.8,21.0,89,70,50,80,90
2025-W16,2025-04-14,Rusizi,Western,400000,1087,1002,240,2,0,0.24,58.0,21.3,89,70,50,80,89
2025-W17,2025-04-21,Rusizi,Western,400000,1234,1146,297,5,0,0.259,55.0,21.4,89,70,50,80,91
2025-W18,2025-04-28,Rusizi,Western,400000,919,833,274,4,0,0.329,52.3,21.3,89,70,50,80,91
2025-W19,2025-05-05,Rusizi,Western,400000,1090,971,341,3,0,0.351,56.1,21.0,89,70,50,80,91
2025-W20,2025-05-12,Rusizi,Western,400000,1023,952,402,4,0,0.422,58.4,22.0,89,70,50,80,92
2025-W21,2025-05-19,Rusizi,Western,400000,1160,1077,461,6,0,0.428,41.7,22.1,89,70,50,80,92
2025-W22,2025-05-26,Rusizi,Western,400000,945,840,420,5,0,0.5,43.5,22.0,89,70,50,80,91
2025-W23,2025-06-02,Rusizi,Western,400000,1189,1053,518,9,0,0.492,29.7,21.5,89,70,50,80,90
2025-W24,2025-06-09,Rusizi,Western,400000,1145,1052,525,6,0,0.499,19.3,20.9,89,70,50,80,88
2025-W25,2025-06-16,Rusizi,Western,400000,901,845,444,5,0,0.525,22.5,21.4,89,70,50,80,88
2025-W26,2025-06-23,Rusizi,Western,400000,841,808,399,6,0,0.494,19.2,20.5,89,67,50,80,90
2025-W27,2025-06-30,Rusizi,Western,400000,956,869,413,4,0,0.475,21.9,20.4,89,67,50,80,91
2025-W28,2025-07-07,Rusizi,Western,400000,914,844,346,4,0,0.41,17.7,20.9,89,67,50,80,89
2025-W29,2025-07-14,Rusizi,Western,400000,1051,985,348,4,0,0.353,14.7,20.2,89,67,50,80,90
2025-W30,2025-07-21,Rusizi,Western,400000,1089,983,284,5,0,0.289,14.0,20.6,89,67,50,80,88
2025-W31,2025-07-28,Rusizi,Western,400000,1319,1198,303,6,0,0.253,18.2,20.6,89,67,50,80,91
2025-W32,2025-08-04,Rusizi,Western,400000,1104,1071,239,4,0,0.223,20.4,19.9,89,67,50,80,88
2025-W33,2025-08-11,Rusizi,Western,400000,1151,1013,217,4,0,0.214,18.7,19.6,89,67,50,80,92
2025-W34,2025-08-18,Rusizi,Western,400000,1190,1142,190,2,0,0.166,36.3,19.3,89,67,50,80,89
2025-W35,2025-08-25,Rusizi,Western,400000,1406,1304,202,3,0,0.155,41.7,19.4,89,67,50,80,92
2025-W36,2025-09-01,Rusizi,Western,400000,1305,1258,205,3,0,0.163,43.9,19.1,89,67,50,80,91
2025-W37,2025-09-08,Rusizi,Western,400000,940,874,167,3,0,0.191,57.0,19.6,89,67,50,80,90
2025-W38,2025-09-15,Rusizi,Western,400000,966,918,168,2,0,0.183,56.1,19.1,89,67,50,80,91
2025-W39,2025-09-22,Rusizi,Western,400000,1003,964,192,3,0,0.199,77.2,18.5,89,67,50,80,92
2025-W40,2025-09-29,Rusizi,Western,400000,1442,1279,190,3,0,0.149,61.2,18.7,89,67,50,80,91
2025-W41,2025-10-06,Rusizi,Western,400000,1181,1044,187,4,0,0.179,72.1,18.2,89,70,50,80,89
2025-W42,2025-10-13,Rusizi,Western,400000,1200,1146,214,4,0,0.187,58.2,18.1,89,70,50,80,90
2025-W43,2025-10-20,Rusizi,Western,400000,948,892,220,2,0,0.247,49.9,17.9,89,70,50,80,91
2025-W44,2025-10-27,Rusizi,Western,400000,1348,1217,313,4,0,0.257,53.7,17.9,89,70,50,80,89
2025-W45,2025-11-03,Rusizi,Western,400000,1122,1004,337,4,0,0.336,44.7,18.3,89,70,50,80,91
2025-W46,2025-11-10,Rusizi,Western,400000,1087,957,370,4,0,0.387,30.3,18.2,89,70,50,80,91
2025-W47,2025-11-17,Rusizi,Western,400000,1002,941,432,7,0,0.459,36.1,17.9,89,70,50,80,91
2025-W48,2025-11-24,Rusizi,Western,400000,1063,949,470,6,0,0.495,36.9,19.0,89,70,50,80,90
2025-W49,2025-12-01,Rusizi,Western,400000,900,826,456,8,0,0.552,23.1,18.4,89,70,50,80,90
2025-W50,2025-12-08,Rusizi,Western,400000,1075,1006,525,10,0,0.522,19.7,18.6,89,70,50,80,92
2025-W51,2025-12-15,Rusizi,Western,400000,1038,1001,524,5,0,0.523,25.3,18.9,89,70,50,80,90
2025-W52,2025-12-22,Rusizi,Western,400000,947,863,436,6,0,0.505,14.3,18.7,89,70,50,80,88
2026-W01,2025-12-29,Rusizi,Western,400000,955,884,391,4,0,0.442,13.8,18.7,89,70,50,80,89
2026-W02,2026-01-05,Rusizi,Western,400000,996,900,376,4,0,0.418,19.1,19.4,89,70,50,80,89
2026-W03,2026-01-12,Rusizi,Western,400000,964,848,302,4,0,0.356,11.7,19.6,89,70,50,80,90
2026-W04,2026-01-19,Rusizi,Western,400000,1034,979,270,4,0,0.276,23.1,19.3,89,70,50,80,92
2026-W05,2026-01-26,Rusizi,Western,400000,961,912,244,2,0,0.268,23.1,19.7,89,70,50,80,88
2026-W06,2026-02-02,Rusizi,Western,400000,937,860,207,3,0,0.241,27.8,20.4,89,70,50,80,92
2026-W07,2026-02-09,Rusizi,Western,400000,1010,967,182,2,0,0.188,33.0,20.3,89,70,50,80,89
2026-W08,2026-02-16,Rusizi,Western,400000,1442,1310,196,4,0,0.15,41.1,20.7,89,70,50,80,90
2026-W09,2026-02-23,Rusizi,Western,400000,1076,957,163,2,0,0.17,53.6,20.9,89,70,50,80,90
2026-W10,2026-03-02,Rusizi,Western,400000,1251,1107,179,2,0,0.162,53.1,20.2,89,70,50,80,90
2026-W11,2026-03-09,Rusizi,Western,400000,1240,1093,174,2,0,0.159,62.6,20.4,89,70,50,80,89
2026-W12,2026-03-16,Rusizi,Western,400000,1109,1017,204,2,0,0.201,81.4,21.2,89,70,50,80,90
2026-W13,2026-03-23,Rusizi,Western,400000,925,878,177,3,0,0.202,83.8,21.8,89,70,50,80,91
2026-W14,2026-03-30,Rusizi,Western,400000,1145,1023,169,2,0,0.165,66.1,20.8,89,70,50,80,88
2026-W15,2026-04-06,Rusizi,Western,400000,1174,1102,205,3,0,0.186,90.8,21.6,89,70,50,80,90
2026-W16,2026-04-13,Rusizi,Western,400000,913,825,208,2,0,0.252,75.2,21.9,89,70,50,80,89
2026-W17,2026-04-20,Rusizi,Western,400000,1036,989,249,3,0,0.252,80.6,21.1,89,70,50,80,91
2026-W18,2026-04-27,Rusizi,Western,400000,1094,995,278,5,0,0.279,62.6,21.3,89,70,50,80,88
2026-W19,2026-05-04,Rusizi,Western,400000,977,935,322,4,0,0.344,70.4,22.0,89,70,50,80,90
2026-W20,2026-05-11,Rusizi,Western,400000,920,826,353,6,0,0.427,50.7,21.6,89,70,50,80,88
2026-W21,2026-05-18,Rusizi,Western,400000,863,823,380,6,0,0.462,41.3,21.8,89,70,50,80,89
2026-W22,2026-05-25,Rusizi,Western,400000,877,826,400,6,0,0.484,33.7,22.0,89,70,50,80,90
2026-W23,2026-06-01,Rusizi,Western,400000,986,936,477,4,1,0.51,22.8,21.9,89,70,50,80,88
2026-W24,2026-06-08,Rusizi,Western,400000,960,920,462,7,0,0.502,33.8,21.3,89,70,50,80,88
2026-W25,2026-06-15,Rusizi,Western,400000,997,918,455,6,0,0.496,24.4,21.0,89,70,50,80,89
2026-W26,2026-06-22,Rusizi,Western,400000,1086,991,494,10,0,0.498,17.1,20.8,89,67,50,80,89
2026-W27,2026-06-29,Rusizi,Western,400000,895,792,378,4,0,0.477,14.3,20.8,89,67,50,80,90
2026-W28,2026-07-06,Rusizi,Western,400000,1188,1073,408,8,0,0.38,17.8,20.2,89,67,50,80,92
2026-W29,2026-07-13,Rusizi,Western,400000,976,931,341,4,0,0.366,14.8,20.4,89,67,50,80,89
2026-W30,2026-07-20,Rusizi,Western,400000,907,806,266,2,0,0.33,17.3,20.6,89,67,50,80,89
2026-W31,2026-07-27,Rusizi,Western,400000,1103,997,262,4,0,0.263,18.7,20.4,89,67,50,80,92
2026-W32,2026-08-03,Rusizi,Western,400000,971,867,216,2,0,0.249,13.5,20.2,89,67,50,80,90
2026-W33,2026-08-10,Rusizi,Western,400000,989,934,214,4,0,0.229,26.4,19.5,89,67,50,80,92
2026-W34,2026-08-17,Rusizi,Western,400000,1101,1026,191,3,0,0.186,39.3,19.6,89,67,50,80,90
2026-W35,2026-08-24,Rusizi,Western,400000,1326,1270,190,2,0,0.15,33.1,19.7,89,67,50,80,90
2026-W36,2026-08-31,Rusizi,Western,400000,1254,1170,190,4,0,0.162,31.9,19.1,89,67,50,80,92
2026-W37,2026-09-07,Rusizi,Western,400000,1127,1059,186,2,0,0.176,46.0,19.5,89,67,50,80,91
2026-W38,2026-09-14,Rusizi,Western,400000,940,910,160,3,0,0.176,42.5,18.6,89,67,50,80,88
2026-W39,2026-09-21,Rusizi,Western,400000,1120,1047,154,1,0,0.147,71.7,19.3,89,67,50,80,89
2026-W40,2026-09-28,Rusizi,Western,400000,1263,1119,174,3,0,0.155,57.0,18.6,89,67,50,80,88
2023-W01,2023-01-02,Nyanza,Southern,360000,448,411,176,3,0,0.428,15.7,18.6,90,79,99,81,90
2023-W02,2023-01-09,Nyanza,Southern,360000,427,403,149,1,0,0.37,13.3,18.8,90,79,99,81,88
2023-W03,2023-01-16,Nyanza,Southern,360000,477,416,130,2,0,0.312,25.4,19.4,90,79,99,81,92
2023-W04,2023-01-23,Nyanza,Southern,360000,377,346,103,2,0,0.298,16.1,18.7,90,79,99,81,89
2023-W05,2023-01-30,Nyanza,Southern,360000,475,425,94,1,0,0.221,14.9,18.8,90,79,99,81,90
2023-W06,2023-02-06,Nyanza,Southern,360000,374,337,74,1,0,0.22,20.6,19.0,90,79,99,81,90
2023-W07,2023-02-13,Nyanza,Southern,360000,393,349,76,1,0,0.218,19.4,19.3,90,79,99,81,89
2023-W08,2023-02-20,Nyanza,Southern,360000,473,422,82,2,0,0.194,38.9,20.0,90,79,99,81,88
2023-W09,2023-02-27,Nyanza,Southern,360000,388,368,71,1,0,0.193,46.2,19.9,90,79,99,81,88
2023-W10,2023-03-06,Nyanza,Southern,360000,409,377,70,1,0,0.186,47.9,20.0,90,79,99,81,92
2023-W11,2023-03-13,Nyanza,Southern,360000,400,388,72,1,0,0.186,57.9,20.8,90,79,99,81,91
2023-W12,2023-03-20,Nyanza,Southern,360000,448,420,66,1,0,0.157,51.1,20.0,90,79,99,81,89
2023-W13,2023-03-27,Nyanza,Southern,360000,408,390,80,1,0,0.205,87.5,20.1,90,79,99,81,92
2023-W14,2023-04-03,Nyanza,Southern,360000,476,414,85,1,0,0.205,74.3,20.9,90,79,99,81,92
2023-W15,2023-04-10,Nyanza,Southern,360000,509,443,85,1,0,0.192,84.8,20.8,90,79,99,81,91
2023-W16,2023-04-17,Nyanza,Southern,360000,387,371,96,2,0,0.259,90.2,21.3,90,79,99,81,88
2023-W17,2023-04-24,Nyanza,Southern,360000,404,381,107,1,0,0.281,90.6,21.2,90,79,99,81,89
2023-W18,2023-05-01,Nyanza,Southern,360000,450,423,119,2,0,0.281,55.8,21.7,90,79,99,81,90
2023-W19,2023-05-08,Nyanza,Southern,360000,386,364,124,2,0,0.341,72.7,21.2,90,79,99,81,90
2023-W20,2023-05-15,Nyanza,Southern,360000,410,371,156,1,0,0.42,59.8,21.1,90,79,99,81,92
2023-W21,2023-05-22,Nyanza,Southern,360000,448,430,180,3,0,0.419,34.9,21.6,90,79,99,81,90
2023-W22,2023-05-29,Nyanza,Southern,360000,383,333,171,3,0,0.514,42.3,20.7,90,79,99,81,89
2023-W23,2023-06-05,Nyanza,Southern,360000,383,357,173,2,0,0.485,31.9,20.9,90,79,99,81,90
2023-W24,2023-06-12,Nyanza,Southern,360000,441,397,209,2,0,0.526,21.4,20.3,90,79,99,81,91
2023-W25,2023-06-19,Nyanza,Southern,360000,325,305,164,2,0,0.538,18.4,21.1,90,79,99,81,90
2023-W26,2023-06-26,Nyanza,Southern,360000,410,367,185,3,0,0.504,17.0,21.0,90,76,99,81,92
2023-W27,2023-07-03,Nyanza,Southern,360000,442,414,183,2,0,0.442,12.2,20.2,90,76,99,81,88
2023-W28,2023-07-10,Nyanza,Southern,360000,406,361,138,2,0,0.382,14.1,19.7,90,76,99,81,89
2023-W29,2023-07-17,Nyanza,Southern,360000,377,346,130,1,0,0.376,19.4,20.4,90,76,99,81,91
2023-W30,2023-07-24,Nyanza,Southern,360000,504,449,126,1,0,0.281,15.0,19.7,90,76,99,81,91
2023-W31,2023-07-31,Nyanza,Southern,360000,353,328,96,1,0,0.293,17.3,19.3,90,76,99,81,90
2023-W32,2023-08-07,Nyanza,Southern,360000,402,355,89,2,0,0.251,14.9,19.7,90,76,99,81,91
2023-W33,2023-08-14,Nyanza,Southern,360000,487,443,98,2,0,0.221,25.7,19.7,90,76,99,81,92
2023-W34,2023-08-21,Nyanza,Southern,360000,553,503,90,1,0,0.179,32.5,18.8,90,76,99,81,92
2023-W35,2023-08-28,Nyanza,Southern,360000,462,448,80,2,0,0.179,40.5,18.9,90,76,99,81,90
2023-W36,2023-09-04,Nyanza,Southern,360000,539,521,80,1,0,0.154,47.7,18.7,90,76,99,81,91
2023-W37,2023-09-11,Nyanza,Southern,360000,435,402,66,1,0,0.164,63.3,18.1,90,76,99,81,88
2023-W38,2023-09-18,Nyanza,Southern,360000,583,558,82,1,0,0.147,49.8,18.4,90,76,99,81,88
2023-W39,2023-09-25,Nyanza,Southern,360000,427,400,74,1,0,0.185,56.4,18.7,90,76,99,81,92
2023-W40,2023-10-02,Nyanza,Southern,360000,547,493,85,2,0,0.172,63.5,17.7,90,76,99,81,88
2023-W41,2023-10-09,Nyanza,Southern,360000,391,374,79,1,0,0.211,54.7,17.8,90,79,99,81,92
2023-W42,2023-10-16,Nyanza,Southern,360000,401,363,83,1,0,0.229,58.3,18.5,90,79,99,81,92
2023-W43,2023-10-23,Nyanza,Southern,360000,462,417,97,1,0,0.233,59.6,17.8,90,79,99,81,90
2023-W44,2023-10-30,Nyanza,Southern,360000,457,399,125,2,0,0.313,71.9,17.9,90,79,99,81,89
2023-W45,2023-11-06,Nyanza,Southern,360000,424,389,134,3,0,0.344,60.2,17.8,90,79,99,81,91
2023-W46,2023-11-13,Nyanza,Southern,360000,400,365,141,2,0,0.386,45.2,18.0,90,79,99,81,92
2023-W47,2023-11-20,Nyanza,Southern,360000,426,386,162,2,0,0.42,32.9,17.9,90,79,99,81,92
2023-W48,2023-11-27,Nyanza,Southern,360000,435,396,187,2,0,0.472,32.5,17.4,90,79,99,81,91
2023-W49,2023-12-04,Nyanza,Southern,360000,450,432,220,3,0,0.509,23.8,18.1,90,79,99,81,89
2023-W50,2023-12-11,Nyanza,Southern,360000,437,382,195,3,0,0.51,16.9,17.8,90,79,99,81,90
2023-W51,2023-12-18,Nyanza,Southern,360000,461,429,214,3,0,0.499,12.2,17.9,90,79,99,81,90
2023-W52,2023-12-25,Nyanza,Southern,360000,447,408,196,3,0,0.48,15.9,17.9,90,79,99,81,89
2024-W01,2024-01-01,Nyanza,Southern,360000,380,331,153,2,0,0.462,14.1,18.2,90,79,99,81,92
2024-W02,2024-01-08,Nyanza,Southern,360000,494,468,174,2,0,0.372,17.7,18.3,90,79,99,81,92
2024-W03,2024-01-15,Nyanza,Southern,360000,421,395,137,2,0,0.347,10.3,19.2,90,79,99,81,91
2024-W04,2024-01-22,Nyanza,Southern,360000,445,405,122,2,0,0.301,21.8,18.8,90,79,99,81,91
2024-W05,2024-01-29,Nyanza,Southern,360000,512,463,106,2,0,0.229,20.1,19.4,90,79,99,81,91
2024-W06,2024-02-05,Nyanza,Southern,360000,479,439,103,2,0,0.235,28.2,19.9,90,79,99,81,91
2024-W07,2024-02-12,Nyanza,Southern,360000,523,465,88,1,0,0.189,23.0,20.1,90,79,99,81,89
2024-W08,2024-02-19,Nyanza,Southern,360000,479,449,92,2,0,0.205,35.1,19.9,90,79,99,81,89
2024-W09,2024-02-26,Nyanza,Southern,360000,639,569,82,1,0,0.144,40.4,20.6,90,79,99,81,90
2024-W10,2024-03-04,Nyanza,Southern,360000,545,524,83,1,0,0.158,57.0,20.1,90,79,99,81,91
2024-W11,2024-03-11,Nyanza,Southern,360000,618,553,78,1,0,0.141,52.3,20.9,90,79,99,81,91
2024-W12,2024-03-18,Nyanza,Southern,360000,483,458,92,1,0,0.201,66.6,21.0,90,79,99,81,88
2024-W13,2024-03-25,Nyanza,Southern,360000,602,545,86,1,0,0.158,74.6,21.3,90,79,99,81,91
2024-W14,2024-04-01,Nyanza,Southern,360000,512,465,84,2,0,0.181,68.3,21.4,90,79,99,81,89
2024-W15,2024-04-08,Nyanza,Southern,360000,432,415,95,2,0,0.229,70.1,20.7,90,79,99,81,89
2024-W16,2024-04-15,Nyanza,Southern,360000,474,439,115,2,0,0.262,111.9,21.2,90,79,99,81,90
2024-W17,2024-04-22,Nyanza,Southern,360000,550,486,128,1,0,0.263,65.5,20.9,90,79,99,81,90
2024-W18,2024-04-29,Nyanza,Southern,360000,433,418,138,2,0,0.33,63.8,21.4,90,79,99,81,91
2024-W19,2024-05-06,Nyanza,Southern,360000,514,490,162,3,0,0.331,63.7,20.6,90,79,99,81,88
2024-W20,2024-05-13,Nyanza,Southern,360000,462,424,182,3,0,0.429,49.3,21.5,90,79,99,81,90
2024-W21,2024-05-20,Nyanza,Southern,360000,549,482,223,4,0,0.463,51.4,20.6,90,79,99,81,91
2024-W22,2024-05-27,Nyanza,Southern,360000,518,465,227,4,0,0.488,27.4,21.2,90,79,99,81,89
2024-W23,2024-06-03,Nyanza,Southern,360000,473,457,237,2,0,0.519,31.0,20.5,90,79,99,81,88
2024-W24,2024-06-10,Nyanza,Southern,360000,518,467,244,2,0,0.522,21.2,20.8,90,79,99,81,89
2024-W25,2024-06-17,Nyanza,Southern,360000,556,497,253,4,0,0.509,20.2,20.1,90,79,99,81,91
2024-W26,2024-06-24,Nyanza,Southern,360000,493,460,233,5,0,0.507,23.6,20.2,90,76,99,81,90
2024-W27,2024-07-01,Nyanza,Southern,360000,599,542,241,5,0,0.445,15.5,19.9,90,76,99,81,89
2024-W28,2024-07-08,Nyanza,Southern,360000,552,502,210,2,0,0.418,15.5,20.1,90,76,99,81,91
2024-W29,2024-07-15,Nyanza,Southern,360000,631,554,186,2,0,0.336,15.7,20.3,90,76,99,81,88
2024-W30,2024-07-22,Nyanza,Southern,360000,583,524,154,2,0,0.294,15.7,20.1,90,76,99,81,89
2024-W31,2024-07-29,Nyanza,Southern,360000,599,567,139,1,0,0.245,13.6,20.1,90,76,99,81,88
2024-W32,2024-08-05,Nyanza,Southern,360000,708,657,136,1,0,0.207,27.8,20.0,90,76,99,81,92
2024-W33,2024-08-12,Nyanza,Southern,360000,683,633,116,2,0,0.183,16.7,19.8,90,76,99,81,89
2024-W34,2024-08-19,Nyanza,Southern,360000,508,465,102,1,0,0.219,24.2,18.8,90,76,99,81,88
2024-W35,2024-08-26,Nyanza,Southern,360000,750,693,114,2,0,0.165,42.5,19.3,90,76,99,81,92
2024-W36,2024-09-02,Nyanza,Southern,360000,828,739,117,2,0,0.158,38.6,18.5,90,76,99,81,89
2024-W37,2024-09-09,Nyanza,Southern,360000,803,755,105,1,0,0.139,53.1,18.8,90,76,99,81,92
2024-W38,2024-09-16,Nyanza,Southern,360000,696,657,101,1,0,0.154,54.6,17.9,90,76,99,81,90
2024-W39,2024-09-23,Nyanza,Southern,360000,877,850,122,2,0,0.144,74.6,18.1,90,76,99,81,89
2024-W40,2024-09-30,Nyanza,Southern,360000,533,468,95,1,0,0.203,65.8,17.9,90,76,99,81,91
2024-W41,2024-10-07,Nyanza,Southern,360000,621,581,111,1,0,0.191,57.4,17.7,90,79,99,81,92
2024-W42,2024-10-14,Nyanza,Southern,360000,631,604,123,1,0,0.204,80.8,18.0,90,79,99,81,90
2024-W43,2024-10-21,Nyanza,Southern,360000,647,578,130,1,0,0.225,62.2,17.5,90,79,99,81,90
2024-W44,2024-10-28,Nyanza,Southern,360000,767,672,190,4,0,0.283,49.5,18.4,90,79,99,81,89
2024-W45,2024-11-04,Nyanza,Southern,360000,545,493,164,3,0,0.333,58.5,17.6,90,79,99,81,91
2024-W46,2024-11-11,Nyanza,Southern,360000,653,588,232,2,0,0.395,52.6,17.6,90,79,99,81,88
2024-W47,2024-11-18,Nyanza,Southern,360000,563,534,249,3,0,0.466,29.4,18.5,90,79,99,81,88
2024-W48,2024-11-25,Nyanza,Southern,360000,694,612,299,4,0,0.489,30.5,18.2,90,79,99,81,90
2024-W49,2024-12-02,Nyanza,Southern,360000,656,573,313,5,0,0.546,23.9,17.6,90,79,99,81,90
2024-W50,2024-12-09,Nyanza,Southern,360000,592,541,297,5,0,0.549,22.0,18.4,90,79,99,81,88
2024-W51,2024-12-16,Nyanza,Southern,360000,605,540,286,3,0,0.53,20.9,18.3,90,79,99,81,90
2024-W52,2024-12-23,Nyanza,Southern,360000,487,450,234,3,0,0.52,13.3,18.7,90,79,99,81,92
2025-W01,2024-12-30,Nyanza,Southern,360000,615,573,253,5,0,0.442,15.1,18.7,90,79,99,81,92
2025-W02,2025-01-06,Nyanza,Southern,360000,655,589,230,3,0,0.39,15.0,19.1,90,79,99,81,91
2025-W03,2025-01-13,Nyanza,Southern,360000,667,635,213,3,0,0.335,19.9,18.3,90,79,99,81,91
2025-W04,2025-01-20,Nyanza,Southern,360000,694,611,188,2,0,0.308,21.2,19.2,90,79,99,81,90
2025-W05,2025-01-27,Nyanza,Southern,360000,773,688,147,2,0,0.214,16.8,19.4,90,79,99,81,91
2025-W06,2025-02-03,Nyanza,Southern,360000,846,771,150,2,0,0.195,37.1,19.3,90,79,99,81,90
2025-W07,2025-02-10,Nyanza,Southern,360000,645,623,117,2,0,0.188,29.6,19.6,90,79,99,81,90
2025-W08,2025-02-17,Nyanza,Southern,360000,784,709,124,2,0,0.175,39.2,19.3,90,79,99,81,91
2025-W09,2025-02-24,Nyanza,Southern,360000,923,837,120,2,0,0.143,46.3,20.3,90,79,99,81,88
2025-W10,2025-03-03,Nyanza,Southern,360000,793,706,119,2,0,0.169,63.4,19.7,90,79,99,81,88
2025-W11,2025-03-10,Nyanza,Southern,360000,850,760,109,1,0,0.143,56.4,21.0,90,79,99,81,90
2025-W12,2025-03-17,Nyanza,Southern,360000,612,578,115,2,0,0.199,60.3,20.0,90,79,99,81,92
2025-W13,2025-03-24,Nyanza,Southern,360000,893,791,119,2,0,0.15,82.2,20.1,90,79,99,81,88
2025-W14,2025-03-31,Nyanza,Southern,360000,691,660,122,2,0,0.185,65.9,21.0,90,79,99,81,90
2025-W15,2025-04-07,Nyanza,Southern,360000,859,803,158,3,0,0.197,57.5,21.5,90,79,99,81,89
2025-W16,2025-04-14,Nyanza,Southern,360000,575,555,129,2,0,0.232,66.1,20.6,90,79,99,81,89
2025-W17,2025-04-21,Nyanza,Southern,360000,710,643,173,3,0,0.269,73.0,20.6,90,79,99,81,90
2025-W18,2025-04-28,Nyanza,Southern,360000,673,623,189,2,0,0.303,60.0,21.3,90,79,99,81,88
2025-W19,2025-05-05,Nyanza,Southern,360000,693,622,220,4,0,0.354,56.1,20.5,90,79,99,81,91
2025-W20,2025-05-12,Nyanza,Southern,360000,594,537,228,2,0,0.425,51.3,21.6,90,79,99,81,88
2025-W21,2025-05-19,Nyanza,Southern,360000,622,583,267,5,0,0.458,32.5,21.1,90,79,99,81,90
2025-W22,2025-05-26,Nyanza,Southern,360000,686,614,307,6,0,0.5,25.6,20.6,90,79,99,81,92
2025-W23,2025-06-02,Nyanza,Southern,360000,711,686,349,6,0,0.509,37.3,21.2,90,79,99,81,91
2025-W24,2025-06-09,Nyanza,Southern,360000,651,589,315,5,0,0.535,19.7,20.6,90,79,99,81,88
2025-W25,2025-06-16,Nyanza,Southern,360000,639,561,303,3,0,0.54,17.1,20.5,90,79,99,81,91
2025-W26,2025-06-23,Nyanza,Southern,360000,662,582,272,4,0,0.467,17.2,20.4,90,76,99,81,92
2025-W27,2025-06-30,Nyanza,Southern,360000,675,617,289,4,0,0.468,20.3,20.5,90,76,99,81,89
2025-W28,2025-07-07,Nyanza,Southern,360000,864,772,295,5,0,0.382,16.6,20.8,90,76,99,81,90
2025-W29,2025-07-14,Nyanza,Southern,360000,692,604,232,3,0,0.384,13.6,20.3,90,76,99,81,89
2025-W30,2025-07-21,Nyanza,Southern,360000,672,621,198,4,0,0.319,12.3,19.6,90,76,99,81,91
2025-W31,2025-07-28,Nyanza,Southern,360000,717,659,185,3,0,0.281,11.5,19.2,90,76,99,81,88
2025-W32,2025-08-04,Nyanza,Southern,360000,611,592,149,2,0,0.252,15.4,19.0,90,76,99,81,90
2025-W33,2025-08-11,Nyanza,Southern,360000,779,714,133,3,0,0.186,19.1,18.8,90,76,99,81,90
2025-W34,2025-08-18,Nyanza,Southern,360000,737,687,134,2,0,0.195,34.3,18.7,90,76,99,81,89
2025-W35,2025-08-25,Nyanza,Southern,360000,858,771,117,2,0,0.152,30.7,19.1,90,76,99,81,89
2025-W36,2025-09-01,Nyanza,Southern,360000,699,613,114,2,0,0.186,31.2,19.2,90,76,99,81,89
2025-W37,2025-09-08,Nyanza,Southern,360000,857,815,117,1,0,0.144,49.3,18.3,90,76,99,81,91
2025-W38,2025-09-15,Nyanza,Southern,360000,966,873,131,2,0,0.15,50.1,17.9,90,76,99,81,91
2025-W39,2025-09-22,Nyanza,Southern,360000,909,843,129,2,0,0.153,71.6,18.2,90,76,99,81,91
2025-W40,2025-09-29,Nyanza,Southern,360000,776,750,122,2,0,0.163,71.0,18.7,90,76,99,81,91
2025-W41,2025-10-06,Nyanza,Southern,360000,676,642,130,2,0,0.202,56.2,18.5,90,79,99,81,90
2025-W42,2025-10-13,Nyanza,Southern,360000,652,595,139,1,0,0.234,57.8,18.4,90,79,99,81,92
2025-W43,2025-10-20,Nyanza,Southern,360000,576,539,144,2,0,0.267,39.4,18.0,90,79,99,81,91
2025-W44,2025-10-27,Nyanza,Southern,360000,767,728,199,2,0,0.273,66.8,18.3,90,79,99,81,89
2025-W45,2025-11-03,Nyanza,Southern,360000,814,717,232,4,0,0.324,48.2,17.4,90,79,99,81,88
2025-W46,2025-11-10,Nyanza,Southern,360000,716,645,253,4,0,0.392,45.1,18.4,90,79,99,81,91
2025-W47,2025-11-17,Nyanza,Southern,360000,651,579,264,3,0,0.456,40.9,18.1,90,79,99,81,89
2025-W48,2025-11-24,Nyanza,Southern,360000,670,638,319,6,0,0.5,33.8,17.6,90,79,99,81,91
2025-W49,2025-12-01,Nyanza,Southern,360000,668,636,320,4,0,0.503,16.9,18.0,90,79,99,81,91
2025-W50,2025-12-08,Nyanza,Southern,360000,694,651,344,5,0,0.528,18.6,18.7,90,79,99,81,92
2025-W51,2025-12-15,Nyanza,Southern,360000,702,640,329,3,0,0.514,16.2,18.7,90,79,99,81,91
2025-W52,2025-12-22,Nyanza,Southern,360000,680,636,320,5,0,0.503,17.9,17.9,90,79,99,81,88
2026-W01,2025-12-29,Nyanza,Southern,360000,608,559,248,4,0,0.444,13.8,19.1,90,79,99,81,92
2026-W02,2026-01-05,Nyanza,Southern,360000,653,580,225,4,0,0.388,13.6,18.2,90,79,99,81,88
2026-W03,2026-01-12,Nyanza,Southern,360000,682,628,205,3,0,0.326,19.6,18.9,90,79,99,81,89
2026-W04,2026-01-19,Nyanza,Southern,360000,679,653,184,2,0,0.282,21.0,19.5,90,79,99,81,89
2026-W05,2026-01-26,Nyanza,Southern,360000,627,559,145,1,0,0.259,15.9,18.8,90,79,99,81,91
2026-W06,2026-02-02,Nyanza,Southern,360000,659,624,145,3,0,0.232,28.7,19.6,90,79,99,81,88
2026-W07,2026-02-09,Nyanza,Southern,360000,823,731,120,2,0,0.164,28.6,19.8,90,79,99,81,89
2026-W08,2026-02-16,Nyanza,Southern,360000,750,723,109,1,0,0.151,40.4,19.8,90,79,99,81,91
2026-W09,2026-02-23,Nyanza,Southern,360000,711,659,115,1,0,0.175,32.6,20.2,90,79,99,81,88
2026-W10,2026-03-02,Nyanza,Southern,360000,649,614,116,2,0,0.189,44.4,20.7,90,79,99,81,92
2026-W11,2026-03-09,Nyanza,Southern,360000,787,726,111,2,0,0.153,58.2,20.0,90,79,99,81,90
2026-W12,2026-03-16,Nyanza,Southern,360000,744,656,120,2,0,0.183,75.3,20.9,90,79,99,81,92
2026-W13,2026-03-23,Nyanza,Southern,360000,676,628,122,2,0,0.194,81.9,21.0,90,79,99,81,92
2026-W14,2026-03-30,Nyanza,Southern,360000,726,690,133,2,0,0.193,88.7,21.2,90,79,99,81,88
2026-W15,2026-04-06,Nyanza,Southern,360000,697,672,137,2,0,0.204,95.7,20.8,90,79,99,81,92
2026-W16,2026-04-13,Nyanza,Southern,360000,616,547,144,1,0,0.263,66.8,20.5,90,79,99,81,89
2026-W17,2026-04-20,Nyanza,Southern,360000,754,662,158,2,0,0.239,63.2,21.4,90,79,99,81,92
2026-W18,2026-04-27,Nyanza,Southern,360000,664,605,201,4,0,0.332,70.6,21.5,90,79,99,81,92
2026-W19,2026-05-04,Nyanza,Southern,360000,669,619,226,4,0,0.365,36.0,21.0,90,79,99,81,91
2026-W20,2026-05-11,Nyanza,Southern,360000,729,671,254,2,0,0.379,48.5,20.5,90,79,99,81,92
2026-W21,2026-05-18,Nyanza,Southern,360000,656,636,272,4,0,0.428,46.3,21.3,90,79,99,81,89
2026-W22,2026-05-25,Nyanza,Southern,360000,635,565,270,5,0,0.478,36.4,21.3,90,79,99,81,90
2026-W23,2026-06-01,Nyanza,Southern,360000,663,599,305,3,0,0.509,26.6,20.6,90,79,99,81,90
2026-W24,2026-06-08,Nyanza,Southern,360000,606,535,265,5,0,0.495,25.4,20.4,90,79,99,81,91
2026-W25,2026-06-15,Nyanza,Southern,360000,640,600,308,5,0,0.513,23.6,21.0,90,79,99,81,90
2026-W26,2026-06-22,Nyanza,Southern,360000,569,547,267,4,0,0.488,19.0,20.4,90,76,99,81,90
2026-W27,2026-06-29,Nyanza,Southern,360000,690,654,288,4,0,0.44,18.0,20.9,90,76,99,81,89
2026-W28,2026-07-06,Nyanza,Southern,360000,612,562,235,2,0,0.418,12.6,20.5,90,76,99,81,89
2026-W29,2026-07-13,Nyanza,Southern,360000,643,610,203,2,0,0.333,17.7,20.0,90,76,99,81,92
2026-W30,2026-07-20,Nyanza,Southern,360000,613,573,183,3,0,0.319,15.7,19.6,90,76,99,81,91
2026-W31,2026-07-27,Nyanza,Southern,360000,719,670,180,2,0,0.269,11.9,19.6,90,76,99,81,91
2026-W32,2026-08-03,Nyanza,Southern,360000,727,635,154,3,0,0.243,18.0,19.9,90,76,99,81,89
2026-W33,2026-08-10,Nyanza,Southern,360000,562,540,127,2,0,0.235,18.9,19.7,90,76,99,81,91
2026-W34,2026-08-17,Nyanza,Southern,360000,803,703,117,2,0,0.166,36.1,19.4,90,76,99,81,91
2026-W35,2026-08-24,Nyanza,Southern,360000,770,670,109,2,0,0.163,49.7,19.4,90,76,99,81,89
2026-W36,2026-08-31,Nyanza,Southern,360000,738,642,113,2,0,0.176,50.2,19.1,90,76,99,81,91
2026-W37,2026-09-07,Nyanza,Southern,360000,839,771,115,2,0,0.149,35.7,19.1,90,76,99,81,89
2026-W38,2026-09-14,Nyanza,Southern,360000,864,770,115,2,0,0.149,43.1,18.7,90,76,99,81,88
2026-W39,2026-09-21,Nyanza,Southern,360000,698,633,119,1,0,0.188,68.6,18.3,90,76,99,81,89
2026-W40,2026-09-28,Nyanza,Southern,360000,826,756,118,2,0,0.156,65.2,18.2,90,76,99,81,88
2023-W01,2023-01-02,Musanze,Northern,400000,425,412,188,2,0,0.456,14.0,16.2,90,80,0,86,94
2023-W02,2023-01-09,Musanze,Northern,400000,449,411,156,2,0,0.38,15.1,15.7,90,80,0,86,90
2023-W03,2023-01-16,Musanze,Northern,400000,441,396,138,1,0,0.348,11.8,16.2,90,80,0,86,93
2023-W04,2023-01-23,Musanze,Northern,400000,410,376,113,2,0,0.301,19.8,17.1,90,80,0,86,94
2023-W05,2023-01-30,Musanze,Northern,400000,444,399,97,1,0,0.243,25.4,17.1,90,80,0,86,94
2023-W06,2023-02-06,Musanze,Northern,400000,564,514,97,2,0,0.189,27.0,16.6,90,80,0,86,90
2023-W07,2023-02-13,Musanze,Northern,400000,560,534,93,1,0,0.174,28.0,16.8,90,80,0,86,91
2023-W08,2023-02-20,Musanze,Northern,400000,448,426,82,1,0,0.192,35.9,17.8,90,80,0,86,94
2023-W09,2023-02-27,Musanze,Northern,400000,511,495,70,1,0,0.141,37.5,17.1,90,80,0,86,94
2023-W10,2023-03-06,Musanze,Northern,400000,473,458,69,1,0,0.151,39.7,17.9,90,80,0,86,91
2023-W11,2023-03-13,Musanze,Northern,400000,534,493,70,1,0,0.142,41.7,17.3,90,80,0,86,92
2023-W12,2023-03-20,Musanze,Northern,400000,450,399,77,1,0,0.193,63.6,18.4,90,80,0,86,92
2023-W13,2023-03-27,Musanze,Northern,400000,676,590,100,1,0,0.169,61.9,18.8,90,80,0,86,90
2023-W14,2023-04-03,Musanze,Northern,400000,461,424,75,1,0,0.177,62.1,17.9,90,80,0,86,94
2023-W15,2023-04-10,Musanze,Northern,400000,451,399,92,2,0,0.231,73.4,18.8,90,80,0,86,92
2023-W16,2023-04-17,Musanze,Northern,400000,485,458,105,1,0,0.229,68.6,18.2,90,80,0,86,90
2023-W17,2023-04-24,Musanze,Northern,400000,541,524,125,2,0,0.239,65.2,18.1,90,80,0,86,92
2023-W18,2023-05-01,Musanze,Northern,400000,485,452,129,3,0,0.285,51.9,19.2,90,80,0,86,92
2023-W19,2023-05-08,Musanze,Northern,400000,437,406,149,3,0,0.367,57.2,19.1,90,80,0,86,90
2023-W20,2023-05-15,Musanze,Northern,400000,436,418,158,2,0,0.378,80.2,18.1,90,80,0,86,93
2023-W21,2023-05-22,Musanze,Northern,400000,420,390,182,3,0,0.467,44.6,18.2,90,80,0,86,94
2023-W22,2023-05-29,Musanze,Northern,400000,476,420,205,3,0,0.488,41.5,19.1,90,80,0,86,94
2023-W23,2023-06-05,Musanze,Northern,400000,493,440,219,2,0,0.498,28.4,18.5,90,80,0,86,93
2023-W24,2023-06-12,Musanze,Northern,400000,498,464,229,3,0,0.494,25.2,18.2,90,80,0,86,94
2023-W25,2023-06-19,Musanze,Northern,400000,426,374,202,2,0,0.54,21.2,18.4,90,80,0,86,90
2023-W26,2023-06-26,Musanze,Northern,400000,535,483,228,2,0,0.472,17.4,17.7,90,77,0,86,90
2023-W27,2023-07-03,Musanze,Northern,400000,450,436,184,2,0,0.422,13.4,17.4,90,77,0,86,93
2023-W28,2023-07-10,Musanze,Northern,400000,461,430,161,3,0,0.374,11.8,18.3,90,77,0,86,93
2023-W29,2023-07-17,Musanze,Northern,400000,449,428,153,1,0,0.357,18.1,17.5,90,77,0,86,90
2023-W30,2023-07-24,Musanze,Northern,400000,413,382,121,1,0,0.317,18.7,17.1,90,77,0,86,93
2023-W31,2023-07-31,Musanze,Northern,400000,418,398,114,2,0,0.286,20.4,17.8,90,77,0,86,94
2023-W32,2023-08-07,Musanze,Northern,400000,518,456,106,2,0,0.232,23.2,16.5,90,77,0,86,91
2023-W33,2023-08-14,Musanze,Northern,400000,518,495,98,1,0,0.198,31.3,16.6,90,77,0,86,94
2023-W34,2023-08-21,Musanze,Northern,400000,506,463,96,1,0,0.207,27.6,16.9,90,77,0,86,94
2023-W35,2023-08-28,Musanze,Northern,400000,622,575,86,1,0,0.15,55.4,16.5,90,77,0,86,90
2023-W36,2023-09-04,Musanze,Northern,400000,487,443,85,1,0,0.192,35.5,15.7,90,77,0,86,93
2023-W37,2023-09-11,Musanze,Northern,400000,485,446,75,1,0,0.168,57.7,16.4,90,77,0,86,92
2023-W38,2023-09-18,Musanze,Northern,400000,560,507,79,1,0,0.156,46.0,15.5,90,77,0,86,92
2023-W39,2023-09-25,Musanze,Northern,400000,723,638,91,1,0,0.143,56.5,15.6,90,77,0,86,90
2023-W40,2023-10-02,Musanze,Northern,400000,509,483,91,2,0,0.188,76.7,16.1,90,77,0,86,94
2023-W41,2023-10-09,Musanze,Northern,400000,478,424,79,1,0,0.186,59.0,15.9,90,80,0,86,93
2023-W42,2023-10-16,Musanze,Northern,400000,450,435,91,1,0,0.209,56.7,15.8,90,80,0,86,93
2023-W43,2023-10-23,Musanze,Northern,400000,591,528,116,1,0,0.22,60.4,15.8,90,80,0,86,91
2023-W44,2023-10-30,Musanze,Northern,400000,566,496,134,2,0,0.27,52.3,15.5,90,80,0,86,93
2023-W45,2023-11-06,Musanze,Northern,400000,460,420,146,2,0,0.348,49.8,15.2,90,80,0,86,92
2023-W46,2023-11-13,Musanze,Northern,400000,442,411,170,2,0,0.414,38.5,15.6,90,80,0,86,90
2023-W47,2023-11-20,Musanze,Northern,400000,555,493,214,2,0,0.434,29.3,15.7,90,80,0,86,90
2023-W48,2023-11-27,Musanze,Northern,400000,446,429,211,3,0,0.492,34.7,15.1,90,80,0,86,90
2023-W49,2023-12-04,Musanze,Northern,400000,415,371,199,2,0,0.536,20.9,15.7,90,80,0,86,93
2023-W50,2023-12-11,Musanze,Northern,400000,414,393,210,2,0,0.534,22.7,15.7,90,80,0,86,94
2023-W51,2023-12-18,Musanze,Northern,400000,474,426,227,3,0,0.533,14.2,15.7,90,80,0,86,91
2023-W52,2023-12-25,Musanze,Northern,400000,455,406,211,3,0,0.52,15.2,16.2,90,80,0,86,92
2024-W01,2024-01-01,Musanze,Northern,400000,490,462,202,2,0,0.437,15.2,16.0,90,80,0,86,91
2024-W02,2024-01-08,Musanze,Northern,400000,469,444,184,3,0,0.414,12.5,16.8,90,80,0,86,90
2024-W03,2024-01-15,Musanze,Northern,400000,488,461,147,3,0,0.319,13.3,16.6,90,80,0,86,94
2024-W04,2024-01-22,Musanze,Northern,400000,548,487,126,2,0,0.259,20.0,16.1,90,80,0,86,94
2024-W05,2024-01-29,Musanze,Northern,400000,464,416,113,1,0,0.272,22.2,16.4,90,80,0,86,94
2024-W06,2024-02-05,Musanze,Northern,400000,581,515,106,2,0,0.206,27.1,16.9,90,80,0,86,93
2024-W07,2024-02-12,Musanze,Northern,400000,496,437,90,1,0,0.206,27.4,17.3,90,80,0,86,93
2024-W08,2024-02-19,Musanze,Northern,400000,660,599,91,1,0,0.152,31.9,17.6,90,80,0,86,93
2024-W09,2024-02-26,Musanze,Northern,400000,745,654,108,2,0,0.165,40.1,18.0,90,80,0,86,92
2024-W10,2024-03-04,Musanze,Northern,400000,660,605,93,1,0,0.154,43.4,17.8,90,80,0,86,94
2024-W11,2024-03-11,Musanze,Northern,400000,574,555,97,1,0,0.175,42.2,17.9,90,80,0,86,90
2024-W12,2024-03-18,Musanze,Northern,400000,667,608,98,2,0,0.161,61.8,18.4,90,80,0,86,94
2024-W13,2024-03-25,Musanze,Northern,400000,555,485,95,1,0,0.196,52.7,18.6,90,80,0,86,90
2024-W14,2024-04-01,Musanze,Northern,400000,597,579,104,1,0,0.18,103.5,17.7,90,80,0,86,93
2024-W15,2024-04-08,Musanze,Northern,400000,453,433,95,1,0,0.219,69.8,18.2,90,80,0,86,90
2024-W16,2024-04-15,Musanze,Northern,400000,597,546,122,1,0,0.223,72.4,17.9,90,80,0,86,92
2024-W17,2024-04-22,Musanze,Northern,400000,540,497,128,2,0,0.258,64.5,18.4,90,80,0,86,90
2024-W18,2024-04-29,Musanze,Northern,400000,583,514,173,3,0,0.337,61.4,18.8,90,80,0,86,92
2024-W19,2024-05-06,Musanze,Northern,400000,540,491,177,2,0,0.36,92.6,18.5,90,80,0,86,94
2024-W20,2024-05-13,Musanze,Northern,400000,614,578,227,4,0,0.393,55.0,18.0,90,80,0,86,91
2024-W21,2024-05-20,Musanze,Northern,400000,541,507,217,4,0,0.428,40.5,18.8,90,80,0,86,90
2024-W22,2024-05-27,Musanze,Northern,400000,555,521,254,3,0,0.488,31.2,18.4,90,80,0,86,92
2024-W23,2024-06-03,Musanze,Northern,400000,478,433,231,4,0,0.533,38.5,18.5,90,80,0,86,92
2024-W24,2024-06-10,Musanze,Northern,400000,566,529,286,4,0,0.541,21.1,18.7,90,80,0,86,94
2024-W25,2024-06-17,Musanze,Northern,400000,573,543,263,3,0,0.484,15.1,18.4,90,80,0,86,92
2024-W26,2024-06-24,Musanze,Northern,400000,594,519,252,5,0,0.486,20.3,18.4,90,77,0,86,91
2024-W27,2024-07-01,Musanze,Northern,400000,528,508,227,3,0,0.447,16.4,17.5,90,77,0,86,94
2024-W28,2024-07-08,Musanze,Northern,400000,633,578,216,3,0,0.374,15.2,17.8,90,77,0,86,93
2024-W29,2024-07-15,Musanze,Northern,400000,773,718,243,3,0,0.338,18.0,17.4,90,77,0,86,90
2024-W30,2024-07-22,Musanze,Northern,400000,672,590,179,4,0,0.303,12.7,17.7,90,77,0,86,94
2024-W31,2024-07-29,Musanze,Northern,400000,643,606,154,2,0,0.254,16.1,17.5,90,77,0,86,93
2024-W32,2024-08-05,Musanze,Northern,400000,646,595,143,2,0,0.24,16.1,16.5,90,77,0,86,94
2024-W33,2024-08-12,Musanze,Northern,400000,688,650,126,2,0,0.194,19.0,16.8,90,77,0,86,94
2024-W34,2024-08-19,Musanze,Northern,400000,634,572,123,2,0,0.215,35.7,16.1,90,77,0,86,91
2024-W35,2024-08-26,Musanze,Northern,400000,815,737,119,2,0,0.161,50.1,16.8,90,77,0,86,91
2024-W36,2024-09-02,Musanze,Northern,400000,764,708,117,2,0,0.165,61.5,16.1,90,77,0,86,94
2024-W37,2024-09-09,Musanze,Northern,400000,665,598,97,1,0,0.162,43.2,16.5,90,77,0,86,92
2024-W38,2024-09-16,Musanze,Northern,400000,668,620,114,1,0,0.184,47.2,15.7,90,77,0,86,90
2024-W39,2024-09-23,Musanze,Northern,400000,706,620,101,2,0,0.163,82.8,16.3,90,77,0,86,94
2024-W40,2024-09-30,Musanze,Northern,400000,814,759,113,2,0,0.149,57.6,15.2,90,77,0,86,92
2024-W41,2024-10-07,Musanze,Northern,400000,624,547,119,2,0,0.218,71.9,15.5,90,80,0,86,93
2024-W42,2024-10-14,Musanze,Northern,400000,745,651,150,2,0,0.23,58.0,15.3,90,80,0,86,91
2024-W43,2024-10-21,Musanze,Northern,400000,666,640,151,3,0,0.236,48.8,14.9,90,80,0,86,91
2024-W44,2024-10-28,Musanze,Northern,400000,659,580,169,3,0,0.291,48.3,16.0,90,80,0,86,92
2024-W45,2024-11-04,Musanze,Northern,400000,687,610,190,2,0,0.311,64.3,15.0,90,80,0,86,92
2024-W46,2024-11-11,Musanze,Northern,400000,629,576,238,2,0,0.413,35.2,15.1,90,80,0,86,92
2024-W47,2024-11-18,Musanze,Northern,400000,735,651,303,4,0,0.465,37.9,15.7,90,80,0,86,90
2024-W48,2024-11-25,Musanze,Northern,400000,662,625,294,6,0,0.47,27.9,15.0,90,80,0,86,92
2024-W49,2024-12-02,Musanze,Northern,400000,737,676,348,6,0,0.515,33.3,15.8,90,80,0,86,90
2024-W50,2024-12-09,Musanze,Northern,400000,752,696,368,4,0,0.529,19.2,16.2,90,80,0,86,92
2024-W51,2024-12-16,Musanze,Northern,400000,697,652,350,6,0,0.537,15.4,16.4,90,80,0,86,94
2024-W52,2024-12-23,Musanze,Northern,400000,695,634,327,5,0,0.516,16.0,16.4,90,80,0,86,91
2025-W01,2024-12-30,Musanze,Northern,400000,616,561,265,3,0,0.472,17.6,15.7,90,80,0,86,91
2025-W02,2025-01-06,Musanze,Northern,400000,777,683,262,4,0,0.384,17.8,16.3,90,80,0,86,93
2025-W03,2025-01-13,Musanze,Northern,400000,805,762,252,5,0,0.331,16.5,15.9,90,80,0,86,94
2025-W04,2025-01-20,Musanze,Northern,400000,736,686,196,3,0,0.286,21.4,17.0,90,80,0,86,94
2025-W05,2025-01-27,Musanze,Northern,400000,657,620,164,2,0,0.265,14.7,16.7,90,80,0,86,92
2025-W06,2025-02-03,Musanze,Northern,400000,731,686,156,3,0,0.227,36.9,16.8,90,80,0,86,93
2025-W07,2025-02-10,Musanze,Northern,400000,682,628,129,2,0,0.205,29.4,17.1,90,80,0,86,92
2025-W08,2025-02-17,Musanze,Northern,400000,597,571,114,2,0,0.2,30.2,17.7,90,80,0,86,94
2025-W09,2025-02-24,Musanze,Northern,400000,783,739,115,2,0,0.156,31.5,17.3,90,80,0,86,92
2025-W10,2025-03-03,Musanze,Northern,400000,690,634,111,2,0,0.175,34.9,17.9,90,80,0,86,90
2025-W11,2025-03-10,Musanze,Northern,400000,876,770,135,1,0,0.175,54.5,17.9,90,80,0,86,90
2025-W12,2025-03-17,Musanze,Northern,400000,840,784,127,2,0,0.162,64.8,18.3,90,80,0,86,91
2025-W13,2025-03-24,Musanze,Northern,400000,714,679,136,2,0,0.2,49.9,18.1,90,80,0,86,93
2025-W14,2025-03-31,Musanze,Northern,400000,716,666,145,3,0,0.218,63.5,17.9,90,80,0,86,91
2025-W15,2025-04-07,Musanze,Northern,400000,807,703,161,2,0,0.229,69.8,19.0,90,80,0,86,91
2025-W16,2025-04-14,Musanze,Northern,400000,742,707,167,2,0,0.236,68.2,17.9,90,80,0,86,92
2025-W17,2025-04-21,Musanze,Northern,400000,664,641,184,2,0,0.287,64.0,18.5,90,80,0,86,93
2025-W18,2025-04-28,Musanze,Northern,400000,809,753,226,3,0,0.3,50.8,19.0,90,80,0,86,92
2025-W19,2025-05-05,Musanze,Northern,400000,737,677,257,4,0,0.38,86.0,18.9,90,80,0,86,94
2025-W20,2025-05-12,Musanze,Northern,400000,741,678,286,4,0,0.422,44.0,18.2,90,80,0,86,92
2025-W21,2025-05-19,Musanze,Northern,400000,833,736,309,2,0,0.42,41.6,18.5,90,80,0,86,91
2025-W22,2025-05-26,Musanze,Northern,400000,891,792,382,3,0,0.482,33.4,18.9,90,80,0,86,91
2025-W23,2025-06-02,Musanze,Northern,400000,849,778,377,3,0,0.485,28.0,18.1,90,80,0,86,90
2025-W24,2025-06-09,Musanze,Northern,400000,775,680,365,5,0,0.537,31.2,18.2,90,80,0,86,90
2025-W25,2025-06-16,Musanze,Northern,400000,674,650,340,7,0,0.523,16.4,18.4,90,80,0,86,94
2025-W26,2025-06-23,Musanze,Northern,400000,649,572,292,6,0,0.51,17.2,18.0,90,77,0,86,90
2025-W27,2025-06-30,Musanze,Northern,400000,798,751,338,7,0,0.45,15.7,18.4,90,77,0,86,92
2025-W28,2025-07-07,Musanze,Northern,400000,743,698,268,3,0,0.384,19.9,18.1,90,77,0,86,93
2025-W29,2025-07-14,Musanze,Northern,400000,892,830,280,4,0,0.337,17.0,17.9,90,77,0,86,90
2025-W30,2025-07-21,Musanze,Northern,400000,715,667,186,3,0,0.279,16.2,17.6,90,77,0,86,90
2025-W31,2025-07-28,Musanze,Northern,400000,848,818,205,2,0,0.251,19.1,17.4,90,77,0,86,92
2025-W32,2025-08-04,Musanze,Northern,400000,753,677,178,3,0,0.263,19.7,16.9,90,77,0,86,94
2025-W33,2025-08-11,Musanze,Northern,400000,846,775,164,2,0,0.212,31.2,16.6,90,77,0,86,90
2025-W34,2025-08-18,Musanze,Northern,400000,760,674,146,2,0,0.217,28.8,16.8,90,77,0,86,91
2025-W35,2025-08-25,Musanze,Northern,400000,679,652,132,2,0,0.202,36.2,16.1,90,77,0,86,94
2025-W36,2025-09-01,Musanze,Northern,400000,913,866,129,2,0,0.149,41.1,16.8,90,77,0,86,91
2025-W37,2025-09-08,Musanze,Northern,400000,883,805,131,2,0,0.163,49.5,15.7,90,77,0,86,93
2025-W38,2025-09-15,Musanze,Northern,400000,777,726,137,1,0,0.189,58.0,16.5,90,77,0,86,91
2025-W39,2025-09-22,Musanze,Northern,400000,988,861,126,2,0,0.146,57.0,16.2,90,77,0,86,91
2025-W40,2025-09-29,Musanze,Northern,400000,774,677,116,1,0,0.171,61.0,15.4,90,77,0,86,91
2025-W41,2025-10-06,Musanze,Northern,400000,863,835,147,2,0,0.176,45.4,15.3,90,80,0,86,92
2025-W42,2025-10-13,Musanze,Northern,400000,783,735,157,2,0,0.214,64.7,15.5,90,80,0,86,91
2025-W43,2025-10-20,Musanze,Northern,400000,750,658,161,3,0,0.245,73.4,15.3,90,80,0,86,90
2025-W44,2025-10-27,Musanze,Northern,400000,823,789,238,3,0,0.302,47.5,14.9,90,80,0,86,94
2025-W45,2025-11-03,Musanze,Northern,400000,863,768,238,4,0,0.31,67.7,15.8,90,80,0,86,94
2025-W46,2025-11-10,Musanze,Northern,400000,734,692,283,4,0,0.409,33.2,14.9,90,80,0,86,93
2025-W47,2025-11-17,Musanze,Northern,400000,777,738,330,6,0,0.447,37.4,15.4,90,80,0,86,92
2025-W48,2025-11-24,Musanze,Northern,400000,729,666,342,6,0,0.514,33.1,15.0,90,80,0,86,94
2025-W49,2025-12-01,Musanze,Northern,400000,720,687,373,6,0,0.543,19.2,15.4,90,80,0,86,93
2025-W50,2025-12-08,Musanze,Northern,400000,790,721,408,5,0,0.566,19.7,15.4,90,80,0,86,90
2025-W51,2025-12-15,Musanze,Northern,400000,750,654,347,6,0,0.531,22.0,16.0,90,80,0,86,90
2025-W52,2025-12-22,Musanze,Northern,400000,753,714,364,6,0,0.51,14.9,15.7,90,80,0,86,92
2026-W01,2025-12-29,Musanze,Northern,400000,763,736,350,3,0,0.476,14.6,16.3,90,80,0,86,94
2026-W02,2026-01-05,Musanze,Northern,400000,651,603,223,3,0,0.37,16.3,16.1,90,80,0,86,94
2026-W03,2026-01-12,Musanze,Northern,400000,759,685,242,3,0,0.353,17.8,16.1,90,80,0,86,92
2026-W04,2026-01-19,Musanze,Northern,400000,838,737,207,3,0,0.281,22.7,16.1,90,80,0,86,93
2026-W05,2026-01-26,Musanze,Northern,400000,686,630,147,2,0,0.233,19.7,16.9,90,80,0,86,90
2026-W06,2026-02-02,Musanze,Northern,400000,731,659,142,2,0,0.215,34.0,17.3,90,80,0,86,90
2026-W07,2026-02-09,Musanze,Northern,400000,591,524,113,2,0,0.216,31.7,17.0,90,80,0,86,94
2026-W08,2026-02-16,Musanze,Northern,400000,740,715,117,1,0,0.164,38.0,17.9,90,80,0,86,92
2026-W09,2026-02-23,Musanze,Northern,400000,825,744,148,3,0,0.199,45.6,17.9,90,80,0,86,90
2026-W10,2026-03-02,Musanze,Northern,400000,727,656,124,2,0,0.189,56.3,17.5,90,80,0,86,92
2026-W11,2026-03-09,Musanze,Northern,400000,1041,950,132,2,0,0.139,58.3,17.6,90,80,0,86,91
2026-W12,2026-03-16,Musanze,Northern,400000,716,673,120,2,0,0.178,70.4,18.2,90,80,0,86,91
2026-W13,2026-03-23,Musanze,Northern,400000,820,718,125,2,0,0.174,59.7,18.2,90,80,0,86,92
2026-W14,2026-03-30,Musanze,Northern,400000,719,629,135,2,0,0.215,73.6,18.5,90,80,0,86,90
2026-W15,2026-04-06,Musanze,Northern,400000,789,703,145,1,0,0.206,64.8,18.2,90,80,0,86,94
2026-W16,2026-04-13,Musanze,Northern,400000,830,735,161,3,0,0.219,68.0,18.1,90,80,0,86,94
2026-W17,2026-04-20,Musanze,Northern,400000,737,687,179,3,0,0.261,70.8,18.3,90,80,0,86,94
2026-W18,2026-04-27,Musanze,Northern,400000,781,729,205,2,0,0.281,57.2,18.7,90,80,0,86,92
2026-W19,2026-05-04,Musanze,Northern,400000,644,605,219,3,0,0.362,62.9,18.4,90,80,0,86,93
2026-W20,2026-05-11,Musanze,Northern,400000,760,667,250,4,0,0.375,53.7,18.2,90,80,0,86,93
2026-W21,2026-05-18,Musanze,Northern,400000,743,677,308,3,0,0.455,45.1,19.1,90,80,0,86,91
2026-W22,2026-05-25,Musanze,Northern,400000,659,590,291,3,0,0.493,39.3,18.8,90,80,0,86,92
2026-W23,2026-06-01,Musanze,Northern,400000,660,582,302,4,0,0.519,26.1,18.4,90,80,0,86,94
2026-W24,2026-06-08,Musanze,Northern,400000,623,559,300,4,0,0.537,23.3,18.6,90,80,0,86,94
2026-W25,2026-06-15,Musanze,Northern,400000,763,714,360,6,0,0.504,23.9,18.0,90,80,0,86,90
2026-W26,2026-06-22,Musanze,Northern,400000,766,692,339,3,0,0.49,14.6,17.9,90,77,0,86,93
2026-W27,2026-06-29,Musanze,Northern,400000,688,614,280,3,0,0.456,15.4,18.0,90,77,0,86,90
2026-W28,2026-07-06,Musanze,Northern,400000,776,712,269,3,0,0.378,15.3,17.6,90,77,0,86,92
2026-W29,2026-07-13,Musanze,Northern,400000,715,642,216,2,0,0.336,13.2,18.1,90,77,0,86,93
2026-W30,2026-07-20,Musanze,Northern,400000,721,678,202,2,0,0.298,15.4,17.0,90,77,0,86,93
2026-W31,2026-07-27,Musanze,Northern,400000,686,666,161,3,0,0.242,15.7,16.9,90,77,0,86,93
2026-W32,2026-08-03,Musanze,Northern,400000,896,810,169,3,0,0.209,16.6,17.3,90,77,0,86,90
2026-W33,2026-08-10,Musanze,Northern,400000,692,611,136,1,0,0.223,21.7,16.3,90,77,0,86,92
2026-W34,2026-08-17,Musanze,Northern,400000,876,837,137,2,0,0.164,26.4,16.3,90,77,0,86,92
2026-W35,2026-08-24,Musanze,Northern,400000,886,771,118,2,0,0.153,35.5,16.4,90,77,0,86,91
2026-W36,2026-08-31,Musanze,Northern,400000,789,746,124,1,0,0.166,42.0,15.7,90,77,0,86,91
2026-W37,2026-09-07,Musanze,Northern,400000,808,746,130,2,0,0.174,39.6,15.9,90,77,0,86,91
2026-W38,2026-09-14,Musanze,Northern,400000,960,892,129,2,0,0.145,48.3,15.4,90,77,0,86,93
2026-W39,2026-09-21,Musanze,Northern,400000,787,721,116,2,0,0.161,66.1,16.3,90,77,0,86,94
2026-W40,2026-09-28,Musanze,Northern,400000,707,674,128,1,0,0.19,51.3,15.9,90,77,0,86,94
2023-W01,2023-01-02,Kayonza,Eastern,460000,246,220,103,1,0,0.468,15.0,21.5,91,80,99,82,90
2023-W02,2023-01-09,Kayonza,Eastern,460000,220,211,87,1,0,0.412,18.1,20.8,91,80,99,82,93
2023-W03,2023-01-16,Kayonza,Eastern,460000,277,249,76,1,0,0.305,13.4,22.0,91,80,99,82,90
2023-W04,2023-01-23,Kayonza,Eastern,460000,282,264,71,1,0,0.269,19.3,21.3,91,80,99,82,90
2023-W05,2023-01-30,Kayonza,Eastern,460000,253,226,55,1,0,0.243,28.9,22.2,91,80,99,82,92
2023-W06,2023-02-06,Kayonza,Eastern,460000,293,257,50,0,0,0.195,23.3,22.5,91,80,99,82,89
2023-W07,2023-02-13,Kayonza,Eastern,460000,290,276,52,0,0,0.188,26.1,21.8,91,80,99,82,91
2023-W08,2023-02-20,Kayonza,Eastern,460000,317,292,53,1,0,0.182,38.0,22.4,91,80,99,82,89
2023-W09,2023-02-27,Kayonza,Eastern,460000,338,294,44,1,0,0.15,45.4,22.6,91,80,99,82,91
2023-W10,2023-03-06,Kayonza,Eastern,460000,294,273,43,1,0,0.158,53.5,22.5,91,80,99,82,89
2023-W11,2023-03-13,Kayonza,Eastern,460000,328,286,42,0,0,0.147,60.4,23.2,91,80,99,82,91
2023-W12,2023-03-20,Kayonza,Eastern,460000,311,279,42,0,0,0.151,60.3,22.9,91,80,99,82,90
2023-W13,2023-03-27,Kayonza,Eastern,460000,264,246,44,1,0,0.179,72.9,23.5,91,80,99,82,93
2023-W14,2023-04-03,Kayonza,Eastern,460000,288,262,51,0,0,0.195,87.3,23.0,91,80,99,82,90
2023-W15,2023-04-10,Kayonza,Eastern,460000,248,226,48,1,0,0.212,69.7,23.4,91,80,99,82,91
2023-W16,2023-04-17,Kayonza,Eastern,460000,274,245,54,1,0,0.22,78.5,23.6,91,80,99,82,90
2023-W17,2023-04-24,Kayonza,Eastern,460000,236,211,62,1,0,0.294,89.5,23.8,91,80,99,82,89
2023-W18,2023-05-01,Kayonza,Eastern,460000,351,309,87,1,0,0.282,69.7,24.1,91,80,99,82,93
2023-W19,2023-05-08,Kayonza,Eastern,460000,292,266,87,1,0,0.327,64.3,23.3,91,80,99,82,91
2023-W20,2023-05-15,Kayonza,Eastern,460000,259,232,90,1,0,0.388,60.4,23.4,91,80,99,82,91
2023-W21,2023-05-22,Kayonza,Eastern,460000,249,224,102,2,0,0.455,46.5,24.1,91,80,99,82,89
2023-W22,2023-05-29,Kayonza,Eastern,460000,258,231,119,2,0,0.515,34.0,23.4,91,80,99,82,92
2023-W23,2023-06-05,Kayonza,Eastern,460000,239,231,117,2,0,0.506,39.7,22.8,91,80,99,82,92
2023-W24,2023-06-12,Kayonza,Eastern,460000,281,251,125,2,0,0.498,22.8,23.5,91,80,99,82,91
2023-W25,2023-06-19,Kayonza,Eastern,460000,294,267,129,1,0,0.483,16.1,23.4,91,80,99,82,91
2023-W26,2023-06-26,Kayonza,Eastern,460000,279,260,119,1,0,0.458,17.9,22.5,91,77,99,82,92
2023-W27,2023-07-03,Kayonza,Eastern,460000,226,204,97,1,0,0.475,19.5,22.3,91,77,99,82,91
2023-W28,2023-07-10,Kayonza,Eastern,460000,280,261,108,1,0,0.414,14.1,23.2,91,77,99,82,92
2023-W29,2023-07-17,Kayonza,Eastern,460000,214,203,76,1,0,0.374,13.5,22.5,91,77,99,82,91
2023-W30,2023-07-24,Kayonza,Eastern,460000,256,242,81,1,0,0.335,18.0,21.8,91,77,99,82,90
2023-W31,2023-07-31,Kayonza,Eastern,460000,260,243,67,1,0,0.276,17.5,22.5,91,77,99,82,93
2023-W32,2023-08-07,Kayonza,Eastern,460000,303,269,60,1,0,0.223,20.6,21.5,91,77,99,82,93
2023-W33,2023-08-14,Kayonza,Eastern,460000,345,313,57,1,0,0.182,16.1,22.2,91,77,99,82,90
2023-W34,2023-08-21,Kayonza,Eastern,460000,251,242,52,1,0,0.215,24.1,21.8,91,77,99,82,91
2023-W35,2023-08-28,Kayonza,Eastern,460000,378,356,56,1,0,0.157,32.9,21.3,91,77,99,82,92
2023-W36,2023-09-04,Kayonza,Eastern,460000,292,273,53,1,0,0.194,35.9,20.7,91,77,99,82,92
2023-W37,2023-09-11,Kayonza,Eastern,460000,300,279,47,1,0,0.168,50.6,20.8,91,77,99,82,89
2023-W38,2023-09-18,Kayonza,Eastern,460000,299,268,47,1,0,0.175,46.2,21.0,91,77,99,82,89
2023-W39,2023-09-25,Kayonza,Eastern,460000,271,261,49,1,0,0.188,32.2,20.4,91,77,99,82,91
2023-W40,2023-10-02,Kayonza,Eastern,460000,329,317,54,1,0,0.17,74.0,21.3,91,77,99,82,89
2023-W41,2023-10-09,Kayonza,Eastern,460000,290,269,54,1,0,0.201,67.8,20.9,91,80,99,82,90
2023-W42,2023-10-16,Kayonza,Eastern,460000,283,263,63,1,0,0.24,59.7,19.9,91,80,99,82,89
2023-W43,2023-10-23,Kayonza,Eastern,460000,324,293,66,1,0,0.225,99.3,20.3,91,80,99,82,91
2023-W44,2023-10-30,Kayonza,Eastern,460000,285,254,73,1,0,0.287,53.2,20.7,91,80,99,82,93
2023-W45,2023-11-06,Kayonza,Eastern,460000,277,265,87,1,0,0.328,30.4,20.1,91,80,99,82,92
2023-W46,2023-11-13,Kayonza,Eastern,460000,289,267,100,1,0,0.375,40.4,19.8,91,80,99,82,89
2023-W47,2023-11-20,Kayonza,Eastern,460000,248,222,97,1,0,0.437,47.7,19.9,91,80,99,82,93
2023-W48,2023-11-27,Kayonza,Eastern,460000,286,250,117,1,0,0.468,24.6,21.0,91,80,99,82,92
2023-W49,2023-12-04,Kayonza,Eastern,460000,295,278,140,2,0,0.504,23.4,20.2,91,80,99,82,92
2023-W50,2023-12-11,Kayonza,Eastern,460000,276,253,140,1,0,0.553,24.2,20.1,91,80,99,82,90
2023-W51,2023-12-18,Kayonza,Eastern,460000,304,282,142,2,0,0.504,14.5,20.8,91,80,99,82,91
2023-W52,2023-12-25,Kayonza,Eastern,460000,274,251,118,2,0,0.47,12.9,21.0,91,80,99,82,92
2024-W01,2024-01-01,Kayonza,Eastern,460000,298,268,122,2,0,0.455,11.8,21.4,91,80,99,82,89
2024-W02,2024-01-08,Kayonza,Eastern,460000,261,239,97,1,0,0.406,14.1,20.8,91,80,99,82,93
2024-W03,2024-01-15,Kayonza,Eastern,460000,313,275,92,2,0,0.335,22.1,21.4,91,80,99,82,91
2024-W04,2024-01-22,Kayonza,Eastern,460000,227,219,68,1,0,0.311,12.4,21.4,91,80,99,82,90
2024-W05,2024-01-29,Kayonza,Eastern,460000,356,329,83,1,0,0.252,26.1,21.8,91,80,99,82,92
2024-W06,2024-02-05,Kayonza,Eastern,460000,295,272,57,1,0,0.21,25.8,22.1,91,80,99,82,89
2024-W07,2024-02-12,Kayonza,Eastern,460000,257,245,53,1,0,0.216,29.0,22.6,91,80,99,82,93
2024-W08,2024-02-19,Kayonza,Eastern,460000,361,318,54,1,0,0.17,30.3,22.7,91,80,99,82,92
2024-W09,2024-02-26,Kayonza,Eastern,460000,336,298,52,1,0,0.174,50.3,22.7,91,80,99,82,89
2024-W10,2024-03-04,Kayonza,Eastern,460000,411,376,64,1,0,0.17,62.2,23.1,91,80,99,82,93
2024-W11,2024-03-11,Kayonza,Eastern,460000,331,288,50,0,0,0.174,66.9,23.3,91,80,99,82,91
2024-W12,2024-03-18,Kayonza,Eastern,460000,375,330,56,1,0,0.17,55.7,23.1,91,80,99,82,92
2024-W13,2024-03-25,Kayonza,Eastern,460000,317,281,58,1,0,0.206,57.2,23.2,91,80,99,82,90
2024-W14,2024-04-01,Kayonza,Eastern,460000,424,389,65,1,0,0.167,64.2,22.9,91,80,99,82,90
2024-W15,2024-04-08,Kayonza,Eastern,460000,433,384,70,1,0,0.182,82.3,23.7,91,80,99,82,92
2024-W16,2024-04-15,Kayonza,Eastern,460000,338,320,79,1,0,0.247,65.5,24.1,91,80,99,82,89
2024-W17,2024-04-22,Kayonza,Eastern,460000,418,386,95,2,0,0.246,104.0,23.1,91,80,99,82,91
2024-W18,2024-04-29,Kayonza,Eastern,460000,338,312,97,1,0,0.311,63.7,23.9,91,80,99,82,89
2024-W19,2024-05-06,Kayonza,Eastern,460000,312,283,96,1,0,0.339,72.8,23.4,91,80,99,82,93
2024-W20,2024-05-13,Kayonza,Eastern,460000,349,329,125,2,0,0.38,47.2,23.1,91,80,99,82,91
2024-W21,2024-05-20,Kayonza,Eastern,460000,365,350,149,2,0,0.426,50.7,23.9,91,80,99,82,92
2024-W22,2024-05-27,Kayonza,Eastern,460000,335,317,151,2,0,0.476,33.2,23.3,91,80,99,82,91
2024-W23,2024-06-03,Kayonza,Eastern,460000,298,282,146,2,0,0.518,43.6,23.1,91,80,99,82,89
2024-W24,2024-06-10,Kayonza,Eastern,460000,275,256,133,2,0,0.52,25.7,23.2,91,80,99,82,93
2024-W25,2024-06-17,Kayonza,Eastern,460000,320,293,146,2,0,0.498,20.6,23.6,91,80,99,82,93
2024-W26,2024-06-24,Kayonza,Eastern,460000,295,279,138,1,0,0.495,17.1,23.1,91,77,99,82,91
2024-W27,2024-07-01,Kayonza,Eastern,460000,265,253,118,2,0,0.466,16.1,23.1,91,77,99,82,93
2024-W28,2024-07-08,Kayonza,Eastern,460000,340,305,130,2,0,0.426,14.7,23.2,91,77,99,82,91
2024-W29,2024-07-15,Kayonza,Eastern,460000,329,307,108,2,0,0.352,15.1,22.5,91,77,99,82,92
2024-W30,2024-07-22,Kayonza,Eastern,460000,343,303,88,1,0,0.29,16.3,21.9,91,77,99,82,89
2024-W31,2024-07-29,Kayonza,Eastern,460000,343,317,90,1,0,0.284,19.7,22.3,91,77,99,82,92
2024-W32,2024-08-05,Kayonza,Eastern,460000,388,373,80,1,0,0.214,20.6,21.7,91,77,99,82,92
2024-W33,2024-08-12,Kayonza,Eastern,460000,435,420,89,1,0,0.212,19.7,22.0,91,77,99,82,91
2024-W34,2024-08-19,Kayonza,Eastern,460000,414,372,70,1,0,0.188,29.8,21.0,91,77,99,82,93
2024-W35,2024-08-26,Kayonza,Eastern,460000,379,358,58,1,0,0.162,44.1,21.1,91,77,99,82,90
2024-W36,2024-09-02,Kayonza,Eastern,460000,404,388,74,1,0,0.191,49.7,21.2,91,77,99,82,92
2024-W37,2024-09-09,Kayonza,Eastern,460000,540,474,68,1,0,0.143,47.0,20.9,91,77,99,82,89
2024-W38,2024-09-16,Kayonza,Eastern,460000,372,325,59,1,0,0.182,52.2,20.8,91,77,99,82,91
2024-W39,2024-09-23,Kayonza,Eastern,460000,507,457,72,1,0,0.158,60.8,20.3,91,77,99,82,92
2024-W40,2024-09-30,Kayonza,Eastern,460000,357,332,62,1,0,0.187,73.9,20.5,91,77,99,82,92
2024-W41,2024-10-07,Kayonza,Eastern,460000,394,364,76,1,0,0.209,55.6,20.8,91,80,99,82,93
2024-W42,2024-10-14,Kayonza,Eastern,460000,410,366,81,1,0,0.221,69.3,20.4,91,80,99,82,89
2024-W43,2024-10-21,Kayonza,Eastern,460000,415,370,92,1,0,0.249,56.3,20.8,91,80,99,82,91
2024-W44,2024-10-28,Kayonza,Eastern,460000,449,401,103,1,0,0.257,56.8,20.5,91,80,99,82,90
2024-W45,2024-11-04,Kayonza,Eastern,460000,399,383,130,2,0,0.339,53.5,20.2,91,80,99,82,91
2024-W46,2024-11-11,Kayonza,Eastern,460000,379,365,141,2,0,0.386,37.1,21.0,91,80,99,82,89
2024-W47,2024-11-18,Kayonza,Eastern,460000,381,369,173,3,0,0.469,40.5,20.9,91,80,99,82,92
2024-W48,2024-11-25,Kayonza,Eastern,460000,351,336,171,3,0,0.509,32.0,20.7,91,80,99,82,93
2024-W49,2024-12-02,Kayonza,Eastern,460000,412,366,204,2,0,0.557,20.7,20.5,91,80,99,82,93
2024-W50,2024-12-09,Kayonza,Eastern,460000,372,327,182,4,0,0.557,18.7,20.2,91,80,99,82,89
2024-W51,2024-12-16,Kayonza,Eastern,460000,385,361,186,3,0,0.515,21.7,20.4,91,80,99,82,89
2024-W52,2024-12-23,Kayonza,Eastern,460000,392,372,194,2,0,0.522,17.8,20.9,91,80,99,82,90
2025-W01,2024-12-30,Kayonza,Eastern,460000,419,406,186,3,0,0.458,13.4,21.6,91,80,99,82,91
2025-W02,2025-01-06,Kayonza,Eastern,460000,373,334,135,1,0,0.404,19.1,20.8,91,80,99,82,93
2025-W03,2025-01-13,Kayonza,Eastern,460000,417,394,122,2,0,0.31,18.7,21.4,91,80,99,82,89
2025-W04,2025-01-20,Kayonza,Eastern,460000,484,422,116,2,0,0.275,19.4,22.2,91,80,99,82,93
2025-W05,2025-01-27,Kayonza,Eastern,460000,467,420,90,1,0,0.214,27.0,22.0,91,80,99,82,92
2025-W06,2025-02-03,Kayonza,Eastern,460000,402,388,87,1,0,0.224,26.6,21.8,91,80,99,82,93
2025-W07,2025-02-10,Kayonza,Eastern,460000,466,427,85,1,0,0.199,28.4,22.6,91,80,99,82,91
2025-W08,2025-02-17,Kayonza,Eastern,460000,379,355,72,1,0,0.203,42.0,22.4,91,80,99,82,89
2025-W09,2025-02-24,Kayonza,Eastern,460000,443,397,73,1,0,0.184,46.8,22.1,91,80,99,82,93
2025-W10,2025-03-03,Kayonza,Eastern,460000,492,442,69,1,0,0.156,41.5,23.3,91,80,99,82,93
2025-W11,2025-03-10,Kayonza,Eastern,460000,419,380,73,1,0,0.192,49.1,22.8,91,80,99,82,89
2025-W12,2025-03-17,Kayonza,Eastern,460000,490,474,74,1,0,0.156,80.0,22.6,91,80,99,82,89
2025-W13,2025-03-24,Kayonza,Eastern,460000,369,346,72,1,0,0.208,75.2,23.4,91,80,99,82,89
2025-W14,2025-03-31,Kayonza,Eastern,460000,476,431,79,1,0,0.183,53.1,23.7,91,80,99,82,90
2025-W15,2025-04-07,Kayonza,Eastern,460000,466,438,86,2,0,0.196,82.2,23.5,91,80,99,82,89
2025-W16,2025-04-14,Kayonza,Eastern,460000,422,384,94,1,0,0.245,54.4,23.4,91,80,99,82,90
2025-W17,2025-04-21,Kayonza,Eastern,460000,421,405,107,2,0,0.264,94.1,24.0,91,80,99,82,92
2025-W18,2025-04-28,Kayonza,Eastern,460000,485,427,138,2,0,0.323,70.6,23.9,91,80,99,82,90
2025-W19,2025-05-05,Kayonza,Eastern,460000,413,395,143,2,0,0.362,48.9,24.1,91,80,99,82,90
2025-W20,2025-05-12,Kayonza,Eastern,460000,459,416,159,2,0,0.382,46.5,23.8,91,80,99,82,91
2025-W21,2025-05-19,Kayonza,Eastern,460000,406,372,163,2,0,0.438,35.3,23.4,91,80,99,82,91
2025-W22,2025-05-26,Kayonza,Eastern,460000,401,354,180,2,0,0.508,27.9,23.9,91,80,99,82,90
2025-W23,2025-06-02,Kayonza,Eastern,460000,393,354,184,3,0,0.52,33.4,23.7,91,80,99,82,92
2025-W24,2025-06-09,Kayonza,Eastern,460000,420,387,207,3,0,0.535,28.3,23.3,91,80,99,82,90
2025-W25,2025-06-16,Kayonza,Eastern,460000,394,369,187,2,0,0.507,27.0,23.3,91,80,99,82,92
2025-W26,2025-06-23,Kayonza,Eastern,460000,392,371,185,2,0,0.499,22.2,22.5,91,77,99,82,91
2025-W27,2025-06-30,Kayonza,Eastern,460000,477,420,178,3,0,0.424,10.9,23.4,91,77,99,82,90
2025-W28,2025-07-07,Kayonza,Eastern,460000,409,373,142,3,0,0.381,14.4,23.2,91,77,99,82,92
2025-W29,2025-07-14,Kayonza,Eastern,460000,396,364,137,2,0,0.376,18.6,23.0,91,77,99,82,89
2025-W30,2025-07-21,Kayonza,Eastern,460000,363,343,114,1,0,0.332,15.5,22.3,91,77,99,82,90
2025-W31,2025-07-28,Kayonza,Eastern,460000,450,403,115,1,0,0.285,14.1,22.2,91,77,99,82,89
2025-W32,2025-08-04,Kayonza,Eastern,460000,451,408,99,1,0,0.243,20.1,21.7,91,77,99,82,89
2025-W33,2025-08-11,Kayonza,Eastern,460000,471,427,83,1,0,0.194,24.4,21.7,91,77,99,82,89
2025-W34,2025-08-18,Kayonza,Eastern,460000,464,428,79,1,0,0.185,29.3,21.9,91,77,99,82,90
2025-W35,2025-08-25,Kayonza,Eastern,460000,489,452,75,1,0,0.166,34.1,22.0,91,77,99,82,89
2025-W36,2025-09-01,Kayonza,Eastern,460000,459,430,84,1,0,0.195,36.5,21.4,91,77,99,82,91
2025-W37,2025-09-08,Kayonza,Eastern,460000,488,437,72,1,0,0.165,48.1,20.9,91,77,99,82,91
2025-W38,2025-09-15,Kayonza,Eastern,460000,404,371,73,1,0,0.197,44.3,21.0,91,77,99,82,89
2025-W39,2025-09-22,Kayonza,Eastern,460000,494,456,79,1,0,0.173,49.1,21.0,91,77,99,82,91
2025-W40,2025-09-29,Kayonza,Eastern,460000,477,419,78,1,0,0.186,58.2,20.2,91,77,99,82,90
2025-W41,2025-10-06,Kayonza,Eastern,460000,521,485,79,1,0,0.163,82.6,20.6,91,80,99,82,92
2025-W42,2025-10-13,Kayonza,Eastern,460000,366,348,83,1,0,0.239,55.2,21.1,91,80,99,82,90
2025-W43,2025-10-20,Kayonza,Eastern,460000,522,459,107,1,0,0.233,70.0,20.5,91,80,99,82,91
2025-W44,2025-10-27,Kayonza,Eastern,460000,462,420,112,1,0,0.267,88.1,20.6,91,80,99,82,89
2025-W45,2025-11-03,Kayonza,Eastern,460000,441,414,136,3,0,0.329,48.5,20.3,91,80,99,82,93
2025-W46,2025-11-10,Kayonza,Eastern,460000,412,396,153,2,0,0.386,27.5,19.9,91,80,99,82,92
2025-W47,2025-11-17,Kayonza,Eastern,460000,428,388,175,3,0,0.451,37.4,20.4,91,80,99,82,91
2025-W48,2025-11-24,Kayonza,Eastern,460000,401,357,167,3,0,0.468,34.9,20.2,91,80,99,82,93
2025-W49,2025-12-01,Kayonza,Eastern,460000,490,435,220,2,0,0.506,36.8,20.6,91,80,99,82,91
2025-W50,2025-12-08,Kayonza,Eastern,460000,430,382,196,3,0,0.513,17.2,20.9,91,80,99,82,92
2025-W51,2025-12-15,Kayonza,Eastern,460000,461,404,208,3,0,0.515,19.0,20.6,91,80,99,82,92
2025-W52,2025-12-22,Kayonza,Eastern,460000,408,394,197,2,0,0.5,12.5,21.3,91,80,99,82,89
2026-W01,2025-12-29,Kayonza,Eastern,460000,449,392,165,3,0,0.421,16.5,21.1,91,80,99,82,89
2026-W02,2026-01-05,Kayonza,Eastern,460000,362,338,131,1,0,0.388,12.1,21.6,91,80,99,82,92
2026-W03,2026-01-12,Kayonza,Eastern,460000,488,443,137,3,0,0.309,17.7,20.9,91,80,99,82,89
2026-W04,2026-01-19,Kayonza,Eastern,460000,392,366,100,2,0,0.273,30.3,21.9,91,80,99,82,90
2026-W05,2026-01-26,Kayonza,Eastern,460000,442,403,108,1,0,0.268,18.7,21.3,91,80,99,82,92
2026-W06,2026-02-02,Kayonza,Eastern,460000,492,434,83,2,0,0.191,25.5,21.7,91,80,99,82,92
2026-W07,2026-02-09,Kayonza,Eastern,460000,399,367,75,1,0,0.204,37.3,22.6,91,80,99,82,92
2026-W08,2026-02-16,Kayonza,Eastern,460000,480,420,75,1,0,0.179,42.5,22.2,91,80,99,82,93
2026-W09,2026-02-23,Kayonza,Eastern,460000,391,360,68,1,0,0.189,52.7,22.1,91,80,99,82,90
2026-W10,2026-03-02,Kayonza,Eastern,460000,498,441,73,1,0,0.166,56.4,23.3,91,80,99,82,93
2026-W11,2026-03-09,Kayonza,Eastern,460000,555,509,80,1,0,0.157,76.6,23.4,91,80,99,82,93
2026-W12,2026-03-16,Kayonza,Eastern,460000,546,528,79,1,0,0.15,80.1,22.9,91,80,99,82,93
2026-W13,2026-03-23,Kayonza,Eastern,460000,466,414,74,1,0,0.179,76.0,23.3,91,80,99,82,90
2026-W14,2026-03-30,Kayonza,Eastern,460000,517,460,78,1,0,0.17,75.5,23.3,91,80,99,82,90
2026-W15,2026-04-06,Kayonza,Eastern,460000,504,443,92,1,0,0.208,53.4,23.5,91,80,99,82,90
2026-W16,2026-04-13,Kayonza,Eastern,460000,484,465,102,2,0,0.219,79.9,22.9,91,80,99,82,92
2026-W17,2026-04-20,Kayonza,Eastern,460000,460,408,111,1,0,0.272,64.5,23.7,91,80,99,82,92
2026-W18,2026-04-27,Kayonza,Eastern,460000,400,349,117,1,0,0.335,42.6,23.1,91,80,99,82,89
2026-W19,2026-05-04,Kayonza,Eastern,460000,524,462,159,3,0,0.344,87.1,23.4,91,80,99,82,89
2026-W20,2026-05-11,Kayonza,Eastern,460000,446,403,168,2,0,0.417,75.9,23.7,91,80,99,82,92
2026-W21,2026-05-18,Kayonza,Eastern,460000,387,367,170,2,0,0.463,48.5,23.1,91,80,99,82,91
2026-W22,2026-05-25,Kayonza,Eastern,460000,373,328,164,2,0,0.5,40.1,23.1,91,80,99,82,92
2026-W23,2026-06-01,Kayonza,Eastern,460000,370,353,185,2,0,0.524,21.2,23.8,91,80,99,82,93
2026-W24,2026-06-08,Kayonza,Eastern,460000,432,386,201,4,0,0.521,22.1,23.3,91,80,99,82,89
2026-W25,2026-06-15,Kayonza,Eastern,460000,415,402,211,4,0,0.525,16.5,23.5,91,80,99,82,91
2026-W26,2026-06-22,Kayonza,Eastern,460000,359,341,169,3,0,0.496,10.5,22.7,91,77,99,82,91
2026-W27,2026-06-29,Kayonza,Eastern,460000,382,337,155,2,0,0.46,14.1,22.8,91,77,99,82,93
2026-W28,2026-07-06,Kayonza,Eastern,460000,398,348,141,2,0,0.405,15.2,23.3,91,77,99,82,91
2026-W29,2026-07-13,Kayonza,Eastern,460000,422,369,132,3,0,0.358,14.9,22.9,91,77,99,82,91
2026-W30,2026-07-20,Kayonza,Eastern,460000,501,469,136,2,0,0.29,13.2,22.3,91,77,99,82,91
2026-W31,2026-07-27,Kayonza,Eastern,460000,420,386,102,2,0,0.264,16.8,22.4,91,77,99,82,92
2026-W32,2026-08-03,Kayonza,Eastern,460000,491,467,102,1,0,0.218,22.9,21.9,91,77,99,82,93
2026-W33,2026-08-10,Kayonza,Eastern,460000,468,424,90,1,0,0.212,21.9,22.3,91,77,99,82,92
2026-W34,2026-08-17,Kayonza,Eastern,460000,399,376,73,1,0,0.194,30.4,22.1,91,77,99,82,92
2026-W35,2026-08-24,Kayonza,Eastern,460000,616,545,81,1,0,0.149,31.6,21.9,91,77,99,82,90
2026-W36,2026-08-31,Kayonza,Eastern,460000,534,494,78,1,0,0.158,37.1,21.4,91,77,99,82,89
2026-W37,2026-09-07,Kayonza,Eastern,460000,468,451,73,1,0,0.162,54.1,20.6,91,77,99,82,90
2026-W38,2026-09-14,Kayonza,Eastern,460000,409,387,63,1,0,0.163,58.0,20.8,91,77,99,82,93
2026-W39,2026-09-21,Kayonza,Eastern,460000,358,332,64,1,0,0.193,77.0,20.4,91,77,99,82,91
2026-W40,2026-09-28,Kayonza,Eastern,460000,443,421,67,1,0,0.159,84.7,21.1,91,77,99,82,91
2023-W01,2023-01-02,Huye,Southern,380000,156,147,70,1,0,0.476,14.9,18.9,91,84,99,88,97
2023-W02,2023-01-09,Huye,Southern,380000,183,166,62,1,0,0.373,12.9,18.3,91,84,99,88,100
2023-W03,2023-01-16,Huye,Southern,380000,224,201,62,1,0,0.308,10.0,19.4,91,84,99,88,100
2023-W04,2023-01-23,Huye,Southern,380000,175,160,42,1,0,0.263,12.9,19.1,91,84,99,88,99
2023-W05,2023-01-30,Huye,Southern,380000,180,158,38,1,0,0.241,26.6,19.2,91,84,99,88,100
2023-W06,2023-02-06,Huye,Southern,380000,168,163,36,1,0,0.221,34.0,19.2,91,84,99,88,99
2023-W07,2023-02-13,Huye,Southern,380000,219,196,32,0,0,0.163,24.9,20.0,91,84,99,88,97
2023-W08,2023-02-20,Huye,Southern,380000,213,205,31,0,0,0.151,33.8,19.3,91,84,99,88,98
2023-W09,2023-02-27,Huye,Southern,380000,163,154,28,1,0,0.182,47.6,20.6,91,84,99,88,98
2023-W10,2023-03-06,Huye,Southern,380000,187,166,25,0,0,0.151,50.6,20.5,91,84,99,88,99
2023-W11,2023-03-13,Huye,Southern,380000,213,200,28,0,0,0.14,55.6,20.6,91,84,99,88,98
2023-W12,2023-03-20,Huye,Southern,380000,178,169,32,1,0,0.189,77.7,20.2,91,84,99,88,98
2023-W13,2023-03-27,Huye,Southern,380000,178,161,33,1,0,0.205,67.1,21.1,91,84,99,88,96
2023-W14,2023-04-03,Huye,Southern,380000,228,205,34,1,0,0.166,93.0,21.0,91,84,99,88,100
2023-W15,2023-04-10,Huye,Southern,380000,191,172,40,1,0,0.233,64.8,20.6,91,84,99,88,98
2023-W16,2023-04-17,Huye,Southern,380000,207,188,39,1,0,0.207,71.4,20.9,91,84,99,88,100
2023-W17,2023-04-24,Huye,Southern,380000,169,161,45,0,0,0.28,57.1,21.2,91,84,99,88,100
2023-W18,2023-05-01,Huye,Southern,380000,185,165,52,1,0,0.315,66.8,21.6,91,84,99,88,96
2023-W19,2023-05-08,Huye,Southern,380000,160,148,56,1,0,0.378,67.9,20.6,91,84,99,88,97
2023-W20,2023-05-15,Huye,Southern,380000,186,169,67,1,0,0.396,46.2,20.7,91,84,99,88,96
2023-W21,2023-05-22,Huye,Southern,380000,189,172,75,1,0,0.436,37.7,21.4,91,84,99,88,100
2023-W22,2023-05-29,Huye,Southern,380000,166,159,82,1,0,0.516,36.6,20.8,91,84,99,88,98
2023-W23,2023-06-05,Huye,Southern,380000,169,160,86,1,0,0.537,32.0,20.9,91,84,99,88,100
2023-W24,2023-06-12,Huye,Southern,380000,172,161,82,1,0,0.509,17.8,21.0,91,84,99,88,97
2023-W25,2023-06-19,Huye,Southern,380000,159,147,75,1,0,0.51,17.7,20.3,91,84,99,88,97
2023-W26,2023-06-26,Huye,Southern,380000,155,141,72,1,0,0.511,22.2,20.0,91,81,99,88,97
2023-W27,2023-07-03,Huye,Southern,380000,172,156,73,1,0,0.468,18.6,20.9,91,81,99,88,99
2023-W28,2023-07-10,Huye,Southern,380000,180,158,63,1,0,0.399,13.8,20.0,91,81,99,88,99
2023-W29,2023-07-17,Huye,Southern,380000,164,148,56,1,0,0.378,14.1,20.5,91,81,99,88,99
2023-W30,2023-07-24,Huye,Southern,380000,181,160,50,0,0,0.312,14.5,20.5,91,81,99,88,98
2023-W31,2023-07-31,Huye,Southern,380000,186,172,44,1,0,0.256,18.8,19.1,91,81,99,88,99
2023-W32,2023-08-07,Huye,Southern,380000,155,142,36,0,0,0.254,22.2,19.9,91,81,99,88,97
2023-W33,2023-08-14,Huye,Southern,380000,207,184,35,1,0,0.19,25.7,19.7,91,81,99,88,97
2023-W34,2023-08-21,Huye,Southern,380000,208,200,36,1,0,0.18,38.2,18.9,91,81,99,88,96
2023-W35,2023-08-28,Huye,Southern,380000,193,172,29,0,0,0.169,34.6,19.0,91,81,99,88,100
2023-W36,2023-09-04,Huye,Southern,380000,266,248,36,1,0,0.145,43.7,18.3,91,81,99,88,99
2023-W37,2023-09-11,Huye,Southern,380000,234,213,31,0,0,0.146,42.5,18.3,91,81,99,88,96
2023-W38,2023-09-18,Huye,Southern,380000,176,167,29,1,0,0.174,69.4,18.6,91,81,99,88,99
2023-W39,2023-09-25,Huye,Southern,380000,204,178,32,0,0,0.18,61.0,18.0,91,81,99,88,98
2023-W40,2023-10-02,Huye,Southern,380000,213,191,30,0,0,0.157,50.7,18.7,91,81,99,88,98
2023-W41,2023-10-09,Huye,Southern,380000,211,189,34,0,0,0.18,72.4,18.0,91,84,99,88,99
2023-W42,2023-10-16,Huye,Southern,380000,231,201,41,1,0,0.204,67.7,18.3,91,84,99,88,96
2023-W43,2023-10-23,Huye,Southern,380000,158,150,39,1,0,0.26,48.0,18.0,91,84,99,88,97
2023-W44,2023-10-30,Huye,Southern,380000,180,163,48,0,0,0.294,73.3,17.8,91,84,99,88,98
2023-W45,2023-11-06,Huye,Southern,380000,210,190,58,1,0,0.305,54.3,17.4,91,84,99,88,97
2023-W46,2023-11-13,Huye,Southern,380000,190,177,70,1,0,0.395,48.8,18.4,91,84,99,88,100
2023-W47,2023-11-20,Huye,Southern,380000,175,161,71,1,0,0.441,35.7,18.2,91,84,99,88,99
2023-W48,2023-11-27,Huye,Southern,380000,191,174,90,1,0,0.517,30.5,18.3,91,84,99,88,97
2023-W49,2023-12-04,Huye,Southern,380000,184,174,96,1,0,0.552,25.2,18.3,91,84,99,88,96
2023-W50,2023-12-11,Huye,Southern,380000,156,147,82,1,0,0.558,26.1,18.5,91,84,99,88,97
2023-W51,2023-12-18,Huye,Southern,380000,190,166,90,1,0,0.542,12.1,18.0,91,84,99,88,98
2023-W52,2023-12-25,Huye,Southern,380000,162,148,76,1,0,0.514,16.7,18.6,91,84,99,88,96
2024-W01,2024-01-01,Huye,Southern,380000,208,185,79,1,0,0.427,16.6,18.6,91,84,99,88,98
2024-W02,2024-01-08,Huye,Southern,380000,217,203,79,1,0,0.389,13.3,18.3,91,84,99,88,99
2024-W03,2024-01-15,Huye,Southern,380000,218,192,59,1,0,0.307,15.8,18.8,91,84,99,88,98
2024-W04,2024-01-22,Huye,Southern,380000,190,184,51,0,0,0.277,15.5,19.4,91,84,99,88,99
2024-W05,2024-01-29,Huye,Southern,380000,199,176,44,1,0,0.25,22.8,19.6,91,84,99,88,96
2024-W06,2024-02-05,Huye,Southern,380000,238,209,41,1,0,0.196,32.2,18.9,91,84,99,88,97
2024-W07,2024-02-12,Huye,Southern,380000,195,184,40,0,0,0.217,33.3,19.5,91,84,99,88,99
2024-W08,2024-02-19,Huye,Southern,380000,225,207,40,1,0,0.193,33.1,20.0,91,84,99,88,98
2024-W09,2024-02-26,Huye,Southern,380000,204,192,37,0,0,0.193,43.3,20.4,91,84,99,88,97
2024-W10,2024-03-04,Huye,Southern,380000,209,191,32,1,0,0.168,45.4,20.8,91,84,99,88,98
2024-W11,2024-03-11,Huye,Southern,380000,213,190,33,1,0,0.174,51.9,20.1,91,84,99,88,99
2024-W12,2024-03-18,Huye,Southern,380000,249,217,34,1,0,0.157,52.6,20.2,91,84,99,88,96
2024-W13,2024-03-25,Huye,Southern,380000,243,213,34,0,0,0.16,68.8,20.7,91,84,99,88,96
2024-W14,2024-04-01,Huye,Southern,380000,263,240,42,1,0,0.175,81.6,20.4,91,84,99,88,99
2024-W15,2024-04-08,Huye,Southern,380000,218,194,41,1,0,0.211,53.7,21.3,91,84,99,88,98
2024-W16,2024-04-15,Huye,Southern,380000,228,205,48,1,0,0.234,65.1,21.4,91,84,99,88,100
2024-W17,2024-04-22,Huye,Southern,380000,199,188,52,1,0,0.277,82.7,20.7,91,84,99,88,98
2024-W18,2024-04-29,Huye,Southern,380000,190,182,58,1,0,0.319,91.0,20.7,91,84,99,88,97
2024-W19,2024-05-06,Huye,Southern,380000,213,188,68,1,0,0.362,56.2,20.7,91,84,99,88,97
2024-W20,2024-05-13,Huye,Southern,380000,210,187,77,1,0,0.412,49.2,21.2,91,84,99,88,96
2024-W21,2024-05-20,Huye,Southern,380000,187,173,81,1,0,0.468,54.3,21.1,91,84,99,88,97
2024-W22,2024-05-27,Huye,Southern,380000,222,201,95,1,0,0.473,40.5,20.8,91,84,99,88,100
2024-W23,2024-06-03,Huye,Southern,380000,200,184,97,1,0,0.527,22.5,20.4,91,84,99,88,98
2024-W24,2024-06-10,Huye,Southern,380000,221,195,96,1,0,0.492,24.1,21.4,91,84,99,88,96
2024-W25,2024-06-17,Huye,Southern,380000,223,203,108,2,0,0.532,22.8,20.6,91,84,99,88,96
2024-W26,2024-06-24,Huye,Southern,380000,227,208,105,2,0,0.505,15.7,20.9,91,81,99,88,100
2024-W27,2024-07-01,Huye,Southern,380000,206,180,86,1,0,0.478,17.5,20.7,91,81,99,88,96
2024-W28,2024-07-08,Huye,Southern,380000,214,199,77,1,0,0.387,16.3,20.1,91,81,99,88,97
2024-W29,2024-07-15,Huye,Southern,380000,219,205,77,1,0,0.376,12.1,20.0,91,81,99,88,96
2024-W30,2024-07-22,Huye,Southern,380000,218,207,65,1,0,0.314,18.0,20.3,91,81,99,88,97
2024-W31,2024-07-29,Huye,Southern,380000,223,197,57,1,0,0.289,14.1,19.6,91,81,99,88,96
2024-W32,2024-08-05,Huye,Southern,380000,234,209,52,1,0,0.249,16.1,19.2,91,81,99,88,97
2024-W33,2024-08-12,Huye,Southern,380000,237,223,47,1,0,0.211,25.4,19.5,91,81,99,88,97
2024-W34,2024-08-19,Huye,Southern,380000,251,220,42,0,0,0.191,21.0,18.8,91,81,99,88,100
2024-W35,2024-08-26,Huye,Southern,380000,327,292,45,1,0,0.154,29.9,18.6,91,81,99,88,99
2024-W36,2024-09-02,Huye,Southern,380000,284,251,46,0,0,0.183,43.1,19.2,91,81,99,88,100
2024-W37,2024-09-09,Huye,Southern,380000,257,239,42,1,0,0.176,53.6,18.4,91,81,99,88,98
2024-W38,2024-09-16,Huye,Southern,380000,311,278,49,1,0,0.176,64.2,18.5,91,81,99,88,100
2024-W39,2024-09-23,Huye,Southern,380000,264,242,44,1,0,0.182,43.9,17.8,91,81,99,88,100
2024-W40,2024-09-30,Huye,Southern,380000,279,263,51,0,0,0.194,63.8,18.4,91,81,99,88,100
2024-W41,2024-10-07,Huye,Southern,380000,293,271,49,0,0,0.181,80.8,18.4,91,84,99,88,100
2024-W42,2024-10-14,Huye,Southern,380000,318,290,54,1,0,0.186,73.2,17.7,91,84,99,88,96
2024-W43,2024-10-21,Huye,Southern,380000,256,232,55,1,0,0.237,65.1,17.4,91,84,99,88,99
2024-W44,2024-10-28,Huye,Southern,380000,305,271,69,1,0,0.255,51.9,17.4,91,84,99,88,96
2024-W45,2024-11-04,Huye,Southern,380000,278,258,80,1,0,0.31,55.4,17.6,91,84,99,88,96
2024-W46,2024-11-11,Huye,Southern,380000,266,249,99,2,0,0.398,38.5,18.1,91,84,99,88,99
2024-W47,2024-11-18,Huye,Southern,380000,240,232,105,1,0,0.453,38.2,18.2,91,84,99,88,96
2024-W48,2024-11-25,Huye,Southern,380000,282,251,117,2,0,0.466,31.9,18.5,91,84,99,88,97
2024-W49,2024-12-02,Huye,Southern,380000,265,256,131,1,0,0.512,31.0,17.6,91,84,99,88,99
2024-W50,2024-12-09,Huye,Southern,380000,245,238,132,2,0,0.555,17.8,17.7,91,84,99,88,99
2024-W51,2024-12-16,Huye,Southern,380000,254,237,120,2,0,0.506,14.8,17.8,91,84,99,88,99
2024-W52,2024-12-23,Huye,Southern,380000,235,220,113,1,0,0.514,11.8,19.0,91,84,99,88,97
2025-W01,2024-12-30,Huye,Southern,380000,268,234,102,2,0,0.436,17.5,19.2,91,84,99,88,97
2025-W02,2025-01-06,Huye,Southern,380000,259,248,95,1,0,0.383,14.9,19.0,91,84,99,88,97
2025-W03,2025-01-13,Huye,Southern,380000,257,244,80,1,0,0.328,18.4,18.8,91,84,99,88,99
2025-W04,2025-01-20,Huye,Southern,380000,293,262,69,1,0,0.263,24.3,18.8,91,84,99,88,100
2025-W05,2025-01-27,Huye,Southern,380000,295,261,69,1,0,0.264,17.7,18.8,91,84,99,88,96
2025-W06,2025-02-03,Huye,Southern,380000,288,270,51,1,0,0.189,28.3,19.5,91,84,99,88,98
2025-W07,2025-02-10,Huye,Southern,380000,256,230,50,1,0,0.217,25.4,20.0,91,84,99,88,97
2025-W08,2025-02-17,Huye,Southern,380000,278,248,50,0,0,0.202,34.7,20.4,91,84,99,88,98
2025-W09,2025-02-24,Huye,Southern,380000,367,324,51,1,0,0.157,40.9,20.2,91,84,99,88,96
2025-W10,2025-03-03,Huye,Southern,380000,251,227,41,1,0,0.181,51.1,20.7,91,84,99,88,100
2025-W11,2025-03-10,Huye,Southern,380000,275,260,41,1,0,0.158,63.9,20.3,91,84,99,88,98
2025-W12,2025-03-17,Huye,Southern,380000,349,333,53,0,0,0.159,73.1,20.1,91,84,99,88,97
2025-W13,2025-03-24,Huye,Southern,380000,325,313,54,1,0,0.173,57.9,20.2,91,84,99,88,96
2025-W14,2025-03-31,Huye,Southern,380000,331,293,49,1,0,0.167,67.1,21.1,91,84,99,88,99
2025-W15,2025-04-07,Huye,Southern,380000,342,301,55,1,0,0.183,86.1,20.5,91,84,99,88,98
2025-W16,2025-04-14,Huye,Southern,380000,360,327,68,1,0,0.208,71.6,21.3,91,84,99,88,99
2025-W17,2025-04-21,Huye,Southern,380000,298,276,68,1,0,0.246,81.6,20.7,91,84,99,88,96
2025-W18,2025-04-28,Huye,Southern,380000,252,235,76,1,0,0.323,58.1,21.7,91,84,99,88,97
2025-W19,2025-05-05,Huye,Southern,380000,265,256,85,1,0,0.332,54.7,21.6,91,84,99,88,100
2025-W20,2025-05-12,Huye,Southern,380000,304,293,122,2,0,0.416,51.2,20.9,91,84,99,88,98
2025-W21,2025-05-19,Huye,Southern,380000,297,280,122,2,0,0.436,32.9,21.6,91,84,99,88,99
2025-W22,2025-05-26,Huye,Southern,380000,293,270,128,2,0,0.474,30.0,20.4,91,84,99,88,98
2025-W23,2025-06-02,Huye,Southern,380000,227,218,113,2,0,0.518,33.9,21.0,91,84,99,88,96
2025-W24,2025-06-09,Huye,Southern,380000,280,260,137,1,0,0.527,27.9,20.9,91,84,99,88,97
2025-W25,2025-06-16,Huye,Southern,380000,298,261,131,2,0,0.502,22.0,20.3,91,84,99,88,99
2025-W26,2025-06-23,Huye,Southern,380000,285,272,127,2,0,0.467,14.4,20.5,91,81,99,88,97
2025-W27,2025-06-30,Huye,Southern,380000,296,262,112,2,0,0.427,15.4,20.1,91,81,99,88,99
2025-W28,2025-07-07,Huye,Southern,380000,299,283,113,2,0,0.399,21.6,20.5,91,81,99,88,96
2025-W29,2025-07-14,Huye,Southern,380000,295,257,97,1,0,0.377,12.7,19.8,91,81,99,88,97
2025-W30,2025-07-21,Huye,Southern,380000,301,272,88,1,0,0.324,16.0,19.9,91,81,99,88,98
2025-W31,2025-07-28,Huye,Southern,380000,253,237,63,1,0,0.266,18.9,20.2,91,81,99,88,98
2025-W32,2025-08-04,Huye,Southern,380000,272,245,59,1,0,0.241,19.9,19.2,91,81,99,88,96
2025-W33,2025-08-11,Huye,Southern,380000,325,290,56,1,0,0.193,25.7,19.9,91,81,99,88,97
2025-W34,2025-08-18,Huye,Southern,380000,323,300,50,1,0,0.167,32.4,18.7,91,81,99,88,98
2025-W35,2025-08-25,Huye,Southern,380000,302,274,55,0,0,0.201,51.2,18.6,91,81,99,88,100
2025-W36,2025-09-01,Huye,Southern,380000,303,278,50,1,0,0.18,41.0,18.6,91,81,99,88,99
2025-W37,2025-09-08,Huye,Southern,380000,382,336,52,1,0,0.155,49.1,18.3,91,81,99,88,97
2025-W38,2025-09-15,Huye,Southern,380000,314,282,52,1,0,0.184,54.8,18.3,91,81,99,88,96
2025-W39,2025-09-22,Huye,Southern,380000,266,258,49,1,0,0.19,84.9,18.5,91,81,99,88,96
2025-W40,2025-09-29,Huye,Southern,380000,381,333,52,1,0,0.156,59.2,17.7,91,81,99,88,98
2025-W41,2025-10-06,Huye,Southern,380000,301,266,51,1,0,0.192,70.5,17.5,91,84,99,88,100
2025-W42,2025-10-13,Huye,Southern,380000,317,303,59,1,0,0.195,48.3,18.4,91,84,99,88,100
2025-W43,2025-10-20,Huye,Southern,380000,319,281,70,1,0,0.249,60.8,17.9,91,84,99,88,96
2025-W44,2025-10-27,Huye,Southern,380000,293,262,77,1,0,0.294,56.5,17.9,91,84,99,88,99
2025-W45,2025-11-03,Huye,Southern,380000,311,272,95,1,0,0.349,57.2,17.6,91,84,99,88,97
2025-W46,2025-11-10,Huye,Southern,380000,257,236,95,2,0,0.403,36.8,18.5,91,84,99,88,99
2025-W47,2025-11-17,Huye,Southern,380000,269,252,118,2,0,0.468,29.7,17.5,91,84,99,88,97
2025-W48,2025-11-24,Huye,Southern,380000,274,260,125,1,0,0.481,34.5,17.7,91,84,99,88,98
2025-W49,2025-12-01,Huye,Southern,380000,270,250,129,2,0,0.516,18.4,18.0,91,84,99,88,98
2025-W50,2025-12-08,Huye,Southern,380000,290,256,133,2,0,0.52,20.1,18.5,91,84,99,88,98
2025-W51,2025-12-15,Huye,Southern,380000,286,269,149,1,0,0.554,19.3,18.0,91,84,99,88,99
2025-W52,2025-12-22,Huye,Southern,380000,272,244,123,2,0,0.504,13.0,18.2,91,84,99,88,99
2026-W01,2025-12-29,Huye,Southern,380000,276,245,113,2,0,0.461,11.9,18.9,91,84,99,88,97
2026-W02,2026-01-05,Huye,Southern,380000,260,241,101,1,0,0.419,16.0,18.7,91,84,99,88,99
2026-W03,2026-01-12,Huye,Southern,380000,278,263,94,1,0,0.357,9.7,18.4,91,84,99,88,100
2026-W04,2026-01-19,Huye,Southern,380000,245,218,67,1,0,0.307,20.8,19.6,91,84,99,88,98
2026-W05,2026-01-26,Huye,Southern,380000,289,260,58,1,0,0.223,24.1,19.5,91,84,99,88,99
2026-W06,2026-02-02,Huye,Southern,380000,276,265,55,1,0,0.208,29.1,20.0,91,84,99,88,100
2026-W07,2026-02-09,Huye,Southern,380000,263,232,51,1,0,0.22,36.4,19.8,91,84,99,88,96
2026-W08,2026-02-16,Huye,Southern,380000,336,324,49,1,0,0.151,45.6,20.0,91,84,99,88,98
2026-W09,2026-02-23,Huye,Southern,380000,264,235,42,1,0,0.179,33.5,20.1,91,84,99,88,100
2026-W10,2026-03-02,Huye,Southern,380000,358,340,47,1,0,0.138,46.4,19.8,91,84,99,88,98
2026-W11,2026-03-09,Huye,Southern,380000,259,245,46,0,0,0.188,56.6,20.7,91,84,99,88,100
2026-W12,2026-03-16,Huye,Southern,380000,243,229,46,1,0,0.201,77.3,20.0,91,84,99,88,98
2026-W13,2026-03-23,Huye,Southern,380000,343,312,49,1,0,0.157,93.1,20.5,91,84,99,88,98
2026-W14,2026-03-30,Huye,Southern,380000,330,287,51,0,0,0.178,102.7,21.0,91,84,99,88,98
2026-W15,2026-04-06,Huye,Southern,380000,303,272,58,1,0,0.213,75.9,20.4,91,84,99,88,96
2026-W16,2026-04-13,Huye,Southern,380000,255,247,65,1,0,0.263,101.5,20.7,91,84,99,88,97
2026-W17,2026-04-20,Huye,Southern,380000,284,250,64,1,0,0.256,67.1,20.6,91,84,99,88,96
2026-W18,2026-04-27,Huye,Southern,380000,332,294,90,2,0,0.306,63.6,20.8,91,84,99,88,97
2026-W19,2026-05-04,Huye,Southern,380000,279,249,82,2,0,0.329,58.6,20.8,91,84,99,88,98
2026-W20,2026-05-11,Huye,Southern,380000,281,255,106,2,0,0.416,56.0,20.6,91,84,99,88,99
2026-W21,2026-05-18,Huye,Southern,380000,255,246,107,1,0,0.435,54.9,21.0,91,84,99,88,97
2026-W22,2026-05-25,Huye,Southern,380000,243,233,117,2,0,0.502,37.2,20.6,91,84,99,88,100
2026-W23,2026-06-01,Huye,Southern,380000,260,252,132,2,0,0.524,25.5,21.2,91,84,99,88,98
2026-W24,2026-06-08,Huye,Southern,380000,268,234,122,1,0,0.521,25.0,21.1,91,84,99,88,99
2026-W25,2026-06-15,Huye,Southern,380000,215,192,102,1,0,0.531,21.5,21.1,91,84,99,88,100
2026-W26,2026-06-22,Huye,Southern,380000,272,258,122,1,0,0.473,14.1,21.1,91,81,99,88,100
2026-W27,2026-06-29,Huye,Southern,380000,270,251,108,2,0,0.43,18.0,20.4,91,81,99,88,99
2026-W28,2026-07-06,Huye,Southern,380000,289,258,105,1,0,0.407,14.2,19.8,91,81,99,88,99
2026-W29,2026-07-13,Huye,Southern,380000,257,230,84,1,0,0.365,12.7,20.2,91,81,99,88,97
2026-W30,2026-07-20,Huye,Southern,380000,263,243,77,1,0,0.317,17.3,19.9,91,81,99,88,96
2026-W31,2026-07-27,Huye,Southern,380000,248,221,62,1,0,0.281,13.9,19.6,91,81,99,88,99
2026-W32,2026-08-03,Huye,Southern,380000,283,256,64,1,0,0.25,19.8,19.5,91,81,99,88,99
2026-W33,2026-08-10,Huye,Southern,380000,275,252,56,1,0,0.222,28.7,19.4,91,81,99,88,99
2026-W34,2026-08-17,Huye,Southern,380000,297,273,48,1,0,0.176,30.5,19.7,91,81,99,88,97
2026-W35,2026-08-24,Huye,Southern,380000,358,328,51,1,0,0.155,35.7,18.6,91,81,99,88,97
2026-W36,2026-08-31,Huye,Southern,380000,341,297,49,0,0,0.165,46.3,18.7,91,81,99,88,99
2026-W37,2026-09-07,Huye,Southern,380000,213,188,35,1,0,0.186,50.7,19.2,91,81,99,88,100
2026-W38,2026-09-14,Huye,Southern,380000,282,257,43,1,0,0.167,60.9,18.6,91,81,99,88,97
2026-W39,2026-09-21,Huye,Southern,380000,282,259,45,1,0,0.174,68.1,18.3,91,81,99,88,99
2026-W40,2026-09-28,Huye,Southern,380000,331,321,50,1,0,0.156,58.1,17.8,91,81,99,88,100
2023-W01,2023-01-02,Gatsibo,Eastern,540000,192,172,80,1,0,0.465,18.4,21.3,90,82,99,83,90
2023-W02,2023-01-09,Gatsibo,Eastern,540000,239,216,78,1,0,0.361,18.1,20.8,90,82,99,83,90
2023-W03,2023-01-16,Gatsibo,Eastern,540000,268,235,76,1,0,0.323,15.9,21.1,90,82,99,83,92
2023-W04,2023-01-23,Gatsibo,Eastern,540000,199,188,57,1,0,0.303,17.7,21.7,90,82,99,83,91
2023-W05,2023-01-30,Gatsibo,Eastern,540000,242,227,50,1,0,0.22,20.1,21.3,90,82,99,83,91
2023-W06,2023-02-06,Gatsibo,Eastern,540000,249,220,49,1,0,0.223,17.3,21.9,90,82,99,83,92
2023-W07,2023-02-13,Gatsibo,Eastern,540000,236,225,42,1,0,0.187,34.0,22.3,90,82,99,83,88
2023-W08,2023-02-20,Gatsibo,Eastern,540000,240,210,42,0,0,0.2,31.4,22.3,90,82,99,83,89
2023-W09,2023-02-27,Gatsibo,Eastern,540000,261,227,36,0,0,0.159,52.4,22.4,90,82,99,83,88
2023-W10,2023-03-06,Gatsibo,Eastern,540000,264,231,40,0,0,0.173,49.2,22.9,90,82,99,83,91
2023-W11,2023-03-13,Gatsibo,Eastern,540000,310,275,38,0,0,0.138,66.5,23.2,90,82,99,83,92
2023-W12,2023-03-20,Gatsibo,Eastern,540000,221,199,38,1,0,0.191,54.8,22.6,90,82,99,83,91
2023-W13,2023-03-27,Gatsibo,Eastern,540000,212,203,41,1,0,0.202,76.3,22.7,90,82,99,83,89
2023-W14,2023-04-03,Gatsibo,Eastern,540000,231,211,38,0,0,0.18,76.5,23.6,90,82,99,83,92
2023-W15,2023-04-10,Gatsibo,Eastern,540000,217,209,45,1,0,0.215,95.3,23.9,90,82,99,83,91
2023-W16,2023-04-17,Gatsibo,Eastern,540000,242,230,48,1,0,0.209,87.8,23.4,90,82,99,83,92
2023-W17,2023-04-24,Gatsibo,Eastern,540000,218,211,55,1,0,0.261,74.0,23.7,90,82,99,83,88
2023-W18,2023-05-01,Gatsibo,Eastern,540000,213,192,55,1,0,0.286,60.6,23.4,90,82,99,83,88
2023-W19,2023-05-08,Gatsibo,Eastern,540000,226,200,65,1,0,0.325,54.6,23.3,90,82,99,83,91
2023-W20,2023-05-15,Gatsibo,Eastern,540000,246,233,91,1,0,0.391,54.5,23.2,90,82,99,83,92
2023-W21,2023-05-22,Gatsibo,Eastern,540000,199,187,83,1,0,0.444,31.3,23.2,90,82,99,83,88
2023-W22,2023-05-29,Gatsibo,Eastern,540000,216,194,96,1,0,0.495,28.9,24.1,90,82,99,83,89
2023-W23,2023-06-05,Gatsibo,Eastern,540000,187,172,93,2,0,0.541,24.5,23.7,90,82,99,83,89
2023-W24,2023-06-12,Gatsibo,Eastern,540000,218,202,101,1,0,0.5,23.0,23.6,90,82,99,83,90
2023-W25,2023-06-19,Gatsibo,Eastern,540000,190,177,91,2,0,0.514,14.9,23.6,90,82,99,83,88
2023-W26,2023-06-26,Gatsibo,Eastern,540000,190,169,87,1,0,0.515,13.6,23.2,90,79,99,83,90
2023-W27,2023-07-03,Gatsibo,Eastern,540000,249,219,93,2,0,0.425,22.2,23.5,90,79,99,83,88
2023-W28,2023-07-10,Gatsibo,Eastern,540000,241,217,86,1,0,0.396,18.7,22.3,90,79,99,83,91
2023-W29,2023-07-17,Gatsibo,Eastern,540000,216,202,70,1,0,0.347,13.9,22.9,90,79,99,83,91
2023-W30,2023-07-24,Gatsibo,Eastern,540000,206,187,62,1,0,0.332,17.0,22.9,90,79,99,83,92
2023-W31,2023-07-31,Gatsibo,Eastern,540000,235,205,51,1,0,0.249,17.3,22.0,90,79,99,83,89
2023-W32,2023-08-07,Gatsibo,Eastern,540000,252,230,50,0,0,0.217,16.1,22.2,90,79,99,83,88
2023-W33,2023-08-14,Gatsibo,Eastern,540000,263,230,47,1,0,0.204,23.2,21.8,90,79,99,83,92
2023-W34,2023-08-21,Gatsibo,Eastern,540000,246,219,45,1,0,0.205,25.9,22.2,90,79,99,83,91
2023-W35,2023-08-28,Gatsibo,Eastern,540000,272,254,43,1,0,0.169,31.7,21.1,90,79,99,83,90
2023-W36,2023-09-04,Gatsibo,Eastern,540000,286,264,42,1,0,0.159,43.4,21.4,90,79,99,83,88
2023-W37,2023-09-11,Gatsibo,Eastern,540000,278,253,40,1,0,0.158,44.0,20.6,90,79,99,83,88
2023-W38,2023-09-18,Gatsibo,Eastern,540000,284,250,39,1,0,0.156,46.8,20.3,90,79,99,83,91
2023-W39,2023-09-25,Gatsibo,Eastern,540000,219,207,37,1,0,0.179,59.4,20.7,90,79,99,83,88
2023-W40,2023-10-02,Gatsibo,Eastern,540000,272,250,44,1,0,0.176,68.8,20.2,90,79,99,83,91
2023-W41,2023-10-09,Gatsibo,Eastern,540000,293,267,43,1,0,0.161,68.9,20.7,90,82,99,83,90
2023-W42,2023-10-16,Gatsibo,Eastern,540000,216,201,43,0,0,0.214,58.3,20.9,90,82,99,83,92
2023-W43,2023-10-23,Gatsibo,Eastern,540000,209,184,49,1,0,0.266,90.9,21.0,90,82,99,83,88
2023-W44,2023-10-30,Gatsibo,Eastern,540000,269,239,67,1,0,0.28,43.4,20.0,90,82,99,83,92
2023-W45,2023-11-06,Gatsibo,Eastern,540000,218,206,73,1,0,0.354,43.0,20.0,90,82,99,83,91
2023-W46,2023-11-13,Gatsibo,Eastern,540000,221,200,78,1,0,0.39,51.4,19.9,90,82,99,83,92
2023-W47,2023-11-20,Gatsibo,Eastern,540000,217,192,84,1,0,0.438,31.3,19.9,90,82,99,83,90
2023-W48,2023-11-27,Gatsibo,Eastern,540000,224,215,110,2,0,0.512,27.8,20.0,90,82,99,83,91
2023-W49,2023-12-04,Gatsibo,Eastern,540000,263,236,126,1,0,0.534,21.7,20.8,90,82,99,83,88
2023-W50,2023-12-11,Gatsibo,Eastern,540000,261,237,122,2,0,0.515,18.0,21.3,90,82,99,83,89
2023-W51,2023-12-18,Gatsibo,Eastern,540000,245,234,117,2,0,0.5,15.0,20.6,90,82,99,83,91
2023-W52,2023-12-25,Gatsibo,Eastern,540000,232,217,108,2,0,0.498,15.8,20.4,90,82,99,83,91
2024-W01,2024-01-01,Gatsibo,Eastern,540000,235,213,91,1,0,0.427,19.8,21.2,90,82,99,83,90
2024-W02,2024-01-08,Gatsibo,Eastern,540000,222,205,79,1,0,0.385,10.5,21.5,90,82,99,83,92
2024-W03,2024-01-15,Gatsibo,Eastern,540000,243,216,74,1,0,0.343,10.4,21.2,90,82,99,83,90
2024-W04,2024-01-22,Gatsibo,Eastern,540000,264,237,68,1,0,0.287,13.1,21.5,90,82,99,83,90
2024-W05,2024-01-29,Gatsibo,Eastern,540000,274,240,60,1,0,0.25,25.6,21.8,90,82,99,83,90
2024-W06,2024-02-05,Gatsibo,Eastern,540000,251,232,54,1,0,0.233,20.1,22.3,90,82,99,83,91
2024-W07,2024-02-12,Gatsibo,Eastern,540000,313,299,52,1,0,0.174,25.5,22.6,90,82,99,83,89
2024-W08,2024-02-19,Gatsibo,Eastern,540000,263,252,42,1,0,0.167,37.9,22.8,90,82,99,83,91
2024-W09,2024-02-26,Gatsibo,Eastern,540000,269,242,45,1,0,0.186,34.0,22.2,90,82,99,83,89
2024-W10,2024-03-04,Gatsibo,Eastern,540000,309,286,45,1,0,0.157,62.3,22.4,90,82,99,83,88
2024-W11,2024-03-11,Gatsibo,Eastern,540000,314,282,43,0,0,0.152,59.0,23.1,90,82,99,83,89
2024-W12,2024-03-18,Gatsibo,Eastern,540000,289,252,42,1,0,0.167,67.9,23.2,90,82,99,83,88
2024-W13,2024-03-25,Gatsibo,Eastern,540000,287,265,47,1,0,0.177,72.2,23.2,90,82,99,83,88
2024-W14,2024-04-01,Gatsibo,Eastern,540000,258,238,50,1,0,0.21,60.2,23.3,90,82,99,83,90
2024-W15,2024-04-08,Gatsibo,Eastern,540000,297,281,54,1,0,0.192,77.6,24.0,90,82,99,83,92
2024-W16,2024-04-15,Gatsibo,Eastern,540000,263,233,55,1,0,0.236,79.5,23.9,90,82,99,83,88
2024-W17,2024-04-22,Gatsibo,Eastern,540000,246,219,63,1,0,0.288,63.8,23.0,90,82,99,83,90
2024-W18,2024-04-29,Gatsibo,Eastern,540000,301,271,76,2,0,0.28,65.3,24.1,90,82,99,83,92
2024-W19,2024-05-06,Gatsibo,Eastern,540000,280,247,89,1,0,0.36,42.9,23.9,90,82,99,83,89
2024-W20,2024-05-13,Gatsibo,Eastern,540000,268,248,103,1,0,0.415,40.5,24.0,90,82,99,83,92
2024-W21,2024-05-20,Gatsibo,Eastern,540000,269,240,112,1,0,0.467,36.7,23.8,90,82,99,83,90
2024-W22,2024-05-27,Gatsibo,Eastern,540000,287,258,120,2,0,0.465,40.8,23.4,90,82,99,83,91
2024-W23,2024-06-03,Gatsibo,Eastern,540000,231,210,110,2,0,0.524,36.4,23.8,90,82,99,83,89
2024-W24,2024-06-10,Gatsibo,Eastern,540000,274,246,122,1,0,0.496,26.2,23.6,90,82,99,83,91
2024-W25,2024-06-17,Gatsibo,Eastern,540000,282,251,130,3,0,0.518,21.6,22.8,90,82,99,83,91
2024-W26,2024-06-24,Gatsibo,Eastern,540000,222,198,101,1,0,0.51,17.1,23.2,90,79,99,83,89
2024-W27,2024-07-01,Gatsibo,Eastern,540000,217,203,95,1,0,0.468,13.8,22.5,90,79,99,83,90
2024-W28,2024-07-08,Gatsibo,Eastern,540000,303,277,113,1,0,0.408,15.2,22.6,90,79,99,83,91
2024-W29,2024-07-15,Gatsibo,Eastern,540000,298,289,98,2,0,0.339,16.7,22.3,90,79,99,83,90
2024-W30,2024-07-22,Gatsibo,Eastern,540000,281,270,90,1,0,0.333,16.4,22.1,90,79,99,83,89
2024-W31,2024-07-29,Gatsibo,Eastern,540000,346,305,74,1,0,0.243,18.2,22.3,90,79,99,83,89
2024-W32,2024-08-05,Gatsibo,Eastern,540000,294,272,69,1,0,0.254,23.0,21.5,90,79,99,83,90
2024-W33,2024-08-12,Gatsibo,Eastern,540000,283,268,60,1,0,0.224,23.5,21.4,90,79,99,83,92
2024-W34,2024-08-19,Gatsibo,Eastern,540000,362,329,57,1,0,0.173,25.6,21.8,90,79,99,83,91
2024-W35,2024-08-26,Gatsibo,Eastern,540000,295,264,54,0,0,0.205,30.2,21.1,90,79,99,83,91
2024-W36,2024-09-02,Gatsibo,Eastern,540000,328,296,53,1,0,0.179,44.3,21.8,90,79,99,83,91
2024-W37,2024-09-09,Gatsibo,Eastern,540000,385,365,57,1,0,0.156,42.9,21.1,90,79,99,83,90
2024-W38,2024-09-16,Gatsibo,Eastern,540000,292,265,51,1,0,0.192,47.5,20.6,90,79,99,83,91
2024-W39,2024-09-23,Gatsibo,Eastern,540000,327,298,56,1,0,0.188,68.3,20.9,90,79,99,83,91
2024-W40,2024-09-30,Gatsibo,Eastern,540000,326,306,55,1,0,0.18,63.9,20.3,90,79,99,83,90
2024-W41,2024-10-07,Gatsibo,Eastern,540000,312,302,61,1,0,0.202,87.6,20.4,90,82,99,83,91
2024-W42,2024-10-14,Gatsibo,Eastern,540000,385,347,71,1,0,0.205,56.0,21.0,90,82,99,83,92
2024-W43,2024-10-21,Gatsibo,Eastern,540000,384,355,86,1,0,0.242,69.5,20.7,90,82,99,83,91
2024-W44,2024-10-28,Gatsibo,Eastern,540000,338,325,101,1,0,0.311,75.1,20.9,90,82,99,83,92
2024-W45,2024-11-04,Gatsibo,Eastern,540000,357,321,111,1,0,0.346,31.5,20.1,90,82,99,83,92
2024-W46,2024-11-11,Gatsibo,Eastern,540000,300,280,110,1,0,0.393,51.7,20.4,90,82,99,83,91
2024-W47,2024-11-18,Gatsibo,Eastern,540000,333,302,141,2,0,0.467,33.2,20.0,90,82,99,83,91
2024-W48,2024-11-25,Gatsibo,Eastern,540000,315,278,142,2,0,0.511,24.5,20.3,90,82,99,83,90
2024-W49,2024-12-02,Gatsibo,Eastern,540000,320,289,156,3,0,0.54,23.5,20.0,90,82,99,83,92
2024-W50,2024-12-09,Gatsibo,Eastern,540000,342,313,160,2,0,0.511,20.7,21.0,90,82,99,83,88
2024-W51,2024-12-16,Gatsibo,Eastern,540000,358,315,168,1,0,0.533,12.7,20.9,90,82,99,83,90
2024-W52,2024-12-23,Gatsibo,Eastern,540000,312,288,138,2,0,0.479,12.3,21.5,90,82,99,83,90
2025-W01,2024-12-30,Gatsibo,Eastern,540000,335,302,140,2,0,0.464,16.9,20.6,90,82,99,83,92
2025-W02,2025-01-06,Gatsibo,Eastern,540000,346,328,123,1,0,0.375,16.4,20.7,90,82,99,83,91
2025-W03,2025-01-13,Gatsibo,Eastern,540000,338,316,104,1,0,0.329,13.9,21.8,90,82,99,83,89
2025-W04,2025-01-20,Gatsibo,Eastern,540000,300,278,87,2,0,0.313,20.3,21.6,90,82,99,83,89
2025-W05,2025-01-27,Gatsibo,Eastern,540000,372,331,89,2,0,0.269,19.6,21.4,90,82,99,83,88
2025-W06,2025-02-03,Gatsibo,Eastern,540000,390,348,66,1,0,0.19,32.7,22.0,90,82,99,83,88
2025-W07,2025-02-10,Gatsibo,Eastern,540000,422,373,61,1,0,0.164,22.7,22.1,90,82,99,83,88
2025-W08,2025-02-17,Gatsibo,Eastern,540000,379,346,62,1,0,0.179,38.8,22.0,90,82,99,83,92
2025-W09,2025-02-24,Gatsibo,Eastern,540000,299,289,56,1,0,0.194,46.6,22.2,90,82,99,83,88
2025-W10,2025-03-03,Gatsibo,Eastern,540000,296,284,55,0,0,0.194,29.7,22.3,90,82,99,83,90
2025-W11,2025-03-10,Gatsibo,Eastern,540000,400,362,62,1,0,0.171,46.5,23.3,90,82,99,83,88
2025-W12,2025-03-17,Gatsibo,Eastern,540000,355,336,62,1,0,0.185,66.4,22.6,90,82,99,83,88
2025-W13,2025-03-24,Gatsibo,Eastern,540000,356,343,59,0,0,0.172,76.2,23.5,90,82,99,83,91
2025-W14,2025-03-31,Gatsibo,Eastern,540000,347,308,62,1,0,0.201,61.6,23.3,90,82,99,83,88
2025-W15,2025-04-07,Gatsibo,Eastern,540000,354,338,72,1,0,0.213,67.3,23.8,90,82,99,83,90
2025-W16,2025-04-14,Gatsibo,Eastern,540000,425,378,79,1,0,0.209,50.5,23.6,90,82,99,83,91
2025-W17,2025-04-21,Gatsibo,Eastern,540000,350,322,82,1,0,0.255,72.1,23.0,90,82,99,83,91
2025-W18,2025-04-28,Gatsibo,Eastern,540000,325,288,96,1,0,0.333,78.6,24.0,90,82,99,83,92
2025-W19,2025-05-05,Gatsibo,Eastern,540000,413,371,121,1,0,0.326,54.7,23.4,90,82,99,83,90
2025-W20,2025-05-12,Gatsibo,Eastern,540000,325,300,119,1,0,0.397,58.1,23.7,90,82,99,83,92
2025-W21,2025-05-19,Gatsibo,Eastern,540000,335,304,135,1,0,0.444,30.3,23.1,90,82,99,83,91
2025-W22,2025-05-26,Gatsibo,Eastern,540000,321,305,152,3,0,0.498,38.9,23.9,90,82,99,83,91
2025-W23,2025-06-02,Gatsibo,Eastern,540000,309,279,147,2,0,0.527,26.3,23.0,90,82,99,83,92
2025-W24,2025-06-09,Gatsibo,Eastern,540000,345,327,170,3,0,0.52,20.4,23.8,90,82,99,83,92
2025-W25,2025-06-16,Gatsibo,Eastern,540000,326,316,163,2,0,0.516,19.1,23.5,90,82,99,83,92
2025-W26,2025-06-23,Gatsibo,Eastern,540000,357,329,150,2,0,0.456,19.2,23.2,90,79,99,83,89
2025-W27,2025-06-30,Gatsibo,Eastern,540000,351,330,150,2,0,0.455,17.1,22.4,90,79,99,83,89
2025-W28,2025-07-07,Gatsibo,Eastern,540000,389,355,138,2,0,0.389,14.3,22.4,90,79,99,83,91
2025-W29,2025-07-14,Gatsibo,Eastern,540000,400,369,121,1,0,0.328,15.3,22.8,90,79,99,83,89
2025-W30,2025-07-21,Gatsibo,Eastern,540000,406,364,109,2,0,0.299,19.2,22.1,90,79,99,83,89
2025-W31,2025-07-28,Gatsibo,Eastern,540000,301,267,76,1,0,0.285,21.2,22.0,90,79,99,83,90
2025-W32,2025-08-04,Gatsibo,Eastern,540000,326,314,80,1,0,0.255,22.8,22.2,90,79,99,83,91
2025-W33,2025-08-11,Gatsibo,Eastern,540000,292,280,62,1,0,0.221,23.6,22.3,90,79,99,83,88
2025-W34,2025-08-18,Gatsibo,Eastern,540000,448,396,66,1,0,0.167,33.7,21.9,90,79,99,83,88
2025-W35,2025-08-25,Gatsibo,Eastern,540000,450,422,70,1,0,0.166,32.0,21.7,90,79,99,83,89
2025-W36,2025-09-01,Gatsibo,Eastern,540000,327,316,62,1,0,0.196,47.2,21.4,90,79,99,83,90
2025-W37,2025-09-08,Gatsibo,Eastern,540000,407,355,65,1,0,0.183,46.2,21.1,90,79,99,83,89
2025-W38,2025-09-15,Gatsibo,Eastern,540000,393,355,64,1,0,0.18,56.1,21.5,90,79,99,83,90
2025-W39,2025-09-22,Gatsibo,Eastern,540000,399,363,61,1,0,0.168,73.7,21.4,90,79,99,83,90
2025-W40,2025-09-29,Gatsibo,Eastern,540000,466,422,64,1,0,0.152,82.1,20.1,90,79,99,83,88
2025-W41,2025-10-06,Gatsibo,Eastern,540000,495,437,72,1,0,0.165,83.5,20.5,90,82,99,83,89
2025-W42,2025-10-13,Gatsibo,Eastern,540000,338,327,75,1,0,0.229,82.4,20.6,90,82,99,83,88
2025-W43,2025-10-20,Gatsibo,Eastern,540000,409,369,81,1,0,0.22,79.5,19.9,90,82,99,83,89
2025-W44,2025-10-27,Gatsibo,Eastern,540000,303,288,82,1,0,0.285,53.5,20.9,90,82,99,83,91
2025-W45,2025-11-03,Gatsibo,Eastern,540000,363,341,108,2,0,0.317,47.4,20.6,90,82,99,83,90
2025-W46,2025-11-10,Gatsibo,Eastern,540000,361,333,127,2,0,0.381,51.1,20.1,90,82,99,83,91
2025-W47,2025-11-17,Gatsibo,Eastern,540000,370,327,147,2,0,0.45,33.4,20.6,90,82,99,83,91
2025-W48,2025-11-24,Gatsibo,Eastern,540000,308,291,144,3,0,0.495,41.2,20.4,90,82,99,83,91
2025-W49,2025-12-01,Gatsibo,Eastern,540000,364,346,174,2,0,0.503,23.3,21.1,90,82,99,83,88
2025-W50,2025-12-08,Gatsibo,Eastern,540000,406,366,198,3,0,0.541,16.5,20.9,90,82,99,83,90
2025-W51,2025-12-15,Gatsibo,Eastern,540000,328,291,152,2,0,0.522,16.2,20.3,90,82,99,83,88
2025-W52,2025-12-22,Gatsibo,Eastern,540000,364,330,164,3,0,0.497,20.6,21.1,90,82,99,83,91
2026-W01,2025-12-29,Gatsibo,Eastern,540000,353,312,142,3,0,0.455,13.9,21.0,90,82,99,83,88
2026-W02,2026-01-05,Gatsibo,Eastern,540000,326,303,125,1,0,0.413,18.7,20.8,90,82,99,83,92
2026-W03,2026-01-12,Gatsibo,Eastern,540000,348,305,101,1,0,0.331,18.9,21.0,90,82,99,83,89
2026-W04,2026-01-19,Gatsibo,Eastern,540000,410,366,94,1,0,0.257,21.9,22.0,90,82,99,83,90
2026-W05,2026-01-26,Gatsibo,Eastern,540000,359,340,78,1,0,0.229,21.9,22.2,90,82,99,83,89
2026-W06,2026-02-02,Gatsibo,Eastern,540000,338,306,69,1,0,0.225,24.6,22.0,90,82,99,83,91
2026-W07,2026-02-09,Gatsibo,Eastern,540000,310,284,59,1,0,0.208,34.1,21.7,90,82,99,83,89
2026-W08,2026-02-16,Gatsibo,Eastern,540000,317,298,59,1,0,0.198,37.1,22.9,90,82,99,83,88
2026-W09,2026-02-23,Gatsibo,Eastern,540000,446,395,60,1,0,0.152,46.7,23.0,90,82,99,83,92
2026-W10,2026-03-02,Gatsibo,Eastern,540000,337,301,59,1,0,0.196,39.2,22.5,90,82,99,83,89
2026-W11,2026-03-09,Gatsibo,Eastern,540000,330,309,60,1,0,0.194,57.9,22.5,90,82,99,83,88
2026-W12,2026-03-16,Gatsibo,Eastern,540000,363,316,51,1,0,0.161,60.7,22.9,90,82,99,83,88
2026-W13,2026-03-23,Gatsibo,Eastern,540000,454,417,66,1,0,0.158,69.2,23.3,90,82,99,83,88
2026-W14,2026-03-30,Gatsibo,Eastern,540000,330,304,62,1,0,0.204,67.3,23.3,90,82,99,83,90
2026-W15,2026-04-06,Gatsibo,Eastern,540000,406,384,75,1,0,0.195,77.1,23.2,90,82,99,83,90
2026-W16,2026-04-13,Gatsibo,Eastern,540000,279,264,69,1,0,0.261,58.0,23.8,90,82,99,83,90
2026-W17,2026-04-20,Gatsibo,Eastern,540000,351,330,89,1,0,0.27,56.6,24.1,90,82,99,83,92
2026-W18,2026-04-27,Gatsibo,Eastern,540000,338,304,98,1,0,0.322,48.3,23.5,90,82,99,83,92
2026-W19,2026-05-04,Gatsibo,Eastern,540000,346,329,121,2,0,0.368,47.5,24.1,90,82,99,83,90
2026-W20,2026-05-11,Gatsibo,Eastern,540000,341,306,116,2,0,0.379,44.8,23.3,90,82,99,83,92
2026-W21,2026-05-18,Gatsibo,Eastern,540000,382,333,144,2,0,0.432,43.4,23.4,90,82,99,83,90
2026-W22,2026-05-25,Gatsibo,Eastern,540000,325,309,148,3,0,0.479,35.2,23.1,90,82,99,83,90
2026-W23,2026-06-01,Gatsibo,Eastern,540000,305,271,133,2,0,0.491,32.2,24.0,90,82,99,83,88
2026-W24,2026-06-08,Gatsibo,Eastern,540000,328,297,151,3,0,0.508,32.6,23.7,90,82,99,83,89
2026-W25,2026-06-15,Gatsibo,Eastern,540000,335,298,147,1,0,0.493,19.9,23.8,90,82,99,83,88
2026-W26,2026-06-22,Gatsibo,Eastern,540000,344,321,149,1,0,0.464,13.3,22.9,90,79,99,83,88
2026-W27,2026-06-29,Gatsibo,Eastern,540000,329,317,138,2,0,0.435,12.5,23.0,90,79,99,83,90
2026-W28,2026-07-06,Gatsibo,Eastern,540000,425,373,141,1,0,0.378,12.2,22.8,90,79,99,83,92
2026-W29,2026-07-13,Gatsibo,Eastern,540000,307,283,105,2,0,0.371,17.3,22.2,90,79,99,83,90
2026-W30,2026-07-20,Gatsibo,Eastern,540000,364,348,105,1,0,0.302,18.5,22.0,90,79,99,83,90
2026-W31,2026-07-27,Gatsibo,Eastern,540000,307,270,76,1,0,0.281,18.7,22.3,90,79,99,83,88
2026-W32,2026-08-03,Gatsibo,Eastern,540000,325,315,70,1,0,0.222,19.2,22.0,90,79,99,83,91
2026-W33,2026-08-10,Gatsibo,Eastern,540000,381,364,69,1,0,0.19,25.3,21.7,90,79,99,83,89
2026-W34,2026-08-17,Gatsibo,Eastern,540000,316,299,66,1,0,0.221,28.0,21.6,90,79,99,83,91
2026-W35,2026-08-24,Gatsibo,Eastern,540000,451,430,67,1,0,0.156,38.3,21.1,90,79,99,83,90
2026-W36,2026-08-31,Gatsibo,Eastern,540000,402,373,59,1,0,0.158,34.6,21.4,90,79,99,83,92
2026-W37,2026-09-07,Gatsibo,Eastern,540000,383,368,58,1,0,0.158,36.0,20.7,90,79,99,83,89
2026-W38,2026-09-14,Gatsibo,Eastern,540000,364,343,58,1,0,0.169,64.5,20.4,90,79,99,83,92
2026-W39,2026-09-21,Gatsibo,Eastern,540000,413,393,68,1,0,0.173,81.6,20.3,90,79,99,83,91
2026-W40,2026-09-28,Gatsibo,Eastern,540000,300,289,51,1,0,0.176,52.2,20.8,90,79,99,83,88
2023-W01,2023-01-02,Ngoma,Eastern,390000,83,76,32,1,0,0.421,14.6,21.4,93,85,99,85,95
2023-W02,2023-01-09,Ngoma,Eastern,390000,92,89,32,0,0,0.36,11.5,20.8,93,85,99,85,95
2023-W03,2023-01-16,Ngoma,Eastern,390000,72,70,25,0,0,0.357,12.7,20.9,93,85,99,85,94
2023-W04,2023-01-23,Ngoma,Eastern,390000,87,77,24,0,0,0.312,18.9,21.6,93,85,99,85,94
2023-W05,2023-01-30,Ngoma,Eastern,390000,80,75,20,0,0,0.267,21.9,21.7,93,85,99,85,95
2023-W06,2023-02-06,Ngoma,Eastern,390000,112,105,20,0,0,0.19,30.3,22.2,93,85,99,85,95
2023-W07,2023-02-13,Ngoma,Eastern,390000,91,86,17,0,0,0.198,21.8,22.6,93,85,99,85,93
2023-W08,2023-02-20,Ngoma,Eastern,390000,93,82,15,0,0,0.183,32.5,22.1,93,85,99,85,94
2023-W09,2023-02-27,Ngoma,Eastern,390000,97,85,16,0,0,0.188,44.6,23.1,93,85,99,85,94
2023-W10,2023-03-06,Ngoma,Eastern,390000,105,100,15,0,0,0.15,40.8,22.7,93,85,99,85,93
2023-W11,2023-03-13,Ngoma,Eastern,390000,102,92,13,0,0,0.141,76.1,23.2,93,85,99,85,93
2023-W12,2023-03-20,Ngoma,Eastern,390000,113,109,17,0,0,0.156,77.5,22.6,93,85,99,85,95
2023-W13,2023-03-27,Ngoma,Eastern,390000,96,90,16,0,0,0.178,62.4,23.2,93,85,99,85,93
2023-W14,2023-04-03,Ngoma,Eastern,390000,106,96,16,0,0,0.167,70.3,22.8,93,85,99,85,95
2023-W15,2023-04-10,Ngoma,Eastern,390000,75,72,16,0,0,0.222,61.9,23.0,93,85,99,85,94
2023-W16,2023-04-17,Ngoma,Eastern,390000,92,82,19,0,0,0.232,68.2,23.6,93,85,99,85,91
2023-W17,2023-04-24,Ngoma,Eastern,390000,77,69,20,0,0,0.29,77.2,23.7,93,85,99,85,94
2023-W18,2023-05-01,Ngoma,Eastern,390000,68,61,20,0,0,0.328,81.8,23.6,93,85,99,85,95
2023-W19,2023-05-08,Ngoma,Eastern,390000,79,75,26,0,0,0.347,75.8,23.3,93,85,99,85,93
2023-W20,2023-05-15,Ngoma,Eastern,390000,95,84,34,0,0,0.405,62.3,23.3,93,85,99,85,94
2023-W21,2023-05-22,Ngoma,Eastern,390000,82,78,35,0,0,0.449,56.3,23.7,93,85,99,85,95
2023-W22,2023-05-29,Ngoma,Eastern,390000,92,82,38,1,0,0.463,28.7,23.9,93,85,99,85,94
2023-W23,2023-06-05,Ngoma,Eastern,390000,84,80,41,1,0,0.512,30.1,23.7,93,85,99,85,95
2023-W24,2023-06-12,Ngoma,Eastern,390000,74,66,35,0,0,0.53,25.3,23.8,93,85,99,85,94
2023-W25,2023-06-19,Ngoma,Eastern,390000,93,89,45,1,0,0.506,20.8,23.3,93,85,99,85,92
2023-W26,2023-06-26,Ngoma,Eastern,390000,83,73,37,1,0,0.507,12.3,23.3,93,82,99,85,94
2023-W27,2023-07-03,Ngoma,Eastern,390000,81,76,32,1,0,0.421,15.5,23.1,93,82,99,85,95
2023-W28,2023-07-10,Ngoma,Eastern,390000,80,75,30,0,0,0.4,14.8,22.8,93,82,99,85,95
2023-W29,2023-07-17,Ngoma,Eastern,390000,96,92,30,0,0,0.326,18.3,23.0,93,82,99,85,91
2023-W30,2023-07-24,Ngoma,Eastern,390000,89,78,26,0,0,0.333,19.2,22.2,93,82,99,85,92
2023-W31,2023-07-31,Ngoma,Eastern,390000,104,92,25,0,0,0.272,18.5,21.6,93,82,99,85,92
2023-W32,2023-08-07,Ngoma,Eastern,390000,95,87,20,0,0,0.23,17.6,22.5,93,82,99,85,93
2023-W33,2023-08-14,Ngoma,Eastern,390000,96,87,18,0,0,0.207,26.1,22.0,93,82,99,85,92
2023-W34,2023-08-21,Ngoma,Eastern,390000,101,88,16,0,0,0.182,30.9,21.4,93,82,99,85,93
2023-W35,2023-08-28,Ngoma,Eastern,390000,109,95,18,0,0,0.189,48.5,21.6,93,82,99,85,93
2023-W36,2023-09-04,Ngoma,Eastern,390000,114,109,16,0,0,0.147,44.0,20.9,93,82,99,85,93
2023-W37,2023-09-11,Ngoma,Eastern,390000,98,89,16,0,0,0.18,40.1,20.7,93,82,99,85,95
2023-W38,2023-09-18,Ngoma,Eastern,390000,98,92,17,0,0,0.185,47.3,20.5,93,82,99,85,95
2023-W39,2023-09-25,Ngoma,Eastern,390000,90,86,15,0,0,0.174,76.1,21.2,93,82,99,85,95
2023-W40,2023-10-02,Ngoma,Eastern,390000,82,74,15,0,0,0.203,52.1,20.2,93,82,99,85,95
2023-W41,2023-10-09,Ngoma,Eastern,390000,88,81,17,0,0,0.21,63.0,20.9,93,85,99,85,93
2023-W42,2023-10-16,Ngoma,Eastern,390000,91,80,18,0,0,0.225,77.6,20.8,93,85,99,85,91
2023-W43,2023-10-23,Ngoma,Eastern,390000,93,85,22,0,0,0.259,69.1,19.9,93,85,99,85,92
2023-W44,2023-10-30,Ngoma,Eastern,390000,98,91,24,0,0,0.264,58.8,20.2,93,85,99,85,94
2023-W45,2023-11-06,Ngoma,Eastern,390000,98,86,30,1,0,0.349,50.2,20.4,93,85,99,85,91
2023-W46,2023-11-13,Ngoma,Eastern,390000,94,82,31,1,0,0.378,40.9,20.1,93,85,99,85,94
2023-W47,2023-11-20,Ngoma,Eastern,390000,89,84,37,0,0,0.44,36.5,20.7,93,85,99,85,92
2023-W48,2023-11-27,Ngoma,Eastern,390000,90,86,43,0,0,0.5,21.0,20.0,93,85,99,85,95
2023-W49,2023-12-04,Ngoma,Eastern,390000,76,68,37,0,0,0.544,23.3,20.9,93,85,99,85,93
2023-W50,2023-12-11,Ngoma,Eastern,390000,94,88,47,1,0,0.534,19.2,20.8,93,85,99,85,93
2023-W51,2023-12-18,Ngoma,Eastern,390000,96,87,45,0,0,0.517,17.4,21.4,93,85,99,85,92
2023-W52,2023-12-25,Ngoma,Eastern,390000,94,83,43,1,0,0.518,15.5,20.9,93,85,99,85,92
2024-W01,2024-01-01,Ngoma,Eastern,390000,100,90,41,1,0,0.456,16.9,21.1,93,85,99,85,91
2024-W02,2024-01-08,Ngoma,Eastern,390000,85,77,30,0,0,0.39,11.6,21.8,93,85,99,85,92
2024-W03,2024-01-15,Ngoma,Eastern,390000,93,88,31,1,0,0.352,14.4,21.4,93,85,99,85,91
2024-W04,2024-01-22,Ngoma,Eastern,390000,89,82,25,0,0,0.305,11.2,21.7,93,85,99,85,92
2024-W05,2024-01-29,Ngoma,Eastern,390000,100,97,24,0,0,0.247,15.6,21.8,93,85,99,85,94
2024-W06,2024-02-05,Ngoma,Eastern,390000,108,101,21,0,0,0.208,28.5,21.8,93,85,99,85,95
2024-W07,2024-02-12,Ngoma,Eastern,390000,131,119,20,0,0,0.168,22.2,22.1,93,85,99,85,93
2024-W08,2024-02-19,Ngoma,Eastern,390000,97,93,18,0,0,0.194,44.3,22.4,93,85,99,85,93
2024-W09,2024-02-26,Ngoma,Eastern,390000,106,95,18,0,0,0.189,56.1,22.9,93,85,99,85,91
2024-W10,2024-03-04,Ngoma,Eastern,390000,110,101,18,0,0,0.178,34.6,23.0,93,85,99,85,91
2024-W11,2024-03-11,Ngoma,Eastern,390000,120,105,17,0,0,0.162,49.8,23.5,93,85,99,85,91
2024-W12,2024-03-18,Ngoma,Eastern,390000,102,92,17,0,0,0.185,71.4,22.5,93,85,99,85,91
2024-W13,2024-03-25,Ngoma,Eastern,390000,89,85,17,0,0,0.2,88.3,23.3,93,85,99,85,91
2024-W14,2024-04-01,Ngoma,Eastern,390000,125,114,21,0,0,0.184,69.3,22.9,93,85,99,85,92
2024-W15,2024-04-08,Ngoma,Eastern,390000,89,86,20,0,0,0.233,84.8,23.3,93,85,99,85,93
2024-W16,2024-04-15,Ngoma,Eastern,390000,118,106,25,0,0,0.236,104.1,23.0,93,85,99,85,94
2024-W17,2024-04-22,Ngoma,Eastern,390000,107,97,28,1,0,0.289,60.2,23.8,93,85,99,85,95
2024-W18,2024-04-29,Ngoma,Eastern,390000,120,116,34,1,0,0.293,66.7,23.6,93,85,99,85,95
2024-W19,2024-05-06,Ngoma,Eastern,390000,99,95,36,0,0,0.379,64.9,23.9,93,85,99,85,92
2024-W20,2024-05-13,Ngoma,Eastern,390000,127,113,42,1,0,0.372,47.5,23.7,93,85,99,85,94
2024-W21,2024-05-20,Ngoma,Eastern,390000,121,110,46,1,0,0.418,35.4,23.6,93,85,99,85,93
2024-W22,2024-05-27,Ngoma,Eastern,390000,118,113,53,1,0,0.469,39.3,24.0,93,85,99,85,92
2024-W23,2024-06-03,Ngoma,Eastern,390000,108,96,49,1,0,0.51,41.7,23.9,93,85,99,85,92
2024-W24,2024-06-10,Ngoma,Eastern,390000,114,103,52,1,0,0.505,18.5,23.1,93,85,99,85,95
2024-W25,2024-06-17,Ngoma,Eastern,390000,112,101,53,1,0,0.525,21.0,23.2,93,85,99,85,93
2024-W26,2024-06-24,Ngoma,Eastern,390000,113,101,49,1,0,0.485,16.3,23.0,93,82,99,85,94
2024-W27,2024-07-01,Ngoma,Eastern,390000,111,101,44,1,0,0.436,17.6,22.8,93,82,99,85,93
2024-W28,2024-07-08,Ngoma,Eastern,390000,145,126,47,1,0,0.373,15.4,22.5,93,82,99,85,93
2024-W29,2024-07-15,Ngoma,Eastern,390000,127,111,37,0,0,0.333,16.2,22.5,93,82,99,85,92
2024-W30,2024-07-22,Ngoma,Eastern,390000,134,124,38,0,0,0.306,13.9,21.8,93,82,99,85,92
2024-W31,2024-07-29,Ngoma,Eastern,390000,124,109,29,0,0,0.266,14.2,21.7,93,82,99,85,94
2024-W32,2024-08-05,Ngoma,Eastern,390000,138,124,27,0,0,0.218,17.3,22.3,93,82,99,85,94
2024-W33,2024-08-12,Ngoma,Eastern,390000,141,137,26,0,0,0.19,27.7,21.8,93,82,99,85,92
2024-W34,2024-08-19,Ngoma,Eastern,390000,120,106,22,0,0,0.208,29.0,21.8,93,82,99,85,92
2024-W35,2024-08-26,Ngoma,Eastern,390000,202,178,27,0,0,0.152,41.9,21.7,93,82,99,85,91
2024-W36,2024-09-02,Ngoma,Eastern,390000,132,117,23,0,0,0.197,37.8,20.9,93,82,99,85,94
2024-W37,2024-09-09,Ngoma,Eastern,390000,119,109,20,0,0,0.183,50.1,20.7,93,82,99,85,95
2024-W38,2024-09-16,Ngoma,Eastern,390000,130,125,21,0,0,0.168,46.6,21.5,93,82,99,85,95
2024-W39,2024-09-23,Ngoma,Eastern,390000,172,152,22,0,0,0.145,71.8,20.4,93,82,99,85,95
2024-W40,2024-09-30,Ngoma,Eastern,390000,148,143,27,0,0,0.189,68.4,21.3,93,82,99,85,93
2024-W41,2024-10-07,Ngoma,Eastern,390000,141,131,28,0,0,0.214,56.6,20.1,93,85,99,85,94
2024-W42,2024-10-14,Ngoma,Eastern,390000,148,133,26,0,0,0.195,81.8,20.3,93,85,99,85,95
2024-W43,2024-10-21,Ngoma,Eastern,390000,130,114,31,0,0,0.272,80.4,20.3,93,85,99,85,94
2024-W44,2024-10-28,Ngoma,Eastern,390000,128,119,36,0,0,0.303,58.7,19.9,93,85,99,85,91
2024-W45,2024-11-04,Ngoma,Eastern,390000,135,118,42,1,0,0.356,47.9,20.0,93,85,99,85,91
2024-W46,2024-11-11,Ngoma,Eastern,390000,134,118,49,1,0,0.415,45.0,19.9,93,85,99,85,93
2024-W47,2024-11-18,Ngoma,Eastern,390000,129,118,52,1,0,0.441,35.9,20.1,93,85,99,85,92
2024-W48,2024-11-25,Ngoma,Eastern,390000,139,124,62,1,0,0.5,25.1,20.6,93,85,99,85,91
2024-W49,2024-12-02,Ngoma,Eastern,390000,137,126,66,1,0,0.524,23.9,20.5,93,85,99,85,91
2024-W50,2024-12-09,Ngoma,Eastern,390000,116,110,58,1,0,0.527,19.8,20.6,93,85,99,85,91
2024-W51,2024-12-16,Ngoma,Eastern,390000,133,125,64,1,0,0.512,15.8,21.2,93,85,99,85,95
2024-W52,2024-12-23,Ngoma,Eastern,390000,127,115,58,1,0,0.504,13.0,20.5,93,85,99,85,93
2025-W01,2024-12-30,Ngoma,Eastern,390000,124,119,54,1,0,0.454,16.3,20.8,93,85,99,85,95
2025-W02,2025-01-06,Ngoma,Eastern,390000,124,119,45,1,0,0.378,13.7,21.8,93,85,99,85,92
2025-W03,2025-01-13,Ngoma,Eastern,390000,152,135,41,1,0,0.304,15.7,21.9,93,85,99,85,95
2025-W04,2025-01-20,Ngoma,Eastern,390000,137,132,38,1,0,0.288,19.7,21.1,93,85,99,85,95
2025-W05,2025-01-27,Ngoma,Eastern,390000,178,162,36,0,0,0.222,24.8,21.7,93,85,99,85,95
2025-W06,2025-02-03,Ngoma,Eastern,390000,126,122,29,0,0,0.238,26.3,21.6,93,85,99,85,95
2025-W07,2025-02-10,Ngoma,Eastern,390000,126,121,24,0,0,0.198,24.1,22.5,93,85,99,85,93
2025-W08,2025-02-17,Ngoma,Eastern,390000,165,155,24,0,0,0.155,29.5,22.2,93,85,99,85,91
2025-W09,2025-02-24,Ngoma,Eastern,390000,136,124,23,0,0,0.185,29.2,22.1,93,85,99,85,95
2025-W10,2025-03-03,Ngoma,Eastern,390000,152,146,25,0,0,0.171,41.6,22.8,93,85,99,85,92
2025-W11,2025-03-10,Ngoma,Eastern,390000,143,127,22,0,0,0.173,46.5,23.0,93,85,99,85,94
2025-W12,2025-03-17,Ngoma,Eastern,390000,200,180,26,0,0,0.144,48.3,22.8,93,85,99,85,94
2025-W13,2025-03-24,Ngoma,Eastern,390000,129,125,23,0,0,0.184,60.5,23.4,93,85,99,85,92
2025-W14,2025-03-31,Ngoma,Eastern,390000,157,145,27,0,0,0.186,76.9,22.9,93,85,99,85,91
2025-W15,2025-04-07,Ngoma,Eastern,390000,143,131,31,0,0,0.237,91.1,23.8,93,85,99,85,95
2025-W16,2025-04-14,Ngoma,Eastern,390000,126,122,27,1,0,0.221,89.4,24.0,93,85,99,85,95
2025-W17,2025-04-21,Ngoma,Eastern,390000,129,115,31,1,0,0.27,69.9,23.4,93,85,99,85,93
2025-W18,2025-04-28,Ngoma,Eastern,390000,163,146,43,0,0,0.295,75.9,23.5,93,85,99,85,94
2025-W19,2025-05-05,Ngoma,Eastern,390000,160,141,48,0,0,0.34,60.9,23.2,93,85,99,85,95
2025-W20,2025-05-12,Ngoma,Eastern,390000,121,110,47,1,0,0.427,57.5,23.1,93,85,99,85,93
2025-W21,2025-05-19,Ngoma,Eastern,390000,134,122,58,1,0,0.475,52.9,23.5,93,85,99,85,93
2025-W22,2025-05-26,Ngoma,Eastern,390000,146,127,64,1,0,0.504,45.8,23.5,93,85,99,85,95
2025-W23,2025-06-02,Ngoma,Eastern,390000,136,130,64,1,0,0.492,30.0,22.8,93,85,99,85,94
2025-W24,2025-06-09,Ngoma,Eastern,390000,167,151,76,1,0,0.503,25.5,22.8,93,85,99,85,93
2025-W25,2025-06-16,Ngoma,Eastern,390000,156,146,72,1,0,0.493,24.6,22.7,93,85,99,85,93
2025-W26,2025-06-23,Ngoma,Eastern,390000,124,115,59,1,0,0.513,15.1,22.9,93,82,99,85,92
2025-W27,2025-06-30,Ngoma,Eastern,390000,140,122,56,1,0,0.459,12.2,22.8,93,82,99,85,94
2025-W28,2025-07-07,Ngoma,Eastern,390000,136,128,50,1,0,0.391,18.5,22.4,93,82,99,85,91
2025-W29,2025-07-14,Ngoma,Eastern,390000,143,138,51,0,0,0.37,11.7,22.3,93,82,99,85,93
2025-W30,2025-07-21,Ngoma,Eastern,390000,159,145,43,0,0,0.297,17.9,22.4,93,82,99,85,92
2025-W31,2025-07-28,Ngoma,Eastern,390000,162,148,38,0,0,0.257,17.1,22.2,93,82,99,85,95
2025-W32,2025-08-04,Ngoma,Eastern,390000,126,119,30,0,0,0.252,15.8,22.2,93,82,99,85,91
2025-W33,2025-08-11,Ngoma,Eastern,390000,153,143,33,1,0,0.231,24.3,22.2,93,82,99,85,94
2025-W34,2025-08-18,Ngoma,Eastern,390000,173,154,29,1,0,0.188,28.8,21.0,93,82,99,85,94
2025-W35,2025-08-25,Ngoma,Eastern,390000,158,141,28,0,0,0.199,23.4,21.5,93,82,99,85,95
2025-W36,2025-09-01,Ngoma,Eastern,390000,133,119,24,0,0,0.202,52.9,20.9,93,82,99,85,92
2025-W37,2025-09-08,Ngoma,Eastern,390000,149,135,26,0,0,0.193,51.1,21.0,93,82,99,85,91
2025-W38,2025-09-15,Ngoma,Eastern,390000,129,120,21,0,0,0.175,65.1,21.0,93,82,99,85,91
2025-W39,2025-09-22,Ngoma,Eastern,390000,166,154,26,0,0,0.169,55.7,20.6,93,82,99,85,91
2025-W40,2025-09-29,Ngoma,Eastern,390000,138,132,27,0,0,0.205,75.1,20.7,93,82,99,85,92
2025-W41,2025-10-06,Ngoma,Eastern,390000,180,170,29,0,0,0.171,67.7,21.1,93,85,99,85,91
2025-W42,2025-10-13,Ngoma,Eastern,390000,139,127,28,0,0,0.22,70.5,20.1,93,85,99,85,93
2025-W43,2025-10-20,Ngoma,Eastern,390000,150,136,32,0,0,0.235,70.9,20.0,93,85,99,85,91
2025-W44,2025-10-27,Ngoma,Eastern,390000,128,120,37,1,0,0.308,45.0,20.8,93,85,99,85,93
2025-W45,2025-11-03,Ngoma,Eastern,390000,167,147,45,1,0,0.306,73.9,20.0,93,85,99,85,92
2025-W46,2025-11-10,Ngoma,Eastern,390000,137,133,55,1,0,0.414,45.9,20.8,93,85,99,85,94
2025-W47,2025-11-17,Ngoma,Eastern,390000,140,122,54,1,0,0.443,43.1,20.5,93,85,99,85,94
2025-W48,2025-11-24,Ngoma,Eastern,390000,144,136,70,1,0,0.515,23.1,21.0,93,85,99,85,95
2025-W49,2025-12-01,Ngoma,Eastern,390000,148,137,74,1,0,0.54,22.7,20.2,93,85,99,85,95
2025-W50,2025-12-08,Ngoma,Eastern,390000,151,135,71,1,0,0.526,28.0,21.2,93,85,99,85,91
2025-W51,2025-12-15,Ngoma,Eastern,390000,134,124,64,1,0,0.516,16.7,20.6,93,85,99,85,95
2025-W52,2025-12-22,Ngoma,Eastern,390000,171,152,76,1,0,0.5,16.8,21.4,93,85,99,85,95
2026-W01,2025-12-29,Ngoma,Eastern,390000,128,121,56,1,0,0.463,15.2,20.6,93,85,99,85,95
2026-W02,2026-01-05,Ngoma,Eastern,390000,117,110,45,1,0,0.409,15.6,21.7,93,85,99,85,95
2026-W03,2026-01-12,Ngoma,Eastern,390000,136,126,40,0,0,0.317,13.9,21.8,93,85,99,85,93
2026-W04,2026-01-19,Ngoma,Eastern,390000,133,121,37,1,0,0.306,17.5,21.2,93,85,99,85,95
2026-W05,2026-01-26,Ngoma,Eastern,390000,153,145,32,1,0,0.221,15.9,21.3,93,85,99,85,91
2026-W06,2026-02-02,Ngoma,Eastern,390000,128,117,28,1,0,0.239,26.6,22.1,93,85,99,85,95
2026-W07,2026-02-09,Ngoma,Eastern,390000,164,148,28,0,0,0.189,26.6,21.7,93,85,99,85,95
2026-W08,2026-02-16,Ngoma,Eastern,390000,150,143,24,0,0,0.168,34.8,21.9,93,85,99,85,95
2026-W09,2026-02-23,Ngoma,Eastern,390000,180,169,25,0,0,0.148,49.5,22.8,93,85,99,85,93
2026-W10,2026-03-02,Ngoma,Eastern,390000,122,112,21,0,0,0.188,42.3,22.5,93,85,99,85,94
2026-W11,2026-03-09,Ngoma,Eastern,390000,135,124,21,0,0,0.169,55.9,23.1,93,85,99,85,95
2026-W12,2026-03-16,Ngoma,Eastern,390000,176,154,25,0,0,0.162,76.1,23.4,93,85,99,85,91
2026-W13,2026-03-23,Ngoma,Eastern,390000,184,166,27,1,0,0.163,68.9,22.9,93,85,99,85,94
2026-W14,2026-03-30,Ngoma,Eastern,390000,162,149,29,0,0,0.195,45.9,22.7,93,85,99,85,95
2026-W15,2026-04-06,Ngoma,Eastern,390000,185,161,31,0,0,0.193,57.4,22.9,93,85,99,85,95
2026-W16,2026-04-13,Ngoma,Eastern,390000,150,143,31,0,0,0.217,56.4,23.1,93,85,99,85,93
2026-W17,2026-04-20,Ngoma,Eastern,390000,169,158,40,1,0,0.253,88.7,24.0,93,85,99,85,95
2026-W18,2026-04-27,Ngoma,Eastern,390000,144,129,42,1,0,0.326,65.9,23.9,93,85,99,85,93
2026-W19,2026-05-04,Ngoma,Eastern,390000,153,133,47,1,0,0.353,63.9,24.2,93,85,99,85,95
2026-W20,2026-05-11,Ngoma,Eastern,390000,137,124,50,1,0,0.403,47.5,24.1,93,85,99,85,95
2026-W21,2026-05-18,Ngoma,Eastern,390000,139,121,51,1,0,0.421,47.4,23.2,93,85,99,85,93
2026-W22,2026-05-25,Ngoma,Eastern,390000,120,113,57,1,0,0.504,44.7,22.9,93,85,99,85,91
2026-W23,2026-06-01,Ngoma,Eastern,390000,133,128,67,1,0,0.523,30.0,23.6,93,85,99,85,92
2026-W24,2026-06-08,Ngoma,Eastern,390000,126,116,63,1,0,0.543,16.3,22.8,93,85,99,85,95
2026-W25,2026-06-15,Ngoma,Eastern,390000,132,121,61,1,0,0.504,24.2,23.5,93,85,99,85,94
2026-W26,2026-06-22,Ngoma,Eastern,390000,130,122,63,1,0,0.516,19.5,23.2,93,82,99,85,94
2026-W27,2026-06-29,Ngoma,Eastern,390000,123,116,51,1,0,0.44,18.6,23.4,93,82,99,85,92
2026-W28,2026-07-06,Ngoma,Eastern,390000,138,122,52,1,0,0.426,19.2,22.7,93,82,99,85,92
2026-W29,2026-07-13,Ngoma,Eastern,390000,125,120,44,0,0,0.367,19.7,23.0,93,82,99,85,92
2026-W30,2026-07-20,Ngoma,Eastern,390000,134,117,38,1,0,0.325,16.3,22.2,93,82,99,85,94
2026-W31,2026-07-27,Ngoma,Eastern,390000,151,139,35,0,0,0.252,14.5,22.1,93,82,99,85,95
2026-W32,2026-08-03,Ngoma,Eastern,390000,136,123,28,0,0,0.228,14.2,21.6,93,82,99,85,91
2026-W33,2026-08-10,Ngoma,Eastern,390000,162,156,28,0,0,0.179,32.8,21.9,93,82,99,85,94
2026-W34,2026-08-17,Ngoma,Eastern,390000,148,139,25,0,0,0.18,25.4,21.3,93,82,99,85,93
2026-W35,2026-08-24,Ngoma,Eastern,390000,172,158,24,0,0,0.152,33.0,21.1,93,82,99,85,95
2026-W36,2026-08-31,Ngoma,Eastern,390000,174,160,25,0,0,0.156,35.3,21.2,93,82,99,85,95
2026-W37,2026-09-07,Ngoma,Eastern,390000,153,135,22,0,0,0.163,32.2,20.6,93,82,99,85,93
2026-W38,2026-09-14,Ngoma,Eastern,390000,150,143,23,0,0,0.161,59.0,20.7,93,82,99,85,93
2026-W39,2026-09-21,Ngoma,Eastern,390000,144,125,22,0,0,0.176,57.7,21.0,93,82,99,85,93
2026-W40,2026-09-28,Ngoma,Eastern,390000,117,107,22,0,0,0.206,72.4,20.9,93,82,99,85,95
